TimeStep,"Coastal dolphins","Offshore dolphins","Baleen whales",Seabird,"Sea turtle","Blacktip shark","Dusky shark","Sandbar shark","Large coastal sharks","Large oceanic sharks","Atlantic sharpnose shark","Small coastal sharks","Yellowfin tuna","Bluefin tuna","Other tunas",Billfish,Swordfish,"Pelagic coastal piscivores",Amberjack,Cobia,"King mackerel (0-1yr)","King mackerel (1+yr)","Spanish mackerel (0-1yr)","Spanish mackerel (1+yr)",Skates-rays,"Gag grouper (0-3yr)","Gag grouper (3+yr)","Red grouper (0-3yr)","Red grouper (3+yr)","Yellowedge grouper (0-3yr)","Yellowedge grouper (3+yr)","Goliath grouper","Deep-water grouper","Shallow-water grouper","Red snapper (0yr)","Red snapper (1-2yr)","Red snapper (3+yr)","Vermilion snapper","Mutton snapper","Other snapper","Inshore coastal piscivores","Sea trout","Oceanic piscivores","Benthic piscivores","Reef piscivores","Reef invertebrate feeders","Demersal coastal invertebrate feeders","Red drum","Benthic coastal invertebrate feeders",Tilefish,"Gray triggerfish","Coastal omnivores","Reef omnivores","Surface pelagics","Large oceanic planktivores","Oceanic planktivores",Sardine-herring-scad,"Menhaden (0yr)","Menhaden (1yr)","Menhaden (2yr)","Menhaden (3yr)","Menhaden (4yr)",Anchovy-silverside-killifish,Mullet,Butterfish,Cephalopod,"Pink shrimp","Brown shrimp","White shrimp",Crab,"Sessile epifauna","Mobile epifauna",Zooplankton,Infauna,Algae,Seagrass,Phytoplankton,Detritus
1,0.01943519,0.03116986,0.02591845,0.01254472,0.01286041,0.04936752,0.006299526,0.002037822,0.03210043,0.02175846,0.01705255,0.001502132,0.01629938,0.002608613,0.05550643,0.001362323,0.01823222,0.01526722,0.01999299,0.006565683,2.425753E-05,0.04264101,1.155473E-05,0.001976746,0.03201357,0.0007607489,0.004811473,0.0004442412,0.003269054,3.311413E-05,0.01175104,6.732392E-05,0.003833783,0.008171942,0.0001804957,0.002347279,0.008049379,0.06542678,0.004012331,0.007439322,0.02620595,0.03816145,0.0599215,0.02075255,0.01957047,0.08355989,0.3770678,0.02636961,0.3773144,0.004089694,0.03246042,0.1125735,0.04162941,0.1447116,0.02460513,0.1133709,0.4407977,0.01668896,0.04097134,0.01312884,0.002973164,0.000615894,0.1491786,0.103592,0.1501084,1.981466,0.05478054,0.04309437,0.2969411,0.1441934,8.354944,10.0339,19.69879,17.28348,31.79026,9.679359,25.21121,57.69677
2,0.0194493,0.03126157,0.02594705,0.012537,0.01286253,0.04898427,0.006293646,0.002041667,0.03208588,0.02173874,0.01689197,0.001502216,0.01638552,0.00264242,0.05614076,0.001363479,0.01828446,0.01544963,0.01993456,0.006492997,2.243504E-05,0.04242058,1.155964E-05,0.002003652,0.03204374,0.0007317261,0.004771652,0.0004317402,0.003197764,3.199047E-05,0.01166522,6.61615E-05,0.003830299,0.008032616,0.0001481435,0.002278855,0.008016514,0.06526823,0.003950113,0.007274846,0.02689883,0.03888836,0.06051813,0.02078881,0.01919899,0.08283756,0.377109,0.02683081,0.3839322,0.004079447,0.03245899,0.1100117,0.04021199,0.1433699,0.0246303,0.1125435,0.4506283,0.01515823,0.04224874,0.01371312,0.002975995,0.0007008431,0.1557637,0.1046879,0.1514736,1.969051,0.04779787,0.04249913,0.3015105,0.1416576,8.552154,10.00958,19.35216,17.06643,31.44749,9.176323,24.88422,56.21037
3,0.01945332,0.03134156,0.02597418,0.01252763,0.01286475,0.04872904,0.006287539,0.002047228,0.03206586,0.02171826,0.01680411,0.001501547,0.01646685,0.002676582,0.05677849,0.001364396,0.01833582,0.01571446,0.01987984,0.006459417,2.017503E-05,0.04131421,1.117355E-05,0.00199402,0.03209187,0.0007198601,0.004746458,0.0004307475,0.003156931,3.105031E-05,0.01161322,6.572446E-05,0.003827753,0.007914208,0.0001424676,0.002310423,0.00801666,0.06513131,0.003883212,0.007109774,0.02745089,0.0394965,0.06109674,0.0208504,0.01882976,0.08263474,0.3801481,0.02720251,0.3896519,0.004071141,0.03246868,0.1085979,0.03871532,0.1430359,0.02465473,0.1117188,0.464163,0.01328052,0.04253016,0.01396574,0.002936419,0.00079046,0.1645409,0.106558,0.1528606,1.941543,0.04163355,0.04189075,0.3040666,0.1406724,8.671437,9.983172,19.00105,16.77241,31.6834,9.223121,25.21837,55.2515
4,0.01945073,0.03141078,0.02600024,0.01251688,0.01286709,0.04855761,0.006280194,0.002052774,0.03203843,0.02169736,0.01679813,0.001499856,0.01654177,0.002711143,0.0574163,0.001365192,0.01838617,0.0159936,0.0198303,0.006453071,1.793684E-05,0.04003043,1.039308E-05,0.001966715,0.03213632,0.0007273086,0.004744762,0.0004386213,0.003177165,3.084793E-05,0.01158387,6.637486E-05,0.003825174,0.007884785,0.0001837416,0.002488417,0.008035007,0.06507361,0.003835858,0.007010808,0.02784705,0.04001054,0.06164179,0.0209177,0.01874255,0.0845753,0.3844773,0.02747764,0.3933566,0.00406394,0.03247311,0.1084993,0.03762124,0.1432114,0.02467976,0.110939,0.4784161,0.01165877,0.04098397,0.01362307,0.002844834,0.0008725999,0.1735352,0.1086524,0.1541372,1.90579,0.03888432,0.04123546,0.3056788,0.1399323,8.768573,9.94842,18.80089,16.52583,32.33344,9.760969,25.95424,55.5639
5,0.01944661,0.03147516,0.02602553,0.01250557,0.01286986,0.04840499,0.006271126,0.002057509,0.03200819,0.02167634,0.01681892,0.00149819,0.01662024,0.00274658,0.05806971,0.001365421,0.01843479,0.01625309,0.01978927,0.006451663,1.623544E-05,0.03953428,9.960249E-06,0.001913007,0.03217638,0.0007403465,0.004753633,0.0004465493,0.003207497,3.120624E-05,0.01155858,6.744908E-05,0.003822054,0.007920384,0.0002165316,0.002624171,0.00805518,0.06507507,0.003817127,0.006995849,0.02792276,0.0403134,0.06201465,0.0209848,0.01886919,0.08708869,0.3882779,0.02747911,0.3949583,0.004058146,0.03247603,0.1087388,0.03740611,0.1432913,0.02470803,0.1105057,0.4908136,0.01055165,0.03949386,0.0132387,0.002748282,0.0009436612,0.1816799,0.110755,0.1552566,1.87585,0.03904539,0.04087165,0.309033,0.139223,8.836373,9.928728,18.84577,16.41857,32.82307,10.50654,26.41378,56.94042
6,0.01944602,0.03154023,0.02605014,0.0125011,0.01287454,0.04830701,0.006261,0.002061751,0.03198776,0.02165783,0.01686363,0.00149878,0.01672968,0.002783813,0.05878462,0.001365859,0.01848062,0.01593468,0.01979392,0.006462628,1.491166E-05,0.0398638,8.560735E-06,0.001798855,0.0322143,0.0007585931,0.004798545,0.0004561251,0.00325238,3.194851E-05,0.01157793,6.858078E-05,0.003820348,0.007987063,0.0002230941,0.002676372,0.008103884,0.06513001,0.003822689,0.007048219,0.02707388,0.03970566,0.06185075,0.02106257,0.01906548,0.08678518,0.3887449,0.02679755,0.3929891,0.004053885,0.03248793,0.1092406,0.03794184,0.1440489,0.02474748,0.110945,0.4800274,0.01011676,0.03775442,0.01273579,0.002655346,0.0009937771,0.1727222,0.1081956,0.1556517,1.882802,0.04123146,0.04117954,0.3103478,0.1399274,8.745162,9.984613,19.16519,16.50513,33.07213,11.3332,26.64318,58.21329
7,0.01944884,0.03161407,0.02607477,0.01249964,0.01288154,0.04823095,0.006243793,0.002063571,0.03197712,0.02164086,0.01687595,0.001500816,0.0168501,0.002822918,0.05953965,0.00136429,0.01850058,0.0153284,0.01981241,0.006475138,1.358752E-05,0.03969545,6.829804E-06,0.001688984,0.03222123,0.0007731827,0.004838638,0.000459784,0.003283474,3.250683E-05,0.0115482,6.948248E-05,0.00381941,0.008049024,0.0002130324,0.002651873,0.008126176,0.0651979,0.003841645,0.007132952,0.02595033,0.03862189,0.06159813,0.02112743,0.01917849,0.08432236,0.3869862,0.02586506,0.3890081,0.004050223,0.03248749,0.1097515,0.03887536,0.1438746,0.02480186,0.1118137,0.4619173,0.01041858,0.0365435,0.01209863,0.002560256,0.001015939,0.1579347,0.1038313,0.1532279,1.913222,0.04447881,0.04163711,0.3062227,0.1412477,8.551853,10.02148,19.56874,16.72973,33.22922,12.16908,26.73663,59.08024
8,0.01945495,0.03169923,0.02609961,0.01249983,0.01289054,0.04816098,0.006219512,0.002062928,0.03197476,0.02162598,0.01684832,0.001503804,0.01697496,0.002862242,0.06032402,0.001361001,0.01849352,0.01466809,0.01982479,0.00648379,1.311644E-05,0.03960793,5.807887E-06,0.001569813,0.03217551,0.0007819812,0.004867248,0.0004575851,0.003295304,3.28803E-05,0.01149224,7.000806E-05,0.003818555,0.008087138,0.0001909986,0.002528877,0.0080993,0.06525839,0.003868065,0.00722902,0.02478751,0.03727728,0.06136421,0.02115257,0.01920028,0.08123491,0.383002,0.0248721,0.383369,0.004046804,0.0324581,0.1102828,0.03999002,0.1426912,0.02486849,0.1129164,0.4426627,0.0115068,0.03441904,0.01115706,0.002453667,0.001008058,0.142376,0.09901077,0.1489653,1.961201,0.04840018,0.04189426,0.2953622,0.142729,8.275514,9.946092,19.9343,17.05249,33.36902,12.76995,26.78321,59.67536
9,0.01945908,0.03177975,0.02612486,0.01250063,0.01289866,0.04814184,0.006202946,0.002065591,0.03196632,0.0216129,0.01688654,0.001505843,0.01710023,0.002902467,0.06110637,0.001360751,0.01850936,0.01401751,0.01981956,0.006515787,1.403903E-05,0.03952729,5.557341E-06,0.001475422,0.03204573,0.0007833564,0.004881924,0.0004538047,0.003285799,3.307622E-05,0.01150142,6.992153E-05,0.003815146,0.008100539,0.0001540465,0.002278093,0.007940259,0.06528823,0.003900688,0.00733704,0.02364028,0.03579563,0.06102874,0.02106297,0.01934606,0.07814346,0.3759287,0.02390365,0.375549,0.004042171,0.03243912,0.1116325,0.04118929,0.1431258,0.02492319,0.1138705,0.4231252,0.01329269,0.03071132,0.009872907,0.002356294,0.000985475,0.1274437,0.09424327,0.1462012,2.01671,0.05311309,0.04263463,0.27515,0.1454226,7.893917,9.748714,20.19767,17.4102,33.56587,12.95483,26.92312,60.09829
10,0.01945763,0.03185445,0.02615119,0.01249613,0.01290321,0.04811182,0.006194719,0.002071398,0.03194702,0.02160118,0.01696329,0.001506262,0.01721749,0.002942508,0.06186707,0.001362965,0.01855362,0.01389221,0.01978127,0.006555548,1.685381E-05,0.03910423,7.490817E-06,0.001520249,0.03200229,0.0007916262,0.004884237,0.0004555976,0.003302912,3.288974E-05,0.01151308,7.026133E-05,0.003806678,0.008151653,0.0001580654,0.002025489,0.007841947,0.06530741,0.003933924,0.007441401,0.02348267,0.03546033,0.06060055,0.02088267,0.01960091,0.07851429,0.372251,0.02366012,0.3705092,0.004035717,0.03245933,0.1131471,0.04229355,0.144695,0.02496306,0.1145701,0.4144541,0.01509465,0.03404284,0.009752951,0.002364261,0.001001062,0.1257594,0.09457242,0.1465772,2.034492,0.05790204,0.04345945,0.2724913,0.1475514,7.759415,9.771049,20.27384,17.56044,33.47142,12.59139,26.80577,60.33344
11,0.01945363,0.03192714,0.02617886,0.0124886,0.01290521,0.04806136,0.006189165,0.00207822,0.03191932,0.02158735,0.01704174,0.001504308,0.0173048,0.002981524,0.06257383,0.001365373,0.01860619,0.01407429,0.01971477,0.006592334,2.040121E-05,0.0387338,9.184915E-06,0.001750325,0.03201257,0.0007966629,0.004878541,0.0004538397,0.003324713,3.287223E-05,0.01153994,7.109698E-05,0.003793924,0.008215557,0.0002027945,0.00219496,0.007861538,0.06536079,0.003963955,0.007521313,0.02393704,0.03588183,0.06071634,0.02082945,0.01982605,0.08083555,0.3755605,0.02389539,0.3718814,0.004029777,0.03248587,0.1143524,0.04304273,0.1459535,0.0249912,0.1143929,0.4209401,0.01649744,0.0390742,0.01032829,0.00239916,0.001028826,0.1321419,0.09699494,0.1477998,2.018146,0.06124493,0.04382053,0.2803213,0.1483554,7.910959,9.878813,20.1773,17.54421,33.11372,11.72983,26.44984,60.06081
12,0.01945406,0.03200039,0.02620675,0.01248098,0.01290659,0.04792888,0.006183811,0.002067157,0.03189274,0.02157203,0.01700683,0.001501946,0.01737801,0.003020181,0.06325478,0.001367929,0.01866039,0.01433603,0.01972612,0.006606593,2.451019E-05,0.03912617,1.047503E-05,0.001840494,0.03204841,0.0007933558,0.004876548,0.0004488558,0.003327413,3.283627E-05,0.01105517,6.647472E-05,0.003783218,0.008211366,0.0002078659,0.002352795,0.007865785,0.06537417,0.003979104,0.007514785,0.02461081,0.03657956,0.06114015,0.02083803,0.01980655,0.08278239,0.3791869,0.02431082,0.3766064,0.004007545,0.03216683,0.1142491,0.04300797,0.1465185,0.02501374,0.1137207,0.4320136,0.01704935,0.04457046,0.01170767,0.002465844,0.001064655,0.1407988,0.09947692,0.1490739,1.99575,0.06024287,0.04369706,0.2905413,0.1477322,8.140114,9.992293,19.97901,17.43832,32.41155,10.57461,25.79014,59.2087
13,0.01946615,0.03208371,0.02623387,0.01247442,0.01290855,0.04762857,0.006178161,0.002049256,0.03187616,0.02155541,0.0168451,0.001501115,0.01745305,0.003059134,0.06393622,0.00137045,0.01871295,0.01453177,0.01976824,0.006566562,2.789252E-05,0.03915676,1.15075E-05,0.001947603,0.03207717,0.000768276,0.004853567,0.0004355492,0.003273505,3.254895E-05,0.01091643,6.010323E-05,0.003777639,0.008115394,0.000177994,0.002341164,0.007840416,0.06528749,0.003954295,0.007406336,0.02530723,0.03731513,0.06168681,0.02086801,0.01954443,0.08310645,0.3803115,0.02479115,0.3825243,0.00397959,0.03175524,0.1123937,0.04205093,0.1456779,0.02503423,0.1128984,0.442008,0.0167934,0.04876635,0.01342335,0.002539479,0.001102387,0.1472978,0.1006635,0.1502733,1.982964,0.05501755,0.04300222,0.2971436,0.1453636,8.38055,10.02607,19.68926,17.29125,31.79158,9.662802,25.21151,57.69295
14,0.01948147,0.03217136,0.02625966,0.01246758,0.01291114,0.04727171,0.006172573,0.002029316,0.03186546,0.02153769,0.01662846,0.001501383,0.01753244,0.003098547,0.06462584,0.001372798,0.01876368,0.01471946,0.01982693,0.006509302,3.097067E-05,0.03913518,1.218578E-05,0.002038179,0.03210648,0.0007387784,0.00481779,0.0004215186,0.003197843,3.147661E-05,0.01072829,5.372262E-05,0.003774988,0.00797703,0.0001461551,0.002277494,0.007804854,0.06509039,0.003897269,0.007242675,0.02600142,0.03804701,0.06227161,0.02090295,0.01917345,0.08239055,0.3802629,0.02525822,0.3889875,0.003950067,0.03132463,0.1098409,0.04060537,0.1442538,0.02505405,0.1120419,0.4517039,0.01593719,0.05193433,0.01534378,0.002624617,0.001136748,0.1538403,0.1017871,0.151448,1.970356,0.04799475,0.04223307,0.3019991,0.1426731,8.578087,10.00141,19.33946,17.07414,31.44831,9.160865,24.88392,56.20614
15,0.01948672,0.03224696,0.02628396,0.01245909,0.01291383,0.04704101,0.006166648,0.002009495,0.03184935,0.02151922,0.01648067,0.0015009,0.01760541,0.003138354,0.06531676,0.001374881,0.01881345,0.01498562,0.01989598,0.006491574,3.393048E-05,0.039038,1.245709E-05,0.002097816,0.03215353,0.0007266717,0.004796722,0.000418908,0.003154639,3.058341E-05,0.01058099,4.841795E-05,0.003773239,0.007859546,0.0001407378,0.002314036,0.007802415,0.0649109,0.003835614,0.007078298,0.02655802,0.0386616,0.06283729,0.02096214,0.01880353,0.08218563,0.3832138,0.02563919,0.3944837,0.003921154,0.03088951,0.108435,0.03907445,0.1438055,0.02507337,0.1111897,0.4649984,0.01474704,0.05444467,0.01729935,0.002722651,0.001164554,0.1625349,0.1036643,0.1525279,1.942504,0.04179169,0.041467,0.3048216,0.1415332,8.69756,9.974513,18.98498,16.77987,31.68378,9.208449,25.21778,55.24641
16,0.01948539,0.03231154,0.02630723,0.01244915,0.01291672,0.04689199,0.00615941,0.001989447,0.03182575,0.02150028,0.01641424,0.001499378,0.01767019,0.003178604,0.06600469,0.00137683,0.0188621,0.01526501,0.01997013,0.006500716,3.528173E-05,0.03913687,1.233032E-05,0.002131393,0.03219648,0.0007341945,0.004799757,0.0004252073,0.003175677,3.041027E-05,0.01046217,4.465565E-05,0.003771394,0.007831006,0.0001818399,0.002497993,0.007818467,0.06480867,0.00379322,0.006980004,0.02696219,0.03918298,0.06336617,0.02102557,0.01871569,0.08411078,0.3874549,0.02592731,0.3979005,0.003893184,0.03045969,0.1083443,0.03794499,0.1438494,0.0250934,0.110387,0.4789173,0.01361969,0.05547497,0.0190226,0.002817546,0.00118135,0.1714228,0.10576,0.1533539,1.906365,0.0390146,0.04067695,0.3066666,0.1406427,8.794735,9.939301,18.78256,16.53293,32.33357,9.746654,25.95412,55.55826
17,0.01948258,0.03237119,0.02632579,0.01243856,0.01292012,0.04676059,0.006150414,0.001968783,0.03179917,0.02148119,0.01637547,0.001497878,0.01773936,0.003219882,0.06671019,0.001378183,0.01890894,0.01552551,0.0200507,0.006514122,3.457946E-05,0.03948634,1.18142E-05,0.002111421,0.03223457,0.0007473735,0.004813459,0.0004316242,0.003207065,3.078422E-05,0.01034947,4.17555E-05,0.003768945,0.007867539,0.0002143532,0.002638431,0.007836586,0.06476571,0.003779131,0.006965685,0.02705314,0.03949646,0.06371894,0.0210878,0.01884226,0.0866058,0.3911614,0.02595256,0.3991746,0.003866888,0.03004639,0.1085904,0.03770047,0.1438087,0.02511683,0.1099405,0.4909452,0.01270629,0.05615522,0.02086852,0.002929124,0.001192522,0.1794524,0.1078661,0.1539848,1.876075,0.03916063,0.04019806,0.3102279,0.1397899,8.862416,9.919218,18.82606,16.42532,32.82298,10.49252,26.41439,56.93518
18,0.01948315,0.0324314,0.02634283,0.01243468,0.01292543,0.04668271,0.006140329,0.00194796,0.03178224,0.02146469,0.01636177,0.001498636,0.01784296,0.0032633,0.06748824,0.001379686,0.01895279,0.0152285,0.02017542,0.006539623,3.126833E-05,0.04013951,9.785462E-06,0.001981752,0.0322702,0.0007657116,0.004862874,0.0004398439,0.00325266,3.15383E-05,0.01026331,3.930464E-05,0.003767806,0.007935253,0.000220645,0.002693388,0.007881748,0.06477778,0.003789056,0.00701859,0.0262336,0.03890892,0.06353772,0.02116088,0.01903901,0.08629777,0.3915251,0.02531554,0.3968887,0.003842547,0.02966088,0.1090965,0.03822295,0.1444719,0.0251516,0.1103712,0.4797427,0.01199095,0.05494416,0.02221925,0.003010014,0.001188621,0.1705174,0.1053844,0.1539779,1.882662,0.04134435,0.0403989,0.3117295,0.1403517,8.770797,9.974752,19.14592,16.51156,33.07219,11.31936,26.64494,58.20897
19,0.01948698,0.03250048,0.02635979,0.01243376,0.01293307,0.04662637,0.006123174,0.001925215,0.03177484,0.02144974,0.0163178,0.00150082,0.01796131,0.003308984,0.06831804,0.001379073,0.01897019,0.01464984,0.02031253,0.006566377,2.517422E-05,0.04008171,7.198521E-06,0.001852866,0.03227451,0.0007803348,0.004907425,0.0004426272,0.003283824,3.211313E-05,0.01014358,3.700709E-05,0.003767371,0.00799849,0.0002106065,0.002670742,0.007901226,0.06480505,0.003812198,0.007103784,0.0251427,0.03784857,0.06327121,0.02122107,0.01915327,0.08384322,0.3896616,0.02443367,0.3926245,0.003819295,0.0292823,0.1096117,0.03915368,0.1442468,0.02520179,0.111234,0.4613083,0.01136179,0.05153064,0.02261003,0.003004474,0.001152245,0.1558294,0.1011229,0.1512475,1.912864,0.04459892,0.04076397,0.3077676,0.1415398,8.576775,10.01163,19.55271,16.73597,33.22967,12.15528,26.73979,59.07772
20,0.01949391,0.03258101,0.02638045,0.01243441,0.01294271,0.04657584,0.00609899,0.001900708,0.03177563,0.02143681,0.01623643,0.001503936,0.01808764,0.00335499,0.06918819,0.001376653,0.01895999,0.01401783,0.02044256,0.006588778,1.894306E-05,0.03974416,5.140238E-06,0.001733884,0.03222554,0.0007890601,0.004940476,0.0004400273,0.003294982,3.250885E-05,0.01000904,3.472456E-05,0.003766971,0.008037909,0.0001888449,0.002548565,0.007872547,0.06482698,0.003842714,0.007200213,0.0240122,0.03652819,0.06302597,0.02124159,0.0191771,0.08077331,0.3855743,0.02349193,0.3867149,0.003796779,0.02889426,0.1101477,0.04027117,0.1430553,0.02526467,0.1123327,0.4418399,0.01083568,0.04516357,0.02175948,0.002940109,0.001102098,0.1404025,0.09641065,0.14678,1.960819,0.04853363,0.04094762,0.2970346,0.1429006,8.29956,9.936853,19.924,17.05884,33.37014,12.75603,26.78736,59.67507
21,0.01949896,0.03265664,0.02640272,0.0124356,0.01295141,0.04657506,0.00608248,0.0018801,0.03177021,0.02142567,0.01622193,0.001506111,0.01821586,0.003402038,0.07005557,0.00137736,0.01897327,0.01339564,0.02055285,0.006634152,1.438722E-05,0.03930058,4.210781E-06,0.001708529,0.0320923,0.0007902291,0.004959071,0.0004359242,0.003283292,3.273392E-05,0.009946279,3.228765E-05,0.003764031,0.008052572,0.0001525819,0.002298398,0.007713933,0.06482133,0.003879373,0.007308632,0.02289681,0.03507122,0.06267673,0.02114778,0.01932717,0.07770792,0.3784038,0.02257401,0.3786263,0.003773604,0.02853498,0.1115053,0.04147648,0.143526,0.02531527,0.1132829,0.4221859,0.01032777,0.03832285,0.02015031,0.002803136,0.001046772,0.125616,0.09175111,0.1439367,2.016508,0.05326562,0.0416204,0.2768845,0.1454836,7.916934,9.740551,20.19446,17.41682,33.5676,12.94075,26.92762,60.09993
22,0.01949843,0.03272638,0.0264264,0.01243146,0.01295666,0.04656252,0.006074267,0.001863154,0.03175395,0.02141589,0.01624667,0.001506691,0.01833706,0.003448827,0.07089801,0.001380632,0.01901562,0.01328518,0.02062746,0.006687017,1.100999E-05,0.03840295,4.087964E-06,0.001686962,0.03204555,0.0007984455,0.004965411,0.0004367928,0.003299047,3.258308E-05,0.009895826,3.045013E-05,0.003756097,0.008104882,0.0001574636,0.002047136,0.007616957,0.06480819,0.003916679,0.00741363,0.02275583,0.03474868,0.06223156,0.02096353,0.01958918,0.07810335,0.3746633,0.02236029,0.3733674,0.003749117,0.02822798,0.1130378,0.04258606,0.1451992,0.0253507,0.1139782,0.4135535,0.009434321,0.03750413,0.02067113,0.002942055,0.001054746,0.1240329,0.09211837,0.144297,2.03501,0.05807994,0.04238971,0.2743543,0.1475308,7.781722,9.764293,20.27884,17.56794,33.47413,12.57729,26.81021,60.33615
23,0.01949536,0.03279417,0.02645159,0.01242434,0.01295939,0.04652907,0.006068688,0.001847734,0.03172931,0.02140394,0.016274,0.001504889,0.01842901,0.003494398,0.07168116,0.001384127,0.01906667,0.01347027,0.02067167,0.006736987,8.638723E-06,0.03773012,3.683007E-06,0.001649607,0.03205286,0.0008034615,0.00496371,0.0004344375,0.003319871,3.260746E-05,0.00985576,2.915145E-05,0.003743947,0.008170111,0.0002014916,0.002219623,0.007636802,0.06483275,0.003950835,0.007494446,0.02321404,0.03517565,0.06232854,0.0209071,0.01982451,0.08045783,0.3779511,0.02260729,0.3746228,0.003725718,0.02794137,0.1142744,0.04334699,0.1466462,0.02537408,0.113796,0.4201862,0.008572487,0.03672445,0.02146647,0.003208113,0.001072423,0.1304571,0.09454602,0.1456332,2.019836,0.06146252,0.04272218,0.2823816,0.1482879,7.933325,9.873813,20.1902,17.5528,33.11724,11.71605,26.45322,60.06403
24,0.01949677,0.03286298,0.02647709,0.01241712,0.01296152,0.04641575,0.006063338,0.001836177,0.03170569,0.02139052,0.01624545,0.001502681,0.01850868,0.003539556,0.07243762,0.001387783,0.01911959,0.01373282,0.0204742,0.006706352,6.688156E-06,0.03678566,3.590841E-06,0.001567824,0.03208575,0.0008000027,0.004923071,0.0004291243,0.003321506,3.261464E-05,0.009541394,2.861779E-05,0.003733857,0.008167495,0.0002062642,0.002380539,0.007698631,0.06462983,0.003967252,0.007489291,0.02388732,0.0358779,0.06273865,0.02091381,0.01981836,0.08245713,0.3815681,0.02302767,0.3793622,0.003698174,0.02762351,0.114212,0.04332935,0.1474774,0.02539184,0.1131111,0.4315674,0.007837449,0.03382589,0.02157326,0.003503215,0.001084616,0.1391614,0.09703805,0.1471724,1.998918,0.06050896,0.0429385,0.2924578,0.1478775,8.162851,9.989202,19.99876,17.44782,32.41573,10.56139,25.79187,59.2113
25,0.01950977,0.03294218,0.02650191,0.01241097,0.01296412,0.04613687,0.006057692,0.001824858,0.03169205,0.02137577,0.01611048,0.001502009,0.01859186,0.00358507,0.07319629,0.001391411,0.01917093,0.01393187,0.02021113,0.006605017,4.440438E-06,0.03593597,3.529251E-06,0.001570031,0.03211241,0.000774504,0.004862177,0.0004159915,0.003264153,3.237652E-05,0.009350986,2.779742E-05,0.003728894,0.00807344,0.0001770801,0.002371412,0.007732337,0.06427336,0.003942951,0.007382691,0.02458328,0.03661876,0.06327645,0.02094329,0.01957043,0.08284835,0.382683,0.02351053,0.3853388,0.003669094,0.02731072,0.1124006,0.04239229,0.1469376,0.02540748,0.1122719,0.4419878,0.007115175,0.0271564,0.01964126,0.003577644,0.001035072,0.1457298,0.09825692,0.1487234,1.987557,0.0553283,0.04263901,0.2988083,0.1457919,8.403712,10.02502,19.71935,17.30146,31.7967,9.650292,25.21301,57.69318
26,0.0195259,0.03302634,0.02652539,0.01240463,0.01296722,0.04580228,0.006052158,0.001813693,0.03168438,0.02135995,0.01592731,0.001502457,0.01867957,0.003631128,0.07396406,0.001394879,0.01922057,0.01412438,0.01994187,0.006484395,3.175868E-06,0.03478488,3.713375E-06,0.001552315,0.03214057,0.0007446206,0.004790165,0.0004024496,0.003184853,3.135576E-05,0.009121275,2.676324E-05,0.003726891,0.007937199,0.0001459405,0.002310559,0.007753582,0.06379761,0.003886305,0.007221095,0.0252775,0.03735531,0.06385442,0.0209793,0.0192129,0.08220611,0.3826286,0.02398018,0.3918906,0.003639895,0.02700573,0.109892,0.04096809,0.1458189,0.02542249,0.1113979,0.4521901,0.006373134,0.02191235,0.01750617,0.003624563,0.0009861087,0.1523541,0.09941749,0.1502822,1.976253,0.04833519,0.04222707,0.3033945,0.1433885,8.60163,10.00235,19.37992,17.08463,31.45414,9.149162,24.88482,56.20642
27,0.01953201,0.03309879,0.02654361,0.01239661,0.01297049,0.04559221,0.006046321,0.001803212,0.03167143,0.02134343,0.01581338,0.001502195,0.01876144,0.003677667,0.0747348,0.001398123,0.01926935,0.01439346,0.01968439,0.006405487,3.907739E-06,0.03335854,3.944579E-06,0.001492328,0.03218842,0.0007323602,0.004735377,0.0003999481,0.003139378,3.051174E-05,0.00893334,2.602869E-05,0.003725852,0.007822094,0.0001408487,0.002350898,0.007805808,0.06334516,0.003825103,0.007058994,0.02583797,0.03797792,0.06441458,0.02104156,0.01885744,0.08208434,0.385599,0.02436666,0.3975229,0.003611811,0.02670115,0.1085327,0.03946382,0.1456971,0.02543729,0.1105293,0.4661007,0.005619246,0.02034359,0.01682262,0.003917194,0.001004189,0.161141,0.1013202,0.151844,1.949681,0.04216016,0.04176566,0.3059699,0.142525,8.721302,9.977184,19.03006,16.79027,31.68952,9.197291,25.21634,55.2473
28,0.01953161,0.03316043,0.02656003,0.01238728,0.01297397,0.04546281,0.006039215,0.001792543,0.03165124,0.02132645,0.01577887,0.001500967,0.01883554,0.003724756,0.07550427,0.001401276,0.0193171,0.01467608,0.01944097,0.006356291,5.268347E-06,0.03165751,4.218018E-06,0.00143194,0.0322342,0.0007400137,0.004706928,0.0004060115,0.003159947,3.038649E-05,0.008775921,2.599348E-05,0.003724792,0.007795984,0.0001814817,0.002539798,0.007874857,0.06298003,0.003783261,0.006963054,0.02625008,0.03850998,0.06493906,0.0211102,0.01878434,0.08408981,0.3898739,0.02466352,0.4010718,0.003584909,0.02639864,0.1084886,0.03836528,0.1460586,0.02545285,0.1097144,0.4807089,0.005144711,0.02108017,0.01752649,0.004329724,0.00103206,0.1701309,0.1034403,0.1532744,1.914623,0.03941087,0.04122909,0.3075946,0.1418917,8.818431,9.943267,18.82552,16.54273,32.33872,9.735737,25.94974,55.55706
29,0.01952978,0.03321747,0.02657562,0.01237739,0.01297791,0.04535083,0.006030405,0.00178114,0.03162822,0.02130937,0.01577084,0.001499842,0.01891399,0.003773104,0.07629471,0.001403824,0.01936306,0.01494121,0.01921447,0.00631395,6.778303E-06,0.03264707,4.637586E-06,0.001377042,0.03227728,0.0007534707,0.004690688,0.000412299,0.003191081,3.080742E-05,0.00862669,2.621728E-05,0.003723202,0.007834983,0.0002132927,0.002684272,0.007944416,0.06268322,0.003769778,0.006951016,0.02635545,0.03883864,0.06528632,0.02117915,0.01892485,0.08665939,0.3936068,0.024707,0.4024297,0.003559695,0.02610584,0.1087762,0.03815174,0.1462894,0.02547205,0.1092637,0.4933723,0.004860894,0.02431023,0.01913748,0.004946312,0.001082532,0.1782515,0.1055728,0.1545241,1.885063,0.03957707,0.04096095,0.3109567,0.1412677,8.885869,9.923926,18.86252,16.43412,32.82719,10.48179,26.40731,56.92958
30,0.01953152,0.03327538,0.02659064,0.0123743,0.01298376,0.0452926,0.006020545,0.001769444,0.03161508,0.02129491,0.01578746,0.001501056,0.01902777,0.003824024,0.07716717,0.001406474,0.01940596,0.01466594,0.01904097,0.006285783,8.269893E-06,0.03312121,4.490314E-06,0.001260468,0.03231958,0.0007721346,0.004710938,0.000420604,0.003236468,3.160477E-05,0.008502589,2.64563E-05,0.003722956,0.007905257,0.0002189778,0.002741867,0.008039448,0.06244843,0.003780324,0.007006112,0.02556207,0.03827493,0.06510259,0.02125927,0.0191339,0.08640789,0.393977,0.02410628,0.4001945,0.003536369,0.02583241,0.1093133,0.0386943,0.1471499,0.02550261,0.1096923,0.4826937,0.004821586,0.02603452,0.02013228,0.005474552,0.001119245,0.1694683,0.1031719,0.1550252,1.892036,0.04176825,0.04134586,0.3122625,0.1420383,8.793591,9.979705,19.17416,16.51894,33.07537,11.30875,26.63667,58.19867
31,0.01953663,0.03334232,0.02660583,0.01237425,0.01299189,0.0452565,0.006003707,0.001755684,0.03161154,0.02128197,0.01577391,0.001503737,0.0191569,0.003877672,0.07810099,0.00140688,0.01942177,0.01411332,0.01888761,0.00626109,8.677235E-06,0.03286565,3.441193E-06,0.00116852,0.03233204,0.0007870184,0.004727362,0.0004238151,0.003267134,3.221509E-05,0.008354375,2.652551E-05,0.003723454,0.007970988,0.0002087822,0.002720868,0.008107568,0.06223527,0.003804071,0.007093384,0.02449922,0.03724153,0.06483767,0.02132663,0.0192578,0.08399133,0.392096,0.02326614,0.3959202,0.00351407,0.02555883,0.1098491,0.03963654,0.147033,0.02554901,0.1105542,0.4646145,0.004879139,0.02300586,0.01857435,0.00541826,0.001083037,0.1549178,0.09900432,0.1526864,1.922252,0.04501735,0.04186657,0.3081069,0.143414,8.598577,10.01672,19.57693,16.74189,33.23273,12.14464,26.733,59.06388
32,0.01954486,0.0334211,0.02662135,0.01237585,0.01300201,0.04522708,0.005979861,0.00173995,0.03161608,0.0212711,0.01572276,0.001507382,0.01929396,0.00393174,0.07908224,0.001405383,0.0194094,0.0135064,0.01873356,0.00623448,9.542744E-06,0.03260891,2.880636E-06,0.00107313,0.03229238,0.0007958662,0.004733318,0.0004219721,0.0032773,3.263755E-05,0.008198318,2.634112E-05,0.00372402,0.008012646,0.0001872626,0.00259885,0.008125557,0.062023,0.003835175,0.007191705,0.02339581,0.03594827,0.06459703,0.02135416,0.01928824,0.08094089,0.3879652,0.0223666,0.389924,0.003492435,0.02527042,0.1103977,0.04075818,0.1458638,0.02560844,0.1116532,0.4453198,0.005009885,0.02024319,0.01675147,0.005211894,0.001019253,0.1395808,0.0943834,0.1484828,1.96984,0.04893572,0.04217376,0.2971866,0.1449391,8.320196,9.941704,19.94357,17.0634,33.3727,12.74529,26.78124,59.66231
33,0.01955125,0.03349505,0.02664062,0.01237802,0.01301117,0.04524717,0.005963689,0.001727746,0.03161497,0.021262,0.01573699,0.001510158,0.0194292,0.003986996,0.0800532,0.001407151,0.01942104,0.01290797,0.01856837,0.006232882,1.505994E-05,0.03260371,5.402003E-06,0.00106251,0.03217012,0.0007969502,0.004725732,0.0004185943,0.003263464,3.287572E-05,0.00810717,2.575657E-05,0.003722047,0.008028973,0.0001515215,0.002346547,0.008009114,0.06178761,0.003872378,0.007301789,0.02230636,0.03451725,0.06424975,0.02126673,0.01944217,0.07787838,0.3807096,0.02149027,0.3815941,0.003470089,0.02500409,0.1117631,0.041961,0.1462808,0.02565346,0.1126032,0.4256613,0.005128348,0.0238133,0.01843114,0.005743369,0.001087269,0.1248381,0.08980975,0.1457413,2.024724,0.05364246,0.04295621,0.2768534,0.1476716,7.936428,9.744238,20.19802,17.42001,33.56818,12.92985,26.91903,60.08938
34,0.01955212,0.03356286,0.02666201,0.01237492,0.01301544,0.04525562,0.005955788,0.00171882,0.03160517,0.02125427,0.01578876,0.0015114,0.01955205,0.004041824,0.08098602,0.001411616,0.01946251,0.01281004,0.01837583,0.006239819,2.193909E-05,0.03223993,9.215801E-06,0.001311521,0.03213641,0.0008052659,0.004707262,0.0004196571,0.00327733,3.271992E-05,0.008030856,2.551822E-05,0.003715059,0.008082726,0.0001569199,0.002092687,0.007951911,0.0615491,0.003910176,0.007408156,0.02217755,0.03420716,0.06380054,0.02108782,0.01970621,0.07825459,0.3768501,0.02130053,0.3758239,0.003446338,0.02477977,0.1132958,0.04305376,0.1478043,0.02568407,0.113298,0.4167157,0.00483655,0.03168106,0.02329231,0.007063393,0.001237659,0.1231891,0.09019594,0.1460815,2.041932,0.05841073,0.04381386,0.274127,0.1498359,7.800414,9.766193,20.26122,17.56952,33.47246,12.56637,26.80029,60.32188
35,0.0195504,0.03362858,0.02668507,0.01236875,0.01301748,0.04524305,0.005950509,0.00171109,0.03158536,0.02124423,0.01584196,0.001510283,0.01963881,0.004095114,0.08184287,0.001416369,0.01951297,0.01299894,0.01816126,0.006244889,2.836447E-05,0.03261441,1.216444E-05,0.001498032,0.03215821,0.0008102295,0.004681702,0.0004174422,0.003296082,3.273532E-05,0.00796254,2.561734E-05,0.00370384,0.008149051,0.0002014352,0.00226615,0.008011995,0.0613514,0.003944683,0.007489849,0.0226385,0.03463687,0.06388556,0.02103584,0.01994025,0.08058073,0.3800055,0.02155707,0.3764274,0.003423603,0.02456747,0.1145227,0.04377778,0.1489988,0.02570293,0.1131159,0.4229366,0.004182473,0.0379216,0.02826969,0.008649189,0.001446139,0.1294838,0.09260748,0.1472106,2.024848,0.06172527,0.04419727,0.2819417,0.1506659,7.951582,9.873476,20.15325,17.55258,33.11383,11.70533,26.44448,60.04555
36,0.01955299,0.03369492,0.02670855,0.01236245,0.01301914,0.04516155,0.005944784,0.001690716,0.03156596,0.02123272,0.01583689,0.001508742,0.0197091,0.00414783,0.08266324,0.00142131,0.01956531,0.01326345,0.01805864,0.006233127,2.854804E-05,0.03222908,1.466435E-05,0.001723784,0.0322062,0.0008065282,0.004637402,0.0004124231,0.003289519,3.271843E-05,0.007924688,2.66016E-05,0.003694662,0.008147803,0.0002067335,0.002419607,0.007967374,0.0612805,0.00395578,0.007485638,0.02331073,0.03533904,0.0642825,0.02104602,0.01993123,0.08254768,0.3835034,0.02198151,0.3806516,0.003404279,0.02451119,0.1144474,0.04370796,0.1495665,0.02571609,0.1124233,0.4339026,0.003431258,0.03832445,0.03060759,0.009973231,0.001696426,0.1380485,0.09508279,0.1483748,2.002166,0.0607193,0.04431636,0.2914258,0.150307,8.180839,9.986666,19.95238,17.44625,32.41196,10.5511,25.78724,59.19135
37,0.01956692,0.0337716,0.02673131,0.0123571,0.01302114,0.04491911,0.005938557,0.00166551,0.03155803,0.02121988,0.01572501,0.001508649,0.01978303,0.004200923,0.0834847,0.001426223,0.01961611,0.01346657,0.01799894,0.006170422,2.259826E-05,0.03211183,1.505697E-05,0.001930537,0.03224624,0.0007806015,0.004573459,0.0004001834,0.003223699,3.244623E-05,0.007827277,2.72905E-05,0.00369059,0.008055026,0.0001780971,0.002403188,0.007891405,0.06116941,0.00392448,0.007379869,0.02400491,0.03607984,0.0648075,0.02107845,0.01967938,0.08290266,0.384519,0.0224664,0.3862102,0.003385748,0.02451067,0.1126209,0.04270594,0.1487928,0.02572712,0.111572,0.443983,0.003063072,0.03351612,0.02880608,0.01024659,0.001877867,0.1445152,0.09630249,0.1494901,1.98923,0.05548548,0.0438875,0.2971178,0.1482619,8.421585,10.0209,19.6735,17.29904,31.79356,9.640549,25.21384,57.67754
38,0.01958374,0.03385275,0.02675279,0.0123514,0.01302352,0.04462172,0.005932367,0.001639185,0.03155534,0.02120592,0.01556465,0.001509589,0.01986096,0.004254621,0.0843145,0.001430976,0.01966503,0.01366391,0.0179605,0.006092817,1.94074E-05,0.03158778,1.519472E-05,0.002076959,0.03228572,0.000750221,0.00449886,0.0003877569,0.003136571,3.138202E-05,0.007690998,2.769051E-05,0.003689434,0.007919861,0.0001472185,0.002335436,0.007808716,0.06096997,0.003860533,0.00721876,0.02469645,0.03681495,0.06537281,0.0211159,0.01931644,0.08221625,0.3843711,0.02293783,0.3923839,0.003367576,0.02452343,0.1100954,0.04120969,0.147445,0.02573714,0.1106852,0.4538364,0.003020889,0.03144786,0.02872931,0.01100646,0.002156481,0.1510377,0.09746508,0.1505149,1.976457,0.04843814,0.04335016,0.3010651,0.145885,8.619567,9.996966,19.33657,17.08212,31.45137,9.140045,24.88888,56.19929
39,0.01959032,0.03392171,0.02676929,0.01234396,0.01302595,0.04444719,0.005925851,0.001613451,0.03154799,0.02119117,0.01547226,0.001509786,0.01992681,0.004308843,0.08513867,0.001435499,0.01971293,0.0139341,0.01793491,0.006055673,2.18696E-05,0.03055741,1.407715E-05,0.002138465,0.03234361,0.0007374363,0.004441245,0.0003857969,0.003083969,3.048427E-05,0.007583749,2.832378E-05,0.003689164,0.007805731,0.0001421825,0.002369093,0.007762051,0.06079048,0.003792151,0.00705666,0.02525559,0.03743622,0.06591877,0.02117657,0.01895141,0.08203562,0.3872428,0.0233276,0.3976426,0.003350256,0.02452676,0.1087179,0.03963036,0.1470204,0.02574737,0.1098042,0.4671468,0.003131442,0.03301837,0.03395591,0.01306987,0.002627122,0.1596522,0.09935541,0.1512379,1.948341,0.04221631,0.04276492,0.3030426,0.1450347,8.739484,9.970058,18.98034,16.78796,31.6857,9.18862,25.21934,55.24764
40,0.01959019,0.03397923,0.02678408,0.01233507,0.01302841,0.04435123,0.005918069,0.001587871,0.03153469,0.02117595,0.01545737,0.001509003,0.01997668,0.004363671,0.08594887,0.001439909,0.01975965,0.01421598,0.01791638,0.006045824,2.16278E-05,0.03077313,1.234943E-05,0.002148695,0.03239841,0.0007444941,0.004409613,0.0003919302,0.003097307,3.02888E-05,0.00749919,2.964413E-05,0.003688755,0.007780117,0.0001827115,0.002549428,0.007736597,0.0606833,0.003743213,0.006960306,0.02566869,0.03796686,0.06642615,0.02124027,0.01886711,0.08396024,0.3914185,0.02362977,0.4009017,0.003333604,0.0245182,0.108652,0.03846561,0.1470112,0.02575867,0.1089814,0.4809241,0.003400638,0.03176847,0.03844294,0.01491005,0.003124014,0.1684295,0.10146,0.1515656,1.911732,0.03942215,0.04210958,0.3041258,0.1443972,8.836946,9.934646,18.77316,16.54092,32.33472,9.727264,25.9542,55.55661
41,0.01958858,0.03403157,0.02679802,0.01232549,0.01303123,0.0442713,0.005908539,0.001562035,0.03151929,0.02116056,0.01546763,0.001508291,0.02003109,0.004419975,0.08678214,0.001443668,0.01980434,0.01448016,0.01790621,0.006041026,1.863616E-05,0.03179768,1.054318E-05,0.002107287,0.03244932,0.0007572875,0.004389736,0.0003983349,0.003121296,3.061354E-05,0.007417508,3.122141E-05,0.003687652,0.007819157,0.0002143712,0.002684466,0.007715763,0.06063275,0.003722647,0.006947605,0.02578067,0.03829837,0.06675407,0.02130358,0.018996,0.08645099,0.3950655,0.02368674,0.4020911,0.003318214,0.02450576,0.1089189,0.03820457,0.1469046,0.02577369,0.10853,0.4927687,0.003767118,0.0292082,0.04246387,0.0166688,0.003639875,0.1763467,0.1035817,0.1517897,1.88095,0.03954534,0.0417481,0.3069915,0.1437694,8.904701,9.914296,18.81345,16.43308,32.82413,10.47345,26.4139,56.9299
42,0.01959029,0.03408421,0.02681431,0.01232252,0.01303672,0.04424329,0.005897952,0.001536431,0.03151203,0.02114787,0.01550167,0.001509877,0.02012721,0.004479348,0.08771411,0.001447445,0.0198456,0.01421757,0.01794152,0.006049168,1.493869E-05,0.03287969,8.627614E-06,0.001952285,0.03249817,0.0007752114,0.004405224,0.0004068952,0.003159735,3.128049E-05,0.007357598,3.280913E-05,0.003687717,0.007889316,0.0002197529,0.002733166,0.007722934,0.06063624,0.003726047,0.007001874,0.02500612,0.0377471,0.06655594,0.02137878,0.01919512,0.08613811,0.3953648,0.02311501,0.3998048,0.0033044,0.02450016,0.1094394,0.03872063,0.1475131,0.02579921,0.1089585,0.4814599,0.004092515,0.02507756,0.0431109,0.01733341,0.004019809,0.167557,0.1012304,0.1515495,1.886917,0.04170005,0.04207663,0.3078862,0.144567,8.812383,9.969616,19.13386,16.51883,33.07372,11.30051,26.64476,58.20199
43,0.0195951,0.03414565,0.02682857,0.01232235,0.01304475,0.04423657,0.005880381,0.001509444,0.0315119,0.02113671,0.01550528,0.001512875,0.02024595,0.004542017,0.08872697,0.001448825,0.0198591,0.01368298,0.01798972,0.006059424,1.110137E-05,0.03313767,6.375005E-06,0.001808698,0.03251575,0.0007893274,0.004417168,0.0004107159,0.00318392,3.173076E-05,0.007273219,3.420429E-05,0.003688393,0.007955066,0.0002093044,0.002704631,0.00770701,0.06065657,0.003742652,0.007088329,0.02396554,0.03673077,0.06628139,0.0214421,0.01931202,0.08368923,0.3934354,0.0223087,0.3955857,0.003291413,0.0244841,0.1099639,0.03964904,0.1472413,0.02584163,0.1098213,0.4630655,0.004441386,0.01815121,0.03772739,0.01595589,0.003943367,0.1531226,0.09713481,0.1487954,1.916592,0.04492134,0.04256612,0.3034312,0.1459965,8.617027,10.00701,19.55109,16.74294,33.23276,12.1364,26.742,59.07019
44,0.0196028,0.03421896,0.02684268,0.01232377,0.01305476,0.04423561,0.005855885,0.001481257,0.03151907,0.02112761,0.01547107,0.001516782,0.02037897,0.004605247,0.0898044,0.001448166,0.01984383,0.01309473,0.01803135,0.006066303,8.237247E-06,0.03301318,4.812174E-06,0.001673844,0.03247993,0.0007974086,0.004419261,0.0004098353,0.003188253,3.19684E-05,0.007178728,3.529588E-05,0.003689042,0.007996935,0.0001874668,0.00257727,0.007645932,0.06067395,0.003766663,0.007186069,0.02288465,0.03545744,0.06603549,0.02146674,0.01933847,0.08063051,0.3892826,0.02144366,0.3897586,0.003278914,0.02444412,0.1105066,0.04076708,0.1460092,0.02589773,0.1109219,0.4437344,0.004671958,0.01295368,0.03191796,0.01435178,0.003744449,0.1379652,0.09259249,0.1444591,1.964229,0.04882416,0.04285747,0.2923478,0.147597,8.338161,9.932979,19.93247,17.06577,33.37409,12.73694,26.78937,59.67142
45,0.01960851,0.03428712,0.02686009,0.01232574,0.01306161,0.04428273,0.005839021,0.001457025,0.03151987,0.02112031,0.01550096,0.00151983,0.0205131,0.004669867,0.09087124,0.001450941,0.01985301,0.01251524,0.01805538,0.006096718,7.336341E-06,0.03292869,4.454339E-06,0.001581463,0.03236084,0.0007977256,0.0044084,0.000407534,0.003168889,3.198878E-05,0.007135638,3.587939E-05,0.003687122,0.008013698,0.0001513346,0.002322432,0.007459723,0.06066523,0.003796856,0.007295974,0.02181787,0.03404895,0.06568296,0.02137792,0.01949124,0.07757906,0.3820474,0.02060124,0.3817897,0.00326554,0.02441761,0.1118736,0.04197707,0.1464451,0.02593933,0.1118738,0.4242936,0.004782733,0.01024801,0.0273867,0.01305036,0.003582562,0.123446,0.0881015,0.141768,2.01988,0.05353257,0.04364827,0.2720701,0.1504474,7.953761,9.737198,20.20943,17.4238,33.57188,12.92137,26.92846,60.09802
46,0.01960877,0.03434921,0.02687954,0.01232254,0.01306535,0.04431786,0.005830416,0.001436403,0.03151176,0.02111433,0.0155676,0.001521361,0.02063665,0.004733949,0.09189552,0.001456595,0.0198926,0.01242481,0.01804702,0.006135321,7.122256E-06,0.03239867,5.249072E-06,0.001513537,0.0323301,0.0008054882,0.004387561,0.0004094259,0.003177411,3.159158E-05,0.007102793,3.679697E-05,0.003680238,0.0080684,0.0001567947,0.002068766,0.007337824,0.06065054,0.003827851,0.007402921,0.02170056,0.03375658,0.0652268,0.02119981,0.01975803,0.07797225,0.378268,0.02042932,0.3766624,0.00325061,0.02442526,0.1134232,0.04310011,0.1481228,0.02596624,0.1125707,0.4157699,0.005160295,0.009723733,0.02614421,0.01294998,0.003743323,0.121981,0.08852658,0.1423263,2.03888,0.05833795,0.04453165,0.2692705,0.1527554,7.817481,9.761537,20.29844,17.57514,33.47887,12.55784,26.80981,60.33324
47,0.01960655,0.03440943,0.02690073,0.01231635,0.01306728,0.04433174,0.005824468,0.001417374,0.03149723,0.02110608,0.0156353,0.001520531,0.02072553,0.004796203,0.09283704,0.001462615,0.01994147,0.01261481,0.01801076,0.006171643,7.127065E-06,0.03184499,5.590314E-06,0.001487264,0.03235492,0.0008100145,0.004360157,0.0004081423,0.003191181,3.133772E-05,0.007074344,3.809321E-05,0.003669186,0.008136214,0.0002002912,0.002241703,0.007333456,0.0606737,0.00385583,0.007485886,0.02216586,0.03420057,0.06530297,0.0211506,0.01999866,0.08034383,0.3815542,0.02069031,0.378068,0.003236582,0.02443774,0.114681,0.0438747,0.149572,0.02598118,0.112392,0.4226872,0.005751732,0.009967186,0.02574303,0.01319264,0.004048456,0.128453,0.09096047,0.143857,2.024133,0.06172421,0.04494389,0.2768976,0.1537264,7.968999,9.871493,20.2101,17.55991,33.12196,11.69697,26.45089,60.05983
48,0.01960878,0.0344708,0.02692234,0.01231011,0.0130689,0.04426117,0.005817511,0.001406106,0.03148406,0.0210963,0.01563521,0.001519262,0.02079768,0.004857776,0.09373802,0.001468852,0.01999233,0.01287921,0.01798846,0.006166279,7.641912E-06,0.03143119,6.025799E-06,0.001476743,0.03240551,0.0008059322,0.004391612,0.0004040097,0.003189477,3.102396E-05,0.0070649,3.809415E-05,0.003660207,0.008136503,0.0002044342,0.002418665,0.00733779,0.0602297,0.003865385,0.007483054,0.02284025,0.03491196,0.06569414,0.02116446,0.0199967,0.08237389,0.3851414,0.02111444,0.3828865,0.00321792,0.02464203,0.1146386,0.04386474,0.1503728,0.02599031,0.1116975,0.4344063,0.006430911,0.0102086,0.02494041,0.01345008,0.004376478,0.1371728,0.09345863,0.1455228,2.003216,0.06078602,0.04428313,0.2879952,0.1527812,8.19875,9.987044,20.01701,17.45455,32.42021,10.54305,25.78847,59.20433
49,0.01962252,0.03454306,0.02694328,0.01230494,0.01307091,0.04402526,0.005809899,0.001396449,0.03147908,0.02108521,0.01552578,0.001519406,0.02087095,0.004919768,0.09463663,0.001475071,0.02004171,0.01308459,0.01797651,0.006101976,8.701591E-06,0.03127586,6.82075E-06,0.001474244,0.03244703,0.0007795322,0.004399959,0.0003927822,0.003128767,3.049977E-05,0.00700466,3.710393E-05,0.003656317,0.008044748,0.0001752006,0.002423385,0.007314714,0.05956773,0.003834627,0.007378357,0.02353712,0.0356601,0.06621523,0.02119999,0.01974938,0.08279392,0.3862022,0.02159824,0.3889018,0.003197436,0.0249098,0.1128371,0.04291989,0.1497627,0.02599736,0.1108401,0.4451393,0.00761205,0.01084484,0.02333002,0.01381086,0.004749605,0.1437565,0.09471363,0.147125,1.991458,0.0555978,0.04297623,0.2957736,0.1499335,8.43992,10.02248,19.72952,17.30739,31.80014,9.632925,25.208,57.68502
50,0.01963943,0.03462019,0.02696289,0.01229961,0.01307332,0.04373337,0.00580227,0.001387378,0.03147855,0.02107297,0.01536717,0.001520516,0.02094742,0.004982478,0.09554305,0.001481086,0.02008929,0.01328444,0.01797494,0.006020206,1.116966E-05,0.0312162,8.07497E-06,0.001489364,0.03248689,0.0007487117,0.004393541,0.000381463,0.003046708,2.944199E-05,0.006908529,3.570634E-05,0.003655341,0.00791029,0.0001441975,0.002374082,0.007282363,0.0587802,0.003772181,0.007218128,0.02423245,0.03640396,0.0667771,0.0212405,0.01938991,0.08217303,0.3860789,0.02207023,0.3954761,0.003176523,0.02519059,0.1103312,0.04147632,0.1485368,0.02600352,0.1099461,0.4555927,0.009041341,0.01223152,0.02173548,0.01453768,0.005240086,0.150379,0.09591059,0.1486843,1.979509,0.04857521,0.04166277,0.3018339,0.1467417,8.638011,9.999159,19.3798,17.08971,31.45644,9.132903,24.87929,56.19594
51,0.01964652,0.03468517,0.02697785,0.0122926,0.0130757,0.04356274,0.005794303,0.001379078,0.0314731,0.02105994,0.01527574,0.001520843,0.02101553,0.005045827,0.09644981,0.001486798,0.02013581,0.01355517,0.01798251,0.005978172,1.559906E-05,0.03139751,9.689557E-06,0.001531958,0.03254465,0.0007354904,0.004400054,0.0003805223,0.002998539,2.856055E-05,0.006835332,3.46519E-05,0.003655278,0.007796987,0.0001390633,0.002426563,0.007283029,0.05802401,0.003705569,0.007057225,0.02479859,0.0370369,0.0673201,0.02130598,0.01903191,0.08206682,0.3889835,0.02246448,0.4011187,0.003156339,0.02546005,0.1089732,0.03994772,0.148262,0.02601004,0.1090586,0.4696625,0.01030059,0.01513366,0.02030713,0.01585158,0.005954892,0.1591299,0.09782555,0.1502029,1.952099,0.04236455,0.04044847,0.305803,0.1451453,8.757624,9.973306,19.02355,16.79447,31.69145,9.181798,25.21209,55.23488
52,0.01964735,0.03473892,0.02699116,0.01228429,0.01307818,0.04346998,0.005785102,0.001370613,0.03146183,0.02104642,0.01526133,0.001520167,0.02107351,0.005109939,0.09735173,0.00149235,0.02018103,0.01383821,0.01799592,0.005963319,2.187455E-05,0.03170302,1.152792E-05,0.001608633,0.03259911,0.0007420427,0.004429267,0.0003876092,0.003015568,2.834595E-05,0.006781944,3.443394E-05,0.003655133,0.007772444,0.0001784787,0.002629391,0.007302883,0.05736615,0.003658206,0.006962472,0.02522124,0.03758194,0.0678243,0.02137633,0.01895662,0.08406945,0.3931997,0.02277448,0.4046897,0.003136965,0.0257144,0.1089284,0.03882473,0.1484278,0.02601764,0.1082329,0.4843631,0.0110175,0.01942691,0.01818082,0.01703625,0.006722205,0.1680712,0.09995189,0.1515341,1.916112,0.03957878,0.03929633,0.3087016,0.1438292,8.854492,9.938742,18.81621,16.54623,32.34054,9.720571,25.94678,55.54574
53,0.01964677,0.03478798,0.02700364,0.01227537,0.01308095,0.04339315,0.005774212,0.001361455,0.03144854,0.02103277,0.01527207,0.001519556,0.02113651,0.005175834,0.0982809,0.001497244,0.02022433,0.01410473,0.01801678,0.005953427,2.724146E-05,0.03195519,1.270181E-05,0.00165507,0.03264926,0.0007542467,0.004467802,0.0003949085,0.00304312,2.861627E-05,0.006730006,3.455859E-05,0.003654404,0.007812589,0.0002086148,0.002785969,0.007325638,0.05678857,0.003638744,0.00695143,0.0253456,0.03792804,0.06814641,0.02144604,0.01909438,0.08663044,0.3968725,0.02284491,0.4060975,0.003118866,0.02596037,0.1092143,0.03859198,0.1484569,0.02602915,0.1077844,0.497047,0.01050656,0.02516852,0.01598004,0.01780953,0.007421526,0.1761436,0.102095,0.1526606,1.885689,0.03971286,0.03850964,0.313227,0.1425631,8.921484,9.919036,18.85493,16.43743,32.82939,10.46687,26.40646,56.92004
54,0.01964952,0.03483777,0.02701566,0.01227321,0.01308507,0.04336883,0.005762338,0.0013521,0.03144365,0.02102184,0.0153069,0.001521253,0.0212404,0.005245358,0.09931806,0.001502142,0.02026417,0.01385578,0.01808205,0.005955975,2.775307E-05,0.03231365,1.112383E-05,0.001564883,0.03269697,0.0007714576,0.004539791,0.0004043457,0.003085169,2.921052E-05,0.006698621,3.47435E-05,0.00365492,0.007883845,0.0002129207,0.002852603,0.007373281,0.05628442,0.003642767,0.007007426,0.0245885,0.03739293,0.06794406,0.02152622,0.01930099,0.08636552,0.397183,0.0222979,0.4039089,0.003102296,0.02620839,0.1097486,0.03912268,0.1491362,0.02605132,0.1082159,0.4863054,0.009176502,0.0308007,0.01391872,0.01753395,0.007776546,0.1674748,0.09979727,0.1530672,1.891887,0.04188144,0.03841905,0.3155888,0.1427174,8.828371,9.974566,19.1698,16.52233,33.07772,11.29397,26.6372,58.19251
55,0.01965538,0.03489684,0.02702787,0.012274,0.01309258,0.04336635,0.005743585,0.001340939,0.03144663,0.02101249,0.01531169,0.001524342,0.0213656,0.00531881,0.1004455,0.001504497,0.02027581,0.01333764,0.0181596,0.005960429,2.472569E-05,0.03223912,8.659666E-06,0.001464426,0.03271259,0.0007846769,0.004606599,0.000409044,0.003113208,2.961262E-05,0.006644173,3.477144E-05,0.003656108,0.007950573,0.0002021011,0.00283734,0.007396679,0.05581458,0.003659649,0.007095482,0.02356569,0.03639267,0.06766767,0.02159297,0.01942245,0.0839403,0.3952461,0.0215198,0.3997123,0.003086516,0.02643991,0.1102816,0.04005856,0.1488594,0.02609068,0.1090822,0.4681908,0.00903582,0.03411147,0.01184114,0.01629751,0.007753325,0.1531043,0.09576214,0.1506977,1.921629,0.04511925,0.03852384,0.3123617,0.1435063,8.632132,10.01131,19.57201,16.74547,33.23451,12.12985,26.73311,59.06078
56,0.01966417,0.03496811,0.02704041,0.01227642,0.01310233,0.04337049,0.005717949,0.001328032,0.0314571,0.02100518,0.01527896,0.001528302,0.02150407,0.005392954,0.1016456,0.001504663,0.0202582,0.01276504,0.01823005,0.005961512,2.146199E-05,0.03194178,7.100246E-06,0.001358868,0.0326739,0.0007916957,0.00466174,0.0004090311,0.003121485,2.982903E-05,0.006579402,3.453818E-05,0.003657315,0.007993127,0.0001806808,0.002716574,0.007373518,0.05535809,0.003683642,0.007194582,0.0225019,0.03513459,0.06742127,0.02161942,0.01945077,0.08088971,0.3910716,0.0206832,0.3938711,0.003071208,0.02664039,0.1108278,0.0411789,0.147566,0.02614396,0.1101863,0.4489414,0.01026782,0.03465701,0.009825624,0.01427791,0.007389874,0.1379724,0.0912801,0.1465317,1.969108,0.04903838,0.03849211,0.3022078,0.1444763,8.352306,9.936214,19.93821,17.0673,33.3742,12.7303,26.78194,59.65909
57,0.01967112,0.03503425,0.02705359,0.01227947,0.01310904,0.0434232,0.005699997,0.001318332,0.03146078,0.02099966,0.01531045,0.001531377,0.02164076,0.005468682,0.1028268,0.001508447,0.0202656,0.01220054,0.01828213,0.005986224,1.971243E-05,0.03149504,6.599942E-06,0.001249395,0.03255099,0.0007908574,0.004701202,0.0004073947,0.00310548,2.984698E-05,0.006558284,3.386868E-05,0.003655974,0.008010273,0.0001459124,0.002460326,0.00722334,0.05488975,0.003713515,0.007305685,0.0214518,0.0337409,0.06706579,0.02153099,0.01960459,0.07783791,0.3838082,0.01986877,0.3858704,0.003055055,0.02684823,0.1121975,0.04238655,0.1479224,0.02618262,0.1111414,0.4294554,0.01263423,0.03207756,0.00825593,0.0118603,0.006764495,0.1234588,0.08684776,0.1438912,2.02431,0.05376075,0.03895281,0.2823785,0.1466721,7.966987,9.739246,20.20311,17.42469,33.5712,12.91461,26.92353,60.08565
58,0.01967274,0.03509409,0.02707059,0.01227729,0.01311259,0.04346364,0.005690297,0.001311496,0.03145557,0.02099548,0.01537837,0.001532893,0.02176407,0.005543675,0.1039533,0.001515297,0.02030395,0.01211829,0.018301,0.00601916,1.962114E-05,0.03071771,8.416356E-06,0.001229344,0.0325161,0.000797286,0.004728557,0.0004096404,0.003116874,2.947709E-05,0.00654473,3.358577E-05,0.003649675,0.00806517,0.0001519013,0.002202231,0.007135701,0.05443117,0.003743944,0.007413609,0.02134349,0.03345673,0.06660268,0.02135235,0.01987213,0.0782355,0.3800028,0.01971317,0.3807048,0.00303737,0.02708781,0.1137487,0.04350433,0.1495058,0.02620614,0.1118415,0.4208837,0.01564406,0.03480592,0.007718387,0.01073862,0.006747905,0.1220127,0.08729327,0.1444382,2.042473,0.05857285,0.03952716,0.2803019,0.1483582,7.82989,9.76234,20.28128,17.57572,33.477,12.55105,26.80632,60.32322
59,0.01967173,0.0351519,0.02708986,0.01227208,0.01311432,0.04348265,0.005683252,0.00130562,0.03144375,0.02098889,0.01544704,0.001531982,0.02184962,0.005616472,0.1049827,0.00152257,0.02035184,0.01231117,0.01829118,0.006049645,1.981631E-05,0.02991874,9.910477E-06,0.001330424,0.03253634,0.0008003478,0.004747395,0.0004086844,0.003133525,2.92529E-05,0.006533994,3.37009E-05,0.003639235,0.008133029,0.0001934531,0.002384899,0.007164199,0.05402448,0.0037712,0.007497323,0.02181116,0.03390411,0.0666682,0.02130258,0.02011262,0.08060814,0.3832595,0.01998181,0.382045,0.003020652,0.02732876,0.1150037,0.04426827,0.1508293,0.02621747,0.1116674,0.4277939,0.01920324,0.03825285,0.007902354,0.01008752,0.007017428,0.1284878,0.0897256,0.145906,2.026623,0.06195056,0.03971629,0.2889302,0.1487793,7.980913,9.870981,20.18361,17.56038,33.11879,11.69032,26.44849,60.0513
60,0.0196752,0.03521054,0.02710973,0.01226678,0.0131157,0.04341584,0.00567494,0.001302664,0.03143322,0.02098063,0.015423,0.001530564,0.02191643,0.005688385,0.1059627,0.00153008,0.02040177,0.01257716,0.01816974,0.00603747,2.060353E-05,0.02978957,1.110198E-05,0.001423461,0.03258181,0.0007951239,0.004692493,0.0004047761,0.003133266,2.898851E-05,0.006559325,3.110361E-05,0.003630839,0.008132975,0.0001973363,0.002562707,0.007156142,0.05344142,0.003814352,0.007494684,0.02248531,0.03461688,0.06704969,0.02131531,0.02010826,0.08263027,0.3868033,0.02041052,0.3867802,0.003004506,0.0275953,0.1149499,0.04424045,0.1514756,0.0262229,0.1109719,0.4394819,0.02313174,0.04151222,0.008729313,0.009510675,0.007342342,0.1371942,0.09222116,0.1474693,2.004558,0.06096056,0.04076874,0.2984692,0.1487158,8.210371,9.985202,19.98289,17.45499,32.41608,10.53666,25.7874,59.1968
61,0.0196901,0.03528014,0.02712897,0.01226257,0.01311755,0.04318428,0.00566592,0.00129966,0.0314309,0.02097096,0.01528214,0.001530564,0.02198398,0.00576075,0.1069378,0.001537563,0.02045017,0.0127852,0.01802071,0.005966583,2.172839E-05,0.02935083,1.208772E-05,0.001505845,0.03261857,0.000768114,0.004617068,0.0003937194,0.00307371,2.846296E-05,0.006524751,2.761423E-05,0.003627521,0.008040665,0.0001693776,0.002561891,0.007120754,0.05274237,0.003828153,0.007389715,0.0231826,0.03536649,0.06756262,0.0213494,0.01985694,0.08303528,0.3878097,0.02089777,0.3927008,0.002988265,0.02787076,0.11313,0.0432734,0.1506884,0.02622616,0.1101097,0.4501313,0.02729096,0.04497334,0.009419542,0.008702312,0.007672231,0.1437371,0.09348156,0.1489453,1.991785,0.05570479,0.04148477,0.3039255,0.1471551,8.451427,10.01923,19.68895,17.30772,31.79533,9.626862,25.208,57.67892
62,0.01970804,0.03535436,0.02714374,0.01225816,0.01311983,0.04289698,0.005656896,0.001296619,0.03143295,0.02096012,0.01509033,0.001531574,0.02205492,0.005833934,0.1079204,0.001544831,0.02049681,0.01298826,0.01787319,0.005878852,2.357116E-05,0.02900332,1.290411E-05,0.001593366,0.03265454,0.0007372058,0.004531536,0.0003826515,0.002992842,2.748285E-05,0.006456798,2.420995E-05,0.003627127,0.007905651,0.0001395087,0.002504954,0.007078187,0.05195741,0.003812639,0.00722899,0.02387952,0.03611255,0.06811654,0.02138856,0.01949278,0.08239605,0.3876299,0.02137346,0.3991669,0.002972143,0.0281406,0.1106024,0.04180625,0.14928,0.02622868,0.1092096,0.4604634,0.03112124,0.04906273,0.01026463,0.007727453,0.00801136,0.1503038,0.09468338,0.1503683,1.978911,0.04862092,0.04202255,0.3075514,0.1452828,8.649549,9.994459,19.33397,17.08988,31.45122,9.127217,24.8802,56.19107
63,0.01971602,0.03541593,0.02715649,0.01225207,0.01312225,0.04273121,0.00564761,0.001294085,0.0314303,0.0209485,0.01496561,0.001531873,0.02211718,0.005907843,0.108902,0.001551791,0.02054225,0.01326118,0.01773548,0.005831551,2.650924E-05,0.02871985,1.347072E-05,0.001685565,0.03270987,0.0007240448,0.004464515,0.0003821017,0.002945923,2.668995E-05,0.006407782,2.155401E-05,0.003627667,0.007791919,0.0001348642,0.002553271,0.007070981,0.05121465,0.003792262,0.007067647,0.02444993,0.03674921,0.06865109,0.02145304,0.01913018,0.08227035,0.3904823,0.02177294,0.4046768,0.002956868,0.02839173,0.1092236,0.04025322,0.1488312,0.02623161,0.1083168,0.4744081,0.03338158,0.05439417,0.01211219,0.006713314,0.008380434,0.1589945,0.0965943,0.151724,1.950584,0.04236126,0.04238616,0.3091929,0.1449156,8.769099,9.967115,18.974,16.79447,31.68586,9.176384,25.21408,55.23121
64,0.01971754,0.0354618,0.02716819,0.0122446,0.01312487,0.0426435,0.005637138,0.001291227,0.03142168,0.02093632,0.01491808,0.001531247,0.0221691,0.00598265,0.1098776,0.001558592,0.02058644,0.0135463,0.01760724,0.005812168,2.983538E-05,0.02882608,1.341221E-05,0.001777093,0.03276331,0.0007306877,0.004425208,0.0003897658,0.002964485,2.652927E-05,0.006377062,1.992819E-05,0.003628147,0.007767386,0.0001739378,0.002756925,0.007085521,0.05056959,0.00378999,0.00697279,0.02487923,0.03729926,0.06914557,0.02152259,0.01905218,0.08425805,0.3946484,0.02208959,0.4080824,0.002942403,0.02862469,0.1091623,0.03910705,0.1488367,0.02623572,0.107489,0.488954,0.03391084,0.06063497,0.01519138,0.005732542,0.008655843,0.1678608,0.09871376,0.1528313,1.913769,0.03954263,0.04254822,0.3099475,0.1447355,8.865894,9.931028,18.76381,16.54603,32.33454,9.715265,25.94969,55.54343
65,0.01971762,0.03550192,0.02717927,0.01223653,0.01312788,0.04257207,0.005625026,0.001287571,0.03141122,0.02092405,0.01489645,0.001530769,0.0222263,0.006059536,0.1108825,0.001564714,0.02062868,0.01381523,0.01749061,0.005798303,3.318635E-05,0.02948265,1.336051E-05,0.001834105,0.03281381,0.0007431077,0.004399111,0.0003976336,0.002993833,2.682669E-05,0.006347301,1.88063E-05,0.003628059,0.007808007,0.0002040356,0.00291293,0.007105203,0.0500016,0.003815016,0.006962119,0.02501295,0.03765181,0.06945613,0.02159136,0.01918866,0.08680297,0.3982686,0.02217099,0.4092793,0.002929098,0.02884837,0.1094323,0.03885537,0.1487036,0.02624391,0.1070437,0.5014234,0.03308097,0.06866632,0.01984683,0.004916743,0.008875192,0.1758358,0.1008498,0.1536532,1.88259,0.03965612,0.04287971,0.312517,0.1445168,8.932754,9.909505,18.79681,16.43682,32.82254,10.46163,26.40935,56.9193
66,0.01972079,0.03554211,0.02718992,0.01223514,0.01313232,0.04255312,0.005611991,0.001283637,0.03140924,0.02091452,0.01489988,0.001532694,0.02232448,0.006140714,0.1120051,0.001570791,0.02066729,0.01357543,0.01742246,0.005797388,3.575168E-05,0.03056377,1.154169E-05,0.001755747,0.03286304,0.0007607232,0.004409186,0.0004075546,0.003037957,2.744451E-05,0.006337781,1.789002E-05,0.0036292,0.00787997,0.0002087067,0.002975773,0.00715092,0.04950132,0.003863414,0.007018695,0.02426821,0.03712507,0.06924366,0.02166985,0.01939272,0.08650605,0.3985051,0.02164372,0.4068318,0.002917178,0.02907375,0.1099486,0.03937123,0.1491942,0.02626293,0.107478,0.4901815,0.03173997,0.07698825,0.02462406,0.004269106,0.008883412,0.1670592,0.09857814,0.1536068,1.887975,0.04180527,0.04380994,0.3130763,0.1456699,8.839445,9.962794,19.10152,16.52108,33.0696,11.2888,26.63992,58.19206
67,0.01972693,0.03559079,0.02720073,0.01223662,0.01314036,0.04255638,0.005592085,0.001277819,0.03141565,0.02090657,0.01487471,0.001536065,0.02244323,0.006226526,0.1132278,0.001574112,0.02067711,0.01306766,0.01736969,0.005798704,3.595539E-05,0.03128524,9.089453E-06,0.00166382,0.03288111,0.0007745544,0.004416536,0.0004127157,0.003068454,2.789983E-05,0.006306084,1.698075E-05,0.003630982,0.007947462,0.0001984257,0.002953421,0.007174084,0.04903205,0.003924707,0.007107262,0.02325786,0.03613278,0.06895911,0.02173373,0.01950897,0.08403452,0.3964787,0.02088797,0.4023268,0.002905909,0.02928123,0.1104607,0.0402918,0.1486958,0.02629784,0.1083468,0.4714029,0.03055865,0.08506253,0.02655478,0.003627566,0.008537375,0.1525777,0.09457942,0.1506166,1.916735,0.04501874,0.04481174,0.3082245,0.147413,8.642916,9.997096,19.49541,16.74349,33.2258,12.12466,26.73778,59.05912
68,0.01973586,0.03565006,0.02721191,0.01223964,0.0131482,0.04256647,0.005565344,0.00127014,0.0314297,0.02090073,0.01481347,0.00154035,0.02257441,0.006313162,0.1145318,0.00157506,0.02065725,0.01250516,0.0173121,0.005796872,3.489937E-05,0.0318048,7.702103E-06,0.001563076,0.03284545,0.0007824287,0.004414729,0.0004130871,0.003079374,2.820133E-05,0.006263824,1.599759E-05,0.003632741,0.007990618,0.000177572,0.002821579,0.007151833,0.0485741,0.003993283,0.007206644,0.02220618,0.03488144,0.06870543,0.02175584,0.01952933,0.08093102,0.3922007,0.02007401,0.3961259,0.002894959,0.02945529,0.1109836,0.04139512,0.1471668,0.02634787,0.1094537,0.4514132,0.03024346,0.08986779,0.02647421,0.0030642,0.007933098,0.1373419,0.09013553,0.1457027,1.963075,0.04890805,0.0455225,0.2966757,0.1492928,8.362801,9.919662,19.8567,17.06459,33.36539,12.72505,26.7892,59.65879
69,0.01974281,0.03570393,0.02722373,0.01224312,0.01315486,0.04262473,0.005546314,0.001265475,0.03143629,0.02089657,0.01481686,0.001543791,0.02270153,0.006401565,0.1158063,0.001579871,0.02066277,0.01195065,0.01723956,0.005819032,3.443662E-05,0.03211101,8.683542E-06,0.001456818,0.03272641,0.0007827246,0.004399911,0.0004116232,0.003065647,2.833635E-05,0.006260253,1.482838E-05,0.003631887,0.008008184,0.0001435584,0.002550791,0.007003365,0.04810235,0.004068155,0.007317871,0.02116773,0.0334928,0.06833885,0.02166185,0.01967582,0.07782518,0.3848166,0.01928187,0.3876995,0.002883037,0.02963583,0.1123291,0.04258416,0.1472898,0.02638352,0.1104114,0.4311575,0.03108469,0.0867426,0.02523173,0.002752518,0.007185109,0.1227347,0.08574096,0.1422734,2.017009,0.053595,0.04669477,0.2758282,0.1524033,7.97719,9.720709,20.1147,17.42098,33.56157,12.90925,26.93169,60.089
70,0.01974428,0.03575172,0.02723915,0.01224122,0.01315887,0.04267041,0.005535547,0.001263475,0.03143375,0.02089377,0.01485654,0.001545714,0.022814,0.006489006,0.1170135,0.00158798,0.02069981,0.01187368,0.01713609,0.0058491,3.435657E-05,0.03194895,1.198469E-05,0.001503476,0.03269687,0.0007904061,0.004375685,0.0004138049,0.003079144,2.812642E-05,0.006262275,1.407228E-05,0.003626019,0.008063715,0.0001499003,0.002278464,0.00691918,0.04764058,0.004143799,0.007425844,0.02106693,0.03320892,0.06785903,0.02147657,0.01993725,0.07817487,0.3808859,0.01913818,0.3819789,0.002869469,0.02985093,0.1138541,0.04366493,0.1486219,0.02640297,0.1111144,0.4219199,0.03130263,0.09556635,0.02574154,0.002682372,0.006902077,0.1212005,0.08618341,0.1419899,2.034021,0.05835197,0.04791866,0.2726627,0.1549477,7.839944,9.741708,20.18537,17.57108,33.4666,12.54567,26.81461,60.3284
71,0.019743,0.03579761,0.02725676,0.01223617,0.01316118,0.04269428,0.005527413,0.001262271,0.03142429,0.02088854,0.01489713,0.00154521,0.02288864,0.006573788,0.1181118,0.001596589,0.02074657,0.01206685,0.01700694,0.005876749,3.182478E-05,0.03159659,1.301456E-05,0.001665987,0.03272374,0.0007948717,0.004345396,0.0004127508,0.003098105,2.808678E-05,0.006266592,1.365103E-05,0.003615967,0.008132375,0.0001899896,0.002455302,0.006952897,0.04722933,0.004216176,0.007509472,0.02153953,0.03365424,0.06790378,0.02141949,0.02017284,0.08049595,0.3840306,0.01941057,0.3828066,0.002856845,0.03006873,0.115085,0.04437877,0.1497255,0.02641057,0.1109451,0.4282193,0.0302972,0.105226,0.02674379,0.002846104,0.006702037,0.1275224,0.08858807,0.1426448,2.017448,0.06167177,0.04859556,0.2800734,0.1561305,7.991256,9.848528,20.08498,17.55518,33.10874,11.68504,26.45848,60.05617
72,0.01974608,0.03584868,0.02727488,0.01223085,0.01316317,0.0426141,0.005516848,0.001256357,0.03141594,0.02088159,0.01483282,0.001544192,0.02294795,0.006657546,0.1191613,0.001605441,0.02079541,0.01233186,0.01668712,0.005849259,2.736208E-05,0.03093735,1.256845E-05,0.001692691,0.03277629,0.0007910317,0.004320271,0.0004087443,0.003074967,2.800177E-05,0.006321107,1.352856E-05,0.003607907,0.008132841,0.0001932177,0.002617236,0.00698181,0.04662591,0.004249456,0.007506322,0.0222176,0.03436786,0.06826746,0.02142509,0.02016481,0.08246884,0.3874753,0.01984011,0.3871371,0.002840629,0.03007175,0.1150116,0.0442916,0.1502264,0.0264124,0.1102502,0.4393865,0.02777351,0.1101447,0.02748167,0.003192603,0.006427449,0.1360645,0.09105489,0.1435439,1.995151,0.06070125,0.04848702,0.2880767,0.156045,8.221261,9.961411,19.88699,17.44992,32.40722,10.5316,25.80032,59.20329
73,0.0197604,0.03591199,0.02729245,0.01222647,0.01316561,0.04236236,0.005505166,0.001247954,0.03141552,0.02087326,0.01464991,0.001544544,0.02301598,0.006741909,0.1202194,0.001614246,0.02084278,0.01253946,0.01632369,0.005759833,2.125047E-05,0.03013894,1.139747E-05,0.001683559,0.03281989,0.0007654497,0.004273834,0.0003976473,0.002994406,2.756618E-05,0.006305615,1.309045E-05,0.003604837,0.008041076,0.0001658804,0.002599807,0.006980146,0.04591225,0.004232864,0.007400966,0.0229177,0.03512128,0.06876806,0.02145386,0.0199138,0.08284916,0.3884045,0.02032647,0.3927801,0.002823121,0.03001285,0.113185,0.04327633,0.1494147,0.02641214,0.1093853,0.4497236,0.02406662,0.09974647,0.02657753,0.003361715,0.005849999,0.1424755,0.09229915,0.1446511,1.98264,0.05551333,0.0477092,0.2920969,0.1542045,8.463046,9.995782,19.61298,17.30396,31.78986,9.622083,25.22583,57.68855
74,0.01977756,0.0359805,0.02730583,0.01222166,0.01316841,0.04205247,0.005493312,0.001238806,0.03141921,0.02086377,0.0144167,0.001545849,0.02309358,0.006827281,0.1212962,0.00162281,0.02088838,0.01274245,0.01596598,0.005653915,1.638932E-05,0.02935351,1.00838E-05,0.0016414,0.03286262,0.0007359805,0.004215284,0.0003866564,0.002895378,2.669519E-05,0.006258184,1.247803E-05,0.003604612,0.007906742,0.0001368802,0.002528603,0.006967209,0.0451247,0.004179573,0.007240093,0.02361583,0.03587037,0.06931325,0.02148986,0.01955336,0.08221038,0.3881666,0.02079993,0.3990522,0.002805421,0.02993246,0.1106623,0.04178027,0.1480833,0.02641135,0.1084822,0.459957,0.01986508,0.08685987,0.02544609,0.003413283,0.005182731,0.1489482,0.09349122,0.1459517,1.970479,0.04851908,0.04684624,0.2944527,0.1520036,8.662048,9.972679,19.28716,17.08827,31.44938,9.122747,24.8995,56.20883
75,0.01978454,0.03603187,0.02731726,0.01221505,0.01317127,0.04186193,0.005481145,0.001230005,0.031418,0.02085342,0.01425026,0.001546423,0.02316587,0.006913561,0.1223784,0.00163108,0.02093286,0.01301416,0.01562846,0.005589668,1.355523E-05,0.02856488,8.623063E-06,0.001588094,0.03292585,0.0007242051,0.004172741,0.0003863546,0.002832153,2.599595E-05,0.006227024,1.209255E-05,0.003605279,0.007793887,0.0001325084,0.002565435,0.006986822,0.04438349,0.004120387,0.007078763,0.0241863,0.03650915,0.0698405,0.02155346,0.01919688,0.0821043,0.3909869,0.02119622,0.4044443,0.002788484,0.02983519,0.1092966,0.04021893,0.1477886,0.02641116,0.1075872,0.4739891,0.01624149,0.08111797,0.02704161,0.003946066,0.004754065,0.1575836,0.09539165,0.1473579,1.943326,0.04235655,0.04600238,0.2950271,0.1513844,8.782642,9.947289,18.94665,16.79485,31.68562,9.172095,25.22896,55.2558
76,0.01978491,0.03607168,0.02732775,0.01220697,0.01317428,0.0417478,0.005467826,0.001220935,0.03141084,0.02084258,0.01416017,0.001546073,0.02323072,0.007000917,0.1234603,0.00163922,0.02097617,0.01329831,0.01531239,0.005554436,1.120782E-05,0.02783062,7.239302E-06,0.0015431,0.03298863,0.0007322542,0.004155302,0.000394429,0.002835054,2.589868E-05,0.006213001,1.22116E-05,0.00360588,0.007770583,0.0001706501,0.002759078,0.007026028,0.04373934,0.004081153,0.006984186,0.02461599,0.03706069,0.07032774,0.02162482,0.0191274,0.08412515,0.3951473,0.02150985,0.407806,0.002772376,0.0297281,0.1092554,0.03908423,0.1480156,0.02641227,0.1067609,0.4888258,0.0137007,0.07461662,0.03010706,0.004863545,0.00434266,0.1664442,0.09750628,0.1487228,1.908034,0.03962978,0.04514517,0.2948922,0.1510032,8.880391,9.913771,18.75407,16.54807,32.33612,9.71105,25.96242,55.56464
77,0.01978399,0.03610704,0.02733762,0.01219825,0.01317766,0.04164893,0.005452846,0.001211186,0.03140178,0.02083167,0.01409663,0.001545882,0.02330417,0.007090785,0.1245821,0.001646646,0.02101762,0.01356716,0.015019,0.005525643,9.448563E-06,0.02761313,6.29882E-06,0.001507617,0.03304963,0.0007460937,0.004148455,0.0004027291,0.002849766,2.62371E-05,0.006199685,1.25004E-05,0.003605924,0.007812815,0.000199792,0.002905602,0.007067991,0.04317147,0.004071689,0.006974088,0.0247531,0.03741705,0.07063032,0.02169781,0.0192748,0.08671772,0.3987774,0.02159409,0.4089955,0.002757463,0.02962205,0.1095504,0.0388562,0.1481524,0.02641756,0.1063215,0.5017594,0.01197272,0.06732684,0.03350392,0.00616619,0.003992154,0.1744689,0.09964496,0.1500026,1.878494,0.03982459,0.04463291,0.2966304,0.1506177,8.948071,9.895226,18.80265,16.44018,32.82609,10.45746,26.41952,56.93766
78,0.01978631,0.03614344,0.02734915,0.01219622,0.01318243,0.041602,0.005436996,0.001201312,0.03140113,0.02082358,0.01405957,0.001548106,0.02342317,0.00718577,0.1258429,0.001653944,0.02105541,0.01333746,0.01478418,0.005510629,8.560635E-06,0.02770643,5.333047E-06,0.001381122,0.03311026,0.0007651242,0.004175288,0.0004131143,0.002880226,2.688127E-05,0.006206821,1.277591E-05,0.003607226,0.007886664,0.0002040429,0.00295994,0.007133438,0.04267073,0.004087509,0.007031491,0.02401834,0.03689862,0.07041337,0.02178306,0.01949199,0.08648854,0.399044,0.02108177,0.4066268,0.002743982,0.02952853,0.1100924,0.03940087,0.1489298,0.0264339,0.1067612,0.4911898,0.0106123,0.0565948,0.03478965,0.007144566,0.0036014,0.1658869,0.09741651,0.1506041,1.885508,0.04204863,0.04486451,0.2965235,0.1516873,8.855096,9.951992,19.12707,16.52554,33.07585,11.28463,26.64876,58.20705
79,0.01979174,0.03618872,0.02735936,0.01219717,0.0131909,0.04157718,0.005414372,0.001189789,0.03140915,0.02081706,0.01399662,0.001551776,0.02356655,0.007286316,0.1272255,0.001658249,0.02106399,0.01284313,0.0145724,0.005498677,7.73713E-06,0.02739109,3.904476E-06,0.001247694,0.03314047,0.0007803394,0.004198041,0.0004187454,0.002898424,2.736236E-05,0.006192427,1.290573E-05,0.003609234,0.007956156,0.0001938348,0.002931301,0.007173636,0.04220374,0.004117372,0.007121234,0.02301969,0.03591672,0.07012837,0.02185607,0.01962255,0.08409455,0.3970619,0.02034498,0.402277,0.002731252,0.02942768,0.1106299,0.0403534,0.1487388,0.02646647,0.1076355,0.4732042,0.009696428,0.0442412,0.03320024,0.007041871,0.003083582,0.1516506,0.09347431,0.1484457,1.915972,0.04533479,0.04526786,0.2912637,0.1533869,8.658582,9.990499,19.54412,16.74894,33.23471,12.12047,26.74461,59.07277
80,0.01979998,0.03624534,0.02736964,0.01219972,0.01319909,0.04155966,0.005385035,0.001176686,0.03142489,0.02081268,0.01390071,0.001556361,0.02372544,0.007387938,0.1287089,0.001659973,0.02104245,0.01229445,0.01436389,0.005484454,7.488532E-06,0.02671004,3.089178E-06,0.001113265,0.03311759,0.0007895593,0.00421054,0.0004195713,0.002898481,2.76899E-05,0.006167175,1.28368E-05,0.003611316,0.008001366,0.0001735364,0.002795993,0.007165394,0.04175192,0.004155169,0.00722213,0.02197956,0.03467722,0.06987832,0.02188959,0.01965817,0.08106885,0.39284,0.0195509,0.3962842,0.002718948,0.02930378,0.1111787,0.04149007,0.1475196,0.02651249,0.1087481,0.4540439,0.009636813,0.03490877,0.03041484,0.006446627,0.002594333,0.136651,0.0890888,0.1444852,1.964115,0.0492975,0.04546434,0.27966,0.1552406,8.378107,9.917322,19.9228,17.07087,33.37549,12.72077,26.79098,59.67185
81,0.01980642,0.03629712,0.02738049,0.01220288,0.01320603,0.04159043,0.005363427,0.001166738,0.03143321,0.02081004,0.01386927,0.001560143,0.02388118,0.007491666,0.1301606,0.001665869,0.02104699,0.01175353,0.01414983,0.005494833,1.017142E-05,0.02595974,4.759102E-06,0.001027299,0.0330126,0.000791216,0.004209243,0.0004185023,0.002875332,2.785355E-05,0.006176961,1.246817E-05,0.003610899,0.008021013,0.0001407016,0.002525636,0.007027557,0.04128863,0.004199729,0.007335308,0.02095267,0.03330217,0.06951611,0.02180927,0.01982099,0.07803808,0.3855213,0.01877844,0.3880933,0.002705814,0.02919652,0.1125541,0.04271406,0.1479367,0.02654534,0.1097121,0.4346102,0.01025272,0.03339531,0.02973292,0.006105643,0.002320835,0.1222546,0.0847512,0.1420277,2.019974,0.05406395,0.04619072,0.2593727,0.1583785,7.991792,9.721966,20.18995,17.42749,33.57167,12.90487,26.92777,60.09675
82,0.01980761,0.03634337,0.02739243,0.01220091,0.01321037,0.04160951,0.00535007,0.001159547,0.03143258,0.02080876,0.01387371,0.001562455,0.02402096,0.00759423,0.1315339,0.001675389,0.02108392,0.01168404,0.01391415,0.005513809,1.312568E-05,0.02496234,7.173869E-06,0.001133696,0.03299871,0.0008003649,0.004197624,0.0004211287,0.002879052,2.76802E-05,0.00619106,1.238775E-05,0.00360557,0.008078916,0.0001474787,0.002256627,0.006952311,0.04083769,0.004245319,0.007445635,0.02085712,0.0330307,0.06904025,0.02163978,0.02010042,0.07845534,0.3816698,0.01864308,0.3826464,0.002691138,0.02913232,0.1141159,0.0438448,0.1495639,0.02656228,0.110422,0.4260551,0.01124664,0.04716633,0.03723941,0.006705952,0.002357849,0.1208567,0.08522251,0.1427235,2.039032,0.05891729,0.04702584,0.2561029,0.1609382,7.85406,9.745346,20.25249,17.57705,33.47582,12.54123,26.80357,60.32929
83,0.01980659,0.03638824,0.02740818,0.01219598,0.013213,0.0416083,0.00533943,0.001153279,0.03142535,0.02080506,0.01387947,0.001562357,0.02411926,0.007693625,0.1327813,0.001685564,0.02113104,0.01188127,0.01366224,0.005530997,1.564623E-05,0.02443828,8.73194E-06,0.001255033,0.0330424,0.0008062973,0.004179146,0.0004205031,0.002888218,2.767933E-05,0.00620741,1.254828E-05,0.003596149,0.008150061,0.0001871666,0.002435428,0.006993642,0.04043589,0.004287733,0.007531777,0.0213308,0.03348846,0.06908783,0.02160006,0.02035398,0.08085801,0.3848924,0.01891317,0.3836797,0.002677461,0.02907821,0.1153844,0.04462038,0.1509324,0.02656731,0.1102616,0.4331017,0.01173198,0.06223367,0.04720692,0.007525346,0.002486871,0.127306,0.08764462,0.1443292,2.023952,0.06233608,0.04737517,0.2628437,0.1620822,8.005187,9.853322,20.13346,17.55938,33.11652,11.68066,26.44221,60.04693
84,0.01980976,0.0364344,0.02742504,0.012191,0.01321534,0.04154932,0.005326285,0.001151711,0.03141962,0.02079978,0.013731,0.001561752,0.02419746,0.007791708,0.133965,0.001696073,0.0211805,0.01215022,0.01327476,0.005540657,1.45393E-05,0.02428493,1.012045E-05,0.001457657,0.03311227,0.000803138,0.004189681,0.0004167574,0.002908472,2.763637E-05,0.006237761,1.176906E-05,0.003588819,0.008152982,0.0001908452,0.002599713,0.007046135,0.03996106,0.004290319,0.007531232,0.02200842,0.03421183,0.06945423,0.02162359,0.02036227,0.08292155,0.3883956,0.01933687,0.3881282,0.002651976,0.02918602,0.1153476,0.04460164,0.1516439,0.02656644,0.109572,0.4450231,0.01131439,0.06214376,0.05060933,0.008058382,0.002612237,0.1359612,0.09012638,0.1460328,2.002484,0.06137429,0.0457193,0.2710884,0.1590873,8.234911,9.966733,19.92536,17.45202,32.41462,10.52735,25.78412,59.18314
85,0.01982328,0.0364963,0.02744141,0.01218704,0.01321796,0.04133544,0.005312008,0.001150687,0.03142182,0.0207931,0.01345408,0.001562382,0.02427733,0.007890371,0.135142,0.001706572,0.0212286,0.01236244,0.01286519,0.005501452,1.116292E-05,0.02388609,1.013966E-05,0.001674693,0.03317206,0.0007774126,0.004177624,0.0004055804,0.002870325,2.725085E-05,0.006224963,1.051997E-05,0.003586556,0.008062793,0.0001643803,0.002585646,0.00706665,0.03941226,0.004243108,0.007427585,0.02270655,0.03497049,0.06995551,0.02166915,0.02012083,0.08336882,0.3893556,0.0198159,0.3937316,0.002622703,0.02934827,0.1135459,0.04363568,0.1509408,0.02656356,0.1087084,0.4559875,0.01049454,0.05284247,0.04639489,0.007787958,0.00247915,0.1424609,0.09138964,0.1476569,1.990033,0.05612375,0.0433578,0.2757196,0.1536721,8.47631,10.00152,19.64764,17.30433,31.79705,9.61802,25.21336,57.6654
86,0.01983902,0.03656473,0.02745386,0.01218264,0.01322074,0.04106841,0.005297576,0.001149791,0.03142836,0.02078521,0.01312772,0.001563775,0.02436119,0.007990091,0.1363279,0.001716833,0.02127487,0.01257048,0.01247096,0.005446466,1.104155E-05,0.02347913,1.164521E-05,0.001921591,0.03322997,0.000747073,0.004152081,0.0003943536,0.002810016,2.643477E-05,0.006181545,9.249594E-06,0.003587142,0.007929309,0.0001359715,0.002517583,0.007074022,0.03879882,0.004160084,0.007267528,0.02340041,0.03571892,0.07049859,0.02171999,0.01976462,0.08276605,0.3891172,0.02028093,0.3998163,0.002592642,0.02951972,0.1110351,0.04216,0.1496152,0.02656015,0.1078051,0.4666636,0.009681989,0.04677457,0.04290608,0.007960789,0.002424786,0.1489848,0.09259586,0.1492024,1.977445,0.04902487,0.04115521,0.2787547,0.1479873,8.674998,9.978367,19.31521,17.08744,31.45575,9.118907,24.89054,56.19046
87,0.01984527,0.03661635,0.02746445,0.01217643,0.01322337,0.04091995,0.005282851,0.001149399,0.03142995,0.02077654,0.01286823,0.001564248,0.02443458,0.008090819,0.1375104,0.001726799,0.02132004,0.01284602,0.01210224,0.005429494,2.102521E-05,0.02300496,1.287467E-05,0.002156605,0.0333076,0.0007338095,0.004140766,0.0003937426,0.002781289,2.57833E-05,0.006153126,8.341942E-06,0.003588561,0.007816981,0.0001317211,0.002556288,0.007112271,0.03822216,0.004072547,0.007106459,0.02396649,0.03635336,0.07102154,0.02179593,0.01940961,0.08267183,0.3918951,0.0206701,0.404858,0.002563368,0.02967598,0.109673,0.04058856,0.1492175,0.0265573,0.10691,0.4808694,0.008676799,0.06040182,0.0545181,0.0107678,0.002835743,0.1576018,0.09449746,0.1505831,1.949442,0.04274886,0.03923347,0.2799983,0.1441109,8.795337,9.951048,18.9417,16.79326,31.68767,9.168425,25.2154,55.24532
88,0.01984572,0.03665614,0.02747402,0.0121687,0.01322591,0.04084677,0.005266971,0.001148661,0.03142561,0.02076733,0.01268439,0.001563611,0.02448938,0.008192763,0.1386735,0.001736631,0.02136397,0.01313265,0.01175838,0.005437031,3.108484E-05,0.02354166,1.357979E-05,0.002393547,0.03338399,0.0007397492,0.004152957,0.0004013084,0.002815273,2.572325E-05,0.006141397,7.957909E-06,0.003589818,0.007793205,0.0001688174,0.002748882,0.007168146,0.0377226,0.004005951,0.007011166,0.02439193,0.03689437,0.07150088,0.02187463,0.01933753,0.08466218,0.3959529,0.02097846,0.4076374,0.002535055,0.02981204,0.1096218,0.03940933,0.1491538,0.02655566,0.1060858,0.4953482,0.007772015,0.07215613,0.06938073,0.01521501,0.003452415,0.1663202,0.0966013,0.1514637,1.912456,0.03991317,0.03751584,0.2804514,0.1407086,8.892758,9.914432,18.71051,16.54609,32.33412,9.707437,25.94786,55.54799
89,0.01984514,0.03669121,0.02748295,0.01216031,0.01322857,0.04078842,0.005249452,0.001147093,0.03141934,0.02075801,0.01252952,0.001562926,0.02454229,0.008297562,0.1398609,0.00174569,0.0214058,0.01340264,0.01143929,0.005447176,3.714002E-05,0.02538476,1.424839E-05,0.002614001,0.03345722,0.0007508599,0.004174572,0.0004088466,0.002858952,2.608932E-05,0.006130309,7.773718E-06,0.003590369,0.007833734,0.0001967254,0.002892839,0.007224627,0.03727957,0.003969416,0.006999273,0.02452716,0.03723711,0.07179149,0.02195025,0.01947721,0.08717992,0.3994296,0.0210643,0.4081006,0.002508061,0.02993607,0.1098921,0.03911612,0.1488463,0.02655827,0.1056521,0.5073941,0.007102754,0.08080637,0.08432762,0.0214365,0.004354213,0.1740744,0.0987192,0.1518574,1.880581,0.04000255,0.03625466,0.2826054,0.1375158,8.960026,9.891997,18.7221,16.43817,32.82079,10.45388,26.40719,56.91506
90,0.0198475,0.03672663,0.02749336,0.0121585,0.01323242,0.04078084,0.005231039,0.001145238,0.0314212,0.02075151,0.01240483,0.001564469,0.02463642,0.008408329,0.1411908,0.00175451,0.0214437,0.01317651,0.01118208,0.005468793,3.941374E-05,0.02723232,1.452624E-05,0.002488746,0.03352863,0.0007665389,0.004228931,0.0004182797,0.002916953,2.67563E-05,0.006139697,7.6214E-06,0.003592004,0.007904715,0.0002001786,0.002944028,0.007303589,0.03688756,0.003958013,0.007053893,0.0237979,0.03671103,0.07156203,0.02203625,0.0196829,0.08684273,0.3995259,0.02056576,0.4050775,0.00248268,0.03006018,0.1104044,0.03960387,0.14915,0.02657204,0.1060958,0.4954447,0.006873977,0.08222394,0.09284002,0.02770693,0.005312968,0.165177,0.09649442,0.15146,1.884951,0.04213201,0.03572765,0.2829365,0.1357923,8.866438,9.944864,19.01726,16.52435,33.06835,11.2811,26.64164,58.18346
91,0.01985238,0.03677024,0.02750459,0.01215944,0.01323764,0.04079411,0.005205935,0.001141562,0.03142999,0.02074659,0.01226055,0.001567237,0.02475516,0.008525585,0.1426564,0.001759999,0.02145159,0.01268667,0.01094943,0.005491056,3.537508E-05,0.02841903,1.22705E-05,0.002255421,0.03356803,0.0007778297,0.004278644,0.0004228666,0.002960927,2.725467E-05,0.006128237,7.391704E-06,0.003594155,0.007970441,0.0001895872,0.002911825,0.007354867,0.03651952,0.003960412,0.007139852,0.02280742,0.03572501,0.07126554,0.02210881,0.01979915,0.08434204,0.3973781,0.01984691,0.4002032,0.002458309,0.03016702,0.1109094,0.04050332,0.1485405,0.02660226,0.1069737,0.476162,0.007381979,0.07267379,0.08749676,0.03029746,0.005626253,0.1507108,0.09256937,0.14831,1.912779,0.04532673,0.035452,0.2782266,0.1347857,8.669188,9.981082,19.42793,16.74977,33.228,12.11691,26.74759,59.05261
92,0.01986002,0.03682455,0.02751439,0.01216174,0.01324395,0.04081279,0.005174219,0.001136068,0.03144747,0.02074382,0.01209016,0.001570703,0.02489206,0.008644107,0.1442392,0.001762609,0.02142862,0.01214261,0.01072209,0.005508517,2.873228E-05,0.02900198,1.012619E-05,0.002045511,0.03355337,0.0007827023,0.004317646,0.000422621,0.002984943,2.759524E-05,0.006106156,7.054421E-06,0.003596207,0.008011484,0.0001693706,0.002773875,0.007355306,0.03616006,0.003970475,0.0072362,0.02177605,0.03448483,0.07100533,0.02214116,0.01981866,0.08122263,0.3930149,0.01907146,0.3938166,0.002434678,0.03024274,0.1114256,0.0415902,0.146972,0.02664615,0.1080899,0.4559542,0.008679349,0.05936478,0.07725272,0.02995698,0.005360881,0.1355782,0.08820739,0.1434292,1.958555,0.04919955,0.03511514,0.2673438,0.1340663,8.388241,9.907553,19.82196,17.07504,33.37137,12.71716,26.80297,59.6641
93,0.01986518,0.03687324,0.02752441,0.0121644,0.01324923,0.04087627,0.005150061,0.001133377,0.03145703,0.02074276,0.01198328,0.001573175,0.02502748,0.008765026,0.1457854,0.001769706,0.02143209,0.01160661,0.01049287,0.005547686,2.412356E-05,0.02923042,1.047108E-05,0.001877979,0.03345589,0.0007797786,0.004341918,0.0004204345,0.002983424,2.777237E-05,0.006117073,6.554471E-06,0.003595648,0.008026878,0.0001372012,0.002503593,0.007223783,0.03578478,0.003986954,0.007344257,0.02075877,0.03311277,0.07063157,0.02206011,0.01996688,0.07811695,0.3856112,0.01831736,0.3854409,0.002410596,0.03032879,0.1127714,0.04276983,0.1470858,0.02667673,0.1090579,0.4357739,0.01044771,0.05493401,0.07354419,0.03033988,0.00526499,0.1211461,0.08389981,0.1401961,2.012645,0.05388188,0.03529019,0.2481376,0.1345743,8.001611,9.71249,20.10185,17.43678,33.56828,12.90119,26.94061,60.10556
94,0.01986516,0.03691595,0.02753544,0.01216169,0.01325176,0.04092548,0.005133963,0.001133124,0.03145744,0.02074306,0.01191031,0.001574008,0.02514975,0.00888449,0.1472461,0.001780764,0.02146848,0.01153586,0.01024558,0.005593025,1.91699E-05,0.02885814,1.11686E-05,0.00186867,0.03344814,0.0007840438,0.004355601,0.0004219911,0.003008511,2.761738E-05,0.006131779,6.314212E-06,0.003590117,0.008080049,0.0001439376,0.002235738,0.007152678,0.03541849,0.004004336,0.007449143,0.02066007,0.03283535,0.07014306,0.02189069,0.02023425,0.07846112,0.3817086,0.01818475,0.379975,0.002385424,0.03045371,0.1143095,0.04386,0.1484742,0.02669125,0.1097724,0.4267161,0.01182088,0.05448854,0.07700154,0.03332553,0.005421832,0.1196878,0.08437561,0.1402643,2.031035,0.05866585,0.0356142,0.2453639,0.1347308,7.864113,9.737286,20.18579,17.59301,33.4747,12.5375,26.81841,60.34306
95,0.01986276,0.03695684,0.02755008,0.0121559,0.01325244,0.04095224,0.005120465,0.001133524,0.03145097,0.02074087,0.01183896,0.001572255,0.02523343,0.009000231,0.1485727,0.00179259,0.02151525,0.01172857,0.009985615,0.005634806,1.46486E-05,0.02853076,1.090145E-05,0.001879445,0.03349715,0.0007848723,0.004361626,0.0004202919,0.003038483,2.764187E-05,0.006148585,6.245801E-06,0.003580447,0.008146246,0.0001830752,0.002406477,0.007197376,0.03509542,0.004018727,0.007529973,0.0211218,0.03327927,0.0701769,0.02185064,0.02047902,0.08080821,0.3848924,0.0184456,0.381171,0.002361662,0.03058517,0.1155632,0.04460417,0.149697,0.02669365,0.1096191,0.4335966,0.01210666,0.05137584,0.07734382,0.03533199,0.005562354,0.1260873,0.08679599,0.141442,2.016147,0.06204547,0.03563437,0.252174,0.1338861,8.016014,9.848292,20.10027,17.58249,33.11929,11.67698,26.46031,60.0637
96,0.01986444,0.03699895,0.0275658,0.01214991,0.01325272,0.04088636,0.005104063,0.001127919,0.03144556,0.0207371,0.01178517,0.001569842,0.02529987,0.009114416,0.1498335,0.001804782,0.02156439,0.01199251,0.00977012,0.005623065,1.090393E-05,0.02792723,1.052495E-05,0.001842432,0.03357176,0.0007780553,0.004351109,0.000415523,0.003047704,2.762762E-05,0.006104304,5.947978E-06,0.003572723,0.00814557,0.0001872441,0.00255455,0.007185312,0.03461359,0.00402321,0.00752576,0.02178322,0.0339839,0.07053325,0.02187446,0.02048473,0.08284249,0.3883659,0.0188542,0.3858431,0.002315843,0.03026295,0.1155216,0.04457046,0.1503571,0.02669012,0.1089333,0.4456232,0.01086889,0.04480951,0.07333128,0.03567569,0.005625603,0.1347308,0.08928309,0.142929,1.99534,0.06132348,0.03505321,0.2615351,0.1311682,8.24674,9.965737,19.9215,17.4807,32.42019,10.52379,25.80087,59.20728
97,0.0198763,0.03705646,0.02758104,0.01214487,0.01325326,0.04065731,0.005086496,0.001119475,0.03144814,0.02073198,0.01166227,0.00156865,0.02537065,0.009229267,0.1510912,0.001816964,0.02161214,0.01220255,0.009579475,0.005551001,8.290049E-06,0.02739393,1.007075E-05,0.001789634,0.03363658,0.0007504869,0.004318028,0.0004034926,0.002997335,2.726598E-05,0.006071343,5.388776E-06,0.003569908,0.008053524,0.0001619608,0.002530514,0.00714429,0.03404068,0.003989864,0.007420394,0.0224656,0.03472359,0.07102713,0.02192144,0.02024264,0.08328654,0.3893137,0.0193159,0.3917429,0.002264181,0.02981617,0.1137224,0.04360344,0.1497017,0.0266847,0.1080708,0.4568945,0.009103024,0.03440218,0.06349874,0.03386674,0.00550827,0.1412768,0.0905639,0.1445031,1.983783,0.05634751,0.03400334,0.2676499,0.1268565,8.489118,10.00412,19.66152,17.33593,31.80357,9.614615,25.22416,57.69223
98,0.01989044,0.03712033,0.02759252,0.0121395,0.01325401,0.04037301,0.005068853,0.001110199,0.03145484,0.02072566,0.01150663,0.001568283,0.02544703,0.009345407,0.1523606,0.001828896,0.02165806,0.01240868,0.009406958,0.005461734,7.430699E-06,0.02684196,9.346265E-06,0.001736121,0.03369952,0.0007195325,0.004272119,0.0003915006,0.002925516,2.647525E-05,0.006009732,4.790638E-06,0.003569896,0.007919098,0.0001346004,0.00245608,0.007094141,0.03340831,0.003925324,0.007259689,0.02314594,0.03545741,0.07156448,0.02197477,0.019886,0.08269663,0.389087,0.01976518,0.3982299,0.002212323,0.02934429,0.11122,0.04213883,0.148494,0.02667882,0.1071676,0.4680249,0.00789488,0.02604903,0.0538059,0.03173169,0.00540346,0.1478833,0.09179326,0.1461157,1.97229,0.04947149,0.03296088,0.2722176,0.1224463,8.68855,9.984288,19.34029,17.12046,31.46268,9.1157,24.89538,56.21116
99,0.01989525,0.037168,0.02760221,0.01213242,0.0132547,0.04020367,0.005051023,0.001101216,0.03145665,0.02071853,0.01141275,0.001567105,0.02551478,0.009462756,0.1536298,0.001840498,0.02170292,0.01268037,0.009249687,0.005410572,7.703382E-06,0.02622844,8.354373E-06,0.001693603,0.03378185,0.0007061506,0.004241658,0.0003901125,0.002887615,2.584747E-05,0.005963445,4.405223E-06,0.003570743,0.007805934,0.0001310842,0.002487556,0.007078077,0.03281537,0.003856779,0.007098457,0.02370401,0.03608375,0.07208297,0.02205434,0.0195335,0.0826329,0.3919076,0.02014265,0.4038377,0.002162561,0.02887178,0.1098746,0.04059502,0.1482748,0.02667354,0.1062733,0.4828966,0.007332028,0.02156084,0.047269,0.03015446,0.005790192,0.1566354,0.09372161,0.1477415,1.945856,0.04336097,0.03198608,0.2749587,0.1195638,8.809268,9.962492,19.00657,16.82865,31.6997,9.165347,25.22538,55.25447
100,0.01989445,0.03720422,0.0276109,0.01212396,0.01325546,0.04010725,0.00503217,0.001091972,0.03145255,0.02071089,0.01138265,0.001564941,0.0255724,0.009581623,0.1548939,0.001851942,0.02174647,0.01296356,0.009104474,0.005385699,8.493842E-06,0.02584536,7.493397E-06,0.001676243,0.03386277,0.0007122274,0.004235674,0.000397043,0.002915047,2.581403E-05,0.005934838,4.33371E-06,0.003571499,0.007780705,0.0001686226,0.002669953,0.007082787,0.03230251,0.003807644,0.007002965,0.02412736,0.03662569,0.07255933,0.0221399,0.01946859,0.08467831,0.3960714,0.02044292,0.4074398,0.002115339,0.02841038,0.1098548,0.03946593,0.1485375,0.02666963,0.1054535,0.4985361,0.007346582,0.01977704,0.04340784,0.02903595,0.006631007,0.1656181,0.09586495,0.1492397,1.911254,0.04069097,0.03105363,0.2768408,0.1170333,8.906899,9.932246,18.81433,16.58424,32.35021,9.704395,25.95587,55.56443
101,0.01989272,0.03723647,0.02761903,0.01211492,0.01325643,0.04002527,0.005011851,0.001082103,0.0314467,0.02070321,0.01137338,0.001562885,0.02563772,0.009703968,0.1562051,0.001862593,0.02178806,0.01323169,0.008971285,0.005365935,9.990675E-06,0.02590749,7.019596E-06,0.001667854,0.03394063,0.0007241282,0.004240221,0.000404094,0.002953521,2.621349E-05,0.005907468,4.367506E-06,0.003571669,0.007819586,0.0001972426,0.002805804,0.007091494,0.03185047,0.003786537,0.006990417,0.02426662,0.03697572,0.07284729,0.02222575,0.01961826,0.08728385,0.399707,0.02052703,0.408896,0.002070917,0.02797073,0.1101701,0.03923447,0.1486899,0.02667013,0.1050277,0.5121425,0.007844804,0.02024481,0.04071544,0.02849447,0.007740537,0.1737608,0.09803487,0.1505611,1.882347,0.04098353,0.03040634,0.2803279,0.114641,8.974156,9.916676,18.86212,16.47889,32.83978,10.45086,26.41096,56.93435
102,0.01989408,0.03726984,0.02762851,0.01211267,0.01325867,0.03999497,0.004990867,0.001072188,0.0314493,0.0206984,0.0113892,0.001563231,0.02575074,0.009833442,0.1576875,0.00187294,0.0218257,0.01301367,0.008887568,0.005358534,1.201654E-05,0.02644165,6.276151E-06,0.00156739,0.03401727,0.0007413637,0.00427892,0.0004131357,0.003007648,2.691977E-05,0.005899126,4.400324E-06,0.003573079,0.007889247,0.0002014007,0.002852444,0.007125879,0.03145195,0.003789006,0.007044522,0.02355101,0.03646397,0.07261763,0.02232275,0.01983614,0.08704073,0.3999785,0.0200414,0.4067247,0.002029434,0.02756208,0.1107282,0.03976727,0.1494438,0.02668202,0.1054789,0.5017515,0.008084944,0.0228937,0.03748203,0.02775901,0.008749348,0.1652914,0.09586848,0.1511121,1.889941,0.04334999,0.03030383,0.2818927,0.1134291,8.880341,9.975822,19.18071,16.56718,33.0877,11.27807,26.63754,58.20087
103,0.01989821,0.0373125,0.02763697,0.0121134,0.01326239,0.03998706,0.004963522,0.001060788,0.03145922,0.02069524,0.01138243,0.001564944,0.02588982,0.009970703,0.159328,0.00187964,0.02183283,0.01253476,0.008818174,0.005353069,1.325211E-05,0.02681327,5.48342E-06,0.001482271,0.03406217,0.0007548978,0.0043135,0.0004173236,0.003048361,2.745561E-05,0.005872048,4.355501E-06,0.003575162,0.007954051,0.0001912053,0.002819054,0.00713561,0.03107996,0.003804318,0.007130282,0.02257527,0.03549612,0.07232404,0.02240618,0.01996399,0.08461891,0.3979953,0.01934057,0.4025135,0.001990152,0.02716359,0.1112747,0.04070221,0.1491903,0.02671064,0.1063641,0.4837181,0.009095418,0.0275937,0.03410101,0.02681297,0.009420499,0.1511445,0.09199446,0.1488301,1.920812,0.04680722,0.03036133,0.2782924,0.1127938,8.682528,10.01551,19.58165,16.79283,33.2432,12.11386,26.73017,59.06274
104,0.01990542,0.03736672,0.02764557,0.01211583,0.01326732,0.03998704,0.004929843,0.001047971,0.03147851,0.02069428,0.01134578,0.001567472,0.02604512,0.01010952,0.1611,0.001883148,0.02180864,0.01200098,0.008745153,0.005344451,1.619499E-05,0.02716895,5.914667E-06,0.001380809,0.03405297,0.000762624,0.00433763,0.000416602,0.003069282,2.782981E-05,0.005836211,4.215153E-06,0.003577303,0.007994445,0.0001709483,0.002683086,0.007097587,0.0307179,0.003826638,0.007226648,0.02155771,0.03427428,0.07206906,0.02244864,0.01999268,0.08155762,0.3937659,0.01858419,0.3966299,0.001952641,0.02675898,0.1118253,0.04181628,0.1478755,0.02675308,0.107487,0.4643874,0.01109211,0.03329799,0.03099813,0.02575075,0.009836489,0.1362106,0.08767577,0.1446867,1.96912,0.05096008,0.03031965,0.2683542,0.1123831,8.40058,9.942557,19.94314,17.11614,33.38127,12.71405,26.77704,59.65533
105,0.0199106,0.03741608,0.02765479,0.0121189,0.0132712,0.04003429,0.004903745,0.001038176,0.03149021,0.02069506,0.01136554,0.001569143,0.02619442,0.01025116,0.1628199,0.00189155,0.0218115,0.01147417,0.008661881,0.005358553,2.118515E-05,0.02742788,7.170499E-06,0.001243852,0.03396064,0.0007631418,0.004347241,0.0004137199,0.003064453,2.803738E-05,0.005833797,3.941222E-06,0.003576972,0.008009277,0.0001382615,0.002418347,0.006932283,0.03033979,0.003854786,0.007334854,0.02055344,0.03291889,0.07169914,0.02237644,0.02014754,0.07849198,0.3864525,0.01784904,0.388584,0.001915719,0.02638586,0.1132042,0.04301457,0.1481847,0.02678206,0.1084615,0.4447424,0.01262578,0.03692579,0.02722453,0.02367961,0.009722207,0.1218774,0.08340494,0.142024,2.024965,0.05594499,0.03068109,0.2498699,0.1129736,8.012817,9.747065,20.2027,17.47582,33.57668,12.89801,26.91806,60.07744
106,0.01991106,0.0374598,0.02766515,0.01211684,0.01327242,0.04006891,0.004885653,0.001030967,0.03149303,0.02069718,0.01141215,0.001569276,0.02632604,0.01039098,0.164433,0.001904339,0.02184804,0.01140836,0.008552736,0.005379925,2.448703E-05,0.0271939,9.765866E-06,0.001228308,0.03395803,0.0007711138,0.004346219,0.000414292,0.003087081,2.790659E-05,0.005835798,3.861857E-06,0.003571807,0.008061582,0.000144849,0.002157778,0.0068299,0.02997082,0.003883441,0.007439763,0.02046306,0.03265055,0.07121045,0.02221469,0.02041962,0.07887776,0.3826266,0.01772436,0.3833956,0.001878672,0.02606633,0.1147739,0.04412427,0.1497531,0.02679468,0.1091822,0.4361274,0.0120924,0.04654485,0.02642239,0.02422152,0.01062719,0.1205556,0.08391026,0.1425765,2.044029,0.06103036,0.03113001,0.2477243,0.1132409,7.87387,9.771909,20.27578,17.62913,33.4823,12.53428,26.80062,60.31336
107,0.01990939,0.03750212,0.02767902,0.01211174,0.01327186,0.0400825,0.004870227,0.001024585,0.0314892,0.02069681,0.01145563,0.001566888,0.02641385,0.01052634,0.1658872,0.001918063,0.02189529,0.01160414,0.008422994,0.00539844,2.486026E-05,0.02673488,1.051541E-05,0.001378276,0.03401176,0.0007759334,0.004337724,0.0004115365,0.003114993,2.796066E-05,0.005839326,3.892659E-06,0.003562603,0.008126669,0.0001834178,0.002332045,0.006843355,0.02964199,0.003908799,0.00752059,0.020929,0.03309671,0.0712419,0.02218145,0.02066665,0.08126281,0.385872,0.01798443,0.3847412,0.001843874,0.02576844,0.1160527,0.04487931,0.1510966,0.02679505,0.1090369,0.4435149,0.0101554,0.05544538,0.02603719,0.02509208,0.01180372,0.127101,0.08635224,0.1441017,2.028838,0.06463052,0.03128253,0.255138,0.1126616,8.024324,9.882483,20.1739,17.61524,33.12459,11.6738,26.44283,60.04086
108,0.01991192,0.03754562,0.02769391,0.01210653,0.01327088,0.04002443,0.00485273,0.001019712,0.0314866,0.0206949,0.01137676,0.001563897,0.0264803,0.01065981,0.1672594,0.001932225,0.02194498,0.01187102,0.008196675,0.005381241,2.345781E-05,0.02595073,1.085336E-05,0.001457637,0.03409064,0.0007725949,0.004329738,0.0004059714,0.003010845,2.797342E-05,0.005930719,3.74866E-06,0.003555385,0.008124835,0.0001865867,0.002493596,0.006879789,0.02948306,0.003919661,0.007516451,0.02159298,0.03380091,0.07159637,0.02221063,0.02067085,0.08331489,0.3893797,0.01838922,0.3894846,0.001823531,0.02537784,0.1160189,0.04484208,0.1518056,0.0267896,0.1083561,0.4559535,0.007972837,0.06030479,0.024945,0.02515503,0.01276711,0.1358652,0.08885749,0.1457658,2.007212,0.06366973,0.02949854,0.2650795,0.112827,8.253739,9.998776,19.97339,17.50964,32.42248,10.52072,25.78335,59.18594
109,0.01992474,0.03760462,0.02770832,0.01210235,0.01327031,0.0398116,0.004834358,0.001014459,0.03149201,0.02069157,0.01118621,0.001562223,0.02654882,0.01079397,0.1686216,0.001946377,0.02199333,0.01208464,0.007953956,0.005310888,2.131002E-05,0.02509617,1.115202E-05,0.001501825,0.03415987,0.0007480242,0.004299809,0.0003935077,0.002858111,2.762135E-05,0.005929583,3.391878E-06,0.003553055,0.008032058,0.0001602802,0.002481603,0.006885349,0.02932834,0.003892002,0.007411307,0.02227772,0.03453969,0.07208898,0.02226232,0.02042445,0.08375517,0.3903328,0.01884694,0.3954071,0.001807853,0.02497637,0.1142076,0.0438642,0.1511222,0.02678211,0.1074952,0.4674585,0.00679426,0.06191295,0.02299617,0.02415825,0.01344526,0.1424565,0.09015404,0.1473651,1.994705,0.05827589,0.02723219,0.271711,0.1121176,8.495059,10.03459,19.6834,17.36037,31.80256,9.611696,25.20573,57.66994
110,0.01993998,0.0376698,0.02771913,0.01209793,0.01327011,0.03954592,0.004815992,0.00100912,0.03150151,0.02068707,0.01095157,0.001561529,0.02662246,0.0109296,0.1699944,0.001960224,0.02203979,0.01229473,0.007720694,0.00522586,1.963731E-05,0.02409109,1.142418E-05,0.001535366,0.03422791,0.0007196632,0.004257294,0.0003814536,0.002698652,2.683024E-05,0.005900307,3.002252E-06,0.003553494,0.007897168,0.0001322321,0.002417743,0.006878702,0.02913243,0.003833376,0.007250878,0.02296046,0.0352748,0.07262464,0.02232063,0.02006222,0.08314991,0.390094,0.01929446,0.4018939,0.0017938,0.02458272,0.111684,0.04238617,0.1498462,0.02677411,0.1065923,0.4787138,0.006398823,0.06192361,0.02088848,0.02236731,0.01394557,0.1490716,0.09139519,0.1489218,1.982062,0.05097025,0.02520306,0.2767306,0.1112669,8.69346,10.01153,19.3349,17.14007,31.45944,9.112959,24.87924,56.1853
111,0.01994611,0.03771827,0.02772808,0.01209184,0.01327013,0.03939508,0.004797465,0.001004246,0.03150631,0.02068169,0.01077611,0.001560228,0.02668738,0.0110666,0.1713667,0.001973675,0.02208505,0.01257032,0.007504247,0.005179076,1.888215E-05,0.02288048,1.162353E-05,0.001571673,0.03431705,0.000708518,0.004230084,0.0003801775,0.002583735,2.619865E-05,0.005883143,2.77387E-06,0.003554763,0.007783653,0.0001281445,0.002458793,0.006903213,0.02896158,0.003770608,0.007089983,0.02352252,0.03590569,0.07314032,0.02240613,0.01970428,0.0830685,0.3929003,0.01967405,0.4074808,0.001780829,0.02419576,0.1103209,0.04082622,0.1495569,0.02676666,0.1056981,0.493732,0.006520735,0.06102604,0.01962392,0.02057592,0.01440892,0.1578367,0.09333017,0.1504573,1.954037,0.04449286,0.0234668,0.2798507,0.1115975,8.813064,9.986402,18.9822,16.84394,31.69532,9.162714,25.21345,55.22837
112,0.01994672,0.0377549,0.02773606,0.01208434,0.01327036,0.03931651,0.00477793,0.0009991045,0.03150526,0.02067574,0.01066452,0.001558144,0.0267425,0.01120536,0.1727344,0.001986937,0.02212894,0.01285772,0.007304398,0.005158624,1.892314E-05,0.02196932,1.142632E-05,0.001613061,0.03440646,0.0007166279,0.004227384,0.0003874585,0.002538444,2.616627E-05,0.005881733,2.77091E-06,0.003555916,0.007758321,0.0001645327,0.002651459,0.00694586,0.02884621,0.003726769,0.006995037,0.02395131,0.03645369,0.07361232,0.02249884,0.01963687,0.08510856,0.3970494,0.01997939,0.4110329,0.001768589,0.02381844,0.1102904,0.03967988,0.1497465,0.02676059,0.1048805,0.509488,0.00717225,0.05881355,0.01916088,0.01873413,0.01477076,0.1668123,0.09547762,0.1518403,1.91766,0.04158226,0.02196576,0.2820576,0.1120033,8.909615,9.952949,18.77988,16.59575,32.34537,9.701796,25.94904,55.54232
113,0.01994634,0.03778713,0.02774342,0.01207628,0.01327098,0.03925188,0.004756952,0.0009932813,0.03150234,0.02066972,0.01057596,0.00155635,0.0268061,0.0113482,0.1741546,0.001999341,0.02217077,0.01313036,0.007121263,0.005143681,1.981382E-05,0.02186149,1.14791E-05,0.001633157,0.03449415,0.0007303493,0.004235311,0.0003951475,0.002508769,2.657047E-05,0.005881201,2.839029E-06,0.003556469,0.00779756,0.0001920861,0.002797004,0.006989972,0.0287677,0.003710432,0.006983459,0.02409774,0.03681133,0.07389405,0.02259281,0.01978701,0.08771271,0.4006672,0.02007249,0.4124157,0.001757138,0.02345778,0.1105967,0.03943442,0.1498191,0.02675898,0.1044601,0.5231529,0.008525498,0.05594974,0.02075665,0.01714913,0.01523353,0.1749168,0.09765012,0.1530136,1.887069,0.04174798,0.02082282,0.2858571,0.1123198,8.976018,9.934425,18.82415,16.48724,32.8351,10.4483,26.40926,56.91882
114,0.01994905,0.03782021,0.02775037,0.01207507,0.01327308,0.03923839,0.004735386,0.0009873618,0.03150798,0.02066663,0.01051554,0.001557136,0.02691953,0.01149941,0.1757648,0.002011334,0.02220844,0.01291811,0.006991487,0.005141552,2.130874E-05,0.02233388,1.038552E-05,0.00154331,0.03458156,0.0007492671,0.004277941,0.0004052153,0.002498281,2.728241E-05,0.00590161,2.90159E-06,0.00355823,0.007868053,0.0001959503,0.002852155,0.007057608,0.02872171,0.00371737,0.007039143,0.02339086,0.03630891,0.07365821,0.02269881,0.02000694,0.08745889,0.4009162,0.01960155,0.4101415,0.001746724,0.02312183,0.1111466,0.03995725,0.1505077,0.02676885,0.1049154,0.5125036,0.0108588,0.05035273,0.02526059,0.01543375,0.01539224,0.1663156,0.09549394,0.153373,1.89347,0.04405122,0.02016487,0.287693,0.113651,8.881659,9.99116,19.14357,16.5733,33.08354,11.27553,26.63988,58.19294
115,0.01995433,0.03786228,0.0277576,0.01207687,0.01327681,0.03924684,0.004707618,0.0009799355,0.03152084,0.02066518,0.01043709,0.001559412,0.02706069,0.0116598,0.1775543,0.002019272,0.02221501,0.01244454,0.006879256,0.005141686,2.28309E-05,0.02283527,8.725731E-06,0.001461108,0.03463798,0.0007642574,0.004316456,0.0004108472,0.002479241,2.781128E-05,0.005902755,2.898076E-06,0.003560657,0.007934028,0.0001860127,0.002825892,0.00709861,0.02868479,0.00373705,0.007126905,0.02242355,0.03535,0.0733604,0.0227916,0.02013598,0.08501975,0.398902,0.01891702,0.4058053,0.001736806,0.02279159,0.1116839,0.04088441,0.1501867,0.02679568,0.1058044,0.4941049,0.01444006,0.0455644,0.02866923,0.01357231,0.01517291,0.1520186,0.09163228,0.150841,1.923439,0.04746601,0.01971374,0.2842823,0.1154393,8.683593,10.02862,19.54769,16.7973,33.23991,12.1113,26.7351,59.06168
116,0.01996203,0.03791576,0.02776529,0.01208035,0.01328182,0.03926242,0.004673685,0.0009710282,0.03154378,0.02066596,0.01033386,0.001562606,0.02721982,0.01182204,0.1794948,0.002023649,0.02218963,0.01191552,0.006767179,0.005138925,2.495331E-05,0.02350457,7.847467E-06,0.001365334,0.03464044,0.0007732025,0.00434444,0.0004119373,0.002446119,2.816546E-05,0.005893656,2.816869E-06,0.003563115,0.007975745,0.0001664911,0.002695299,0.007089781,0.0286428,0.003763774,0.007225601,0.02141396,0.03413644,0.07310265,0.02284339,0.02016474,0.08193991,0.3946346,0.01817689,0.3997798,0.00172711,0.02245296,0.1122247,0.04199218,0.1488066,0.02683649,0.1069314,0.4743808,0.01937571,0.0421871,0.02947184,0.01172609,0.01452556,0.1369431,0.0873258,0.14641,1.971062,0.05157762,0.01928986,0.2744125,0.1173432,8.401627,9.953531,19.91377,17.11935,33.37901,12.71144,26.78318,59.65918
117,0.01996807,0.03796414,0.02777368,0.01208446,0.01328604,0.03932417,0.004647206,0.0009649424,0.03155867,0.0206685,0.0102879,0.001565071,0.02737179,0.0119875,0.1813701,0.002033432,0.02219188,0.01139322,0.006649414,0.005158972,2.74684E-05,0.02422379,8.074982E-06,0.001240954,0.03455999,0.0007746934,0.004357725,0.000411071,0.002394296,2.83413E-05,0.005913474,2.631496E-06,0.003563098,0.007991996,0.0001349893,0.002434519,0.006950916,0.02857089,0.003796381,0.007336454,0.02041767,0.03278819,0.07272845,0.02277933,0.02032226,0.07885365,0.3872795,0.01745774,0.3915604,0.001716586,0.02214237,0.1135976,0.04318422,0.1490606,0.0268637,0.1079097,0.4542753,0.02583685,0.03812561,0.02940566,0.01010139,0.01342353,0.1224729,0.08306769,0.1434101,2.026277,0.05651511,0.01918393,0.2557658,0.12023,8.013991,9.755716,20.17564,17.47745,33.57519,12.89536,26.92353,60.08444
118,0.01996933,0.0380068,0.02778505,0.01208332,0.0132877,0.03937177,0.004628552,0.0009612292,0.0315646,0.02067238,0.01026854,0.001566112,0.02750216,0.0121507,0.1831133,0.00204811,0.02222843,0.01133117,0.006510071,0.005185928,3.163857E-05,0.02475764,1.11076E-05,0.001336729,0.03457103,0.0007835347,0.004359888,0.0004137081,0.002368224,2.816692E-05,0.005935801,2.600061E-06,0.003558241,0.008046017,0.0001419483,0.002176752,0.006873201,0.02849339,0.003829548,0.007444089,0.02033199,0.03252641,0.07223236,0.02262407,0.02059826,0.07922853,0.3833956,0.01734369,0.3860942,0.001704587,0.02187682,0.1151603,0.04428094,0.1505167,0.02687443,0.1086343,0.4451517,0.0329799,0.03739488,0.03295199,0.009485191,0.01403061,0.1210613,0.08357379,0.1435041,2.044344,0.06152327,0.01915526,0.2536851,0.1226876,7.875151,9.777966,20.24364,17.62818,33.47998,12.53162,26.80383,60.32098
119,0.01996843,0.03804773,0.02779851,0.01207911,0.01328771,0.03939705,0.004612467,0.0009581746,0.03156371,0.02067375,0.0102468,0.00156471,0.02758356,0.01230854,0.1846682,0.002063931,0.02227598,0.01152898,0.006354626,0.005209703,3.475984E-05,0.02522303,1.331557E-05,0.00165566,0.03463993,0.0007890496,0.004354398,0.0004132967,0.002347786,2.817288E-05,0.005960186,2.642144E-06,0.003549321,0.008113003,0.0001796413,0.002354839,0.006910141,0.02844088,0.003859526,0.007527607,0.02079888,0.03297914,0.07225481,0.02259762,0.02084832,0.0815973,0.3865703,0.01761034,0.3871219,0.001693546,0.02162699,0.1164278,0.0450101,0.1516879,0.02687273,0.1084947,0.4521091,0.03872107,0.03849408,0.03769542,0.009120676,0.01515186,0.1275132,0.08600622,0.144412,2.027835,0.06500328,0.01897814,0.2613523,0.1241002,8.02567,9.885374,20.13323,17.61083,33.12116,11.67117,26.44491,60.04517
120,0.01997164,0.0380896,0.02781253,0.01207466,0.01328743,0.03934564,0.004595226,0.0009521959,0.03156402,0.02067334,0.01017233,0.001562752,0.02764069,0.012464,0.1861247,0.002080257,0.02232599,0.01179714,0.006355974,0.00525101,3.604346E-05,0.0258983,1.489072E-05,0.001908467,0.03473458,0.0007859052,0.004339091,0.0004096033,0.002392521,2.813391E-05,0.005966143,3.230989E-06,0.003542338,0.008112597,0.0001830338,0.002516644,0.00701427,0.02816949,0.003883242,0.007525328,0.02146158,0.03368985,0.07260049,0.02263327,0.02085131,0.08361917,0.3899908,0.01802059,0.3915139,0.001685057,0.02110611,0.1163754,0.04493479,0.1521869,0.02686515,0.1078159,0.464059,0.04188138,0.04323591,0.04202926,0.008826948,0.01615392,0.1361588,0.08849622,0.1453572,2.004871,0.06398931,0.01908115,0.271306,0.1249519,8.255177,9.997594,19.91767,17.50204,32.41745,10.51818,25.78372,59.18771
121,0.01998498,0.03814644,0.02782585,0.01207121,0.0132876,0.03913907,0.004577441,0.0009444453,0.03157225,0.02067145,0.01001222,0.001562068,0.02770244,0.01262025,0.1875739,0.002096563,0.02237454,0.01201182,0.006410445,0.005253489,3.408447E-05,0.02572004,1.592067E-05,0.002093317,0.03481668,0.0007609293,0.004302414,0.0003985276,0.002384429,2.774139E-05,0.00595704,3.802881E-06,0.003540165,0.008020736,0.0001577262,0.002503547,0.007085518,0.02778771,0.003870983,0.007420979,0.02214537,0.03443642,0.07308554,0.02268922,0.02060066,0.08401895,0.3908604,0.01848379,0.3971113,0.001677268,0.02053006,0.1145403,0.0439107,0.1513142,0.02685543,0.1069537,0.4750379,0.043011,0.05110776,0.04354046,0.008316927,0.01640752,0.1426056,0.08977517,0.1463004,1.991314,0.05855617,0.01899966,0.2778146,0.1243976,8.496573,10.02911,19.61359,17.35064,31.7962,9.609299,25.20627,57.66804
122,0.02000066,0.03820909,0.02783567,0.01206743,0.01328821,0.03887986,0.004559783,0.0009362233,0.03158469,0.02066833,0.009816839,0.00156232,0.02777284,0.01277824,0.1890417,0.002112524,0.02242114,0.01222297,0.006485158,0.005242817,3.124863E-05,0.02540038,1.635735E-05,0.002219806,0.03489406,0.0007318115,0.004253879,0.0003874177,0.00235466,2.691021E-05,0.005920709,4.317921E-06,0.003540705,0.007886612,0.0001305605,0.002438338,0.007142364,0.02734054,0.003828147,0.007260791,0.02282773,0.03517846,0.07361412,0.02274875,0.02023382,0.08336737,0.3905378,0.01893722,0.4032673,0.00166976,0.0199617,0.111992,0.04238097,0.1498948,0.02684516,0.1060486,0.4857546,0.04226716,0.05996012,0.0431821,0.007763465,0.01595021,0.1490625,0.09099471,0.147276,1.977816,0.05121639,0.01887832,0.2826535,0.123533,8.695077,10.002,19.25607,17.12901,31.45237,9.11071,24.88159,56.18156
123,0.0200071,0.03825488,0.02784364,0.01206184,0.01328899,0.03873486,0.004542099,0.0009283843,0.03159237,0.0206643,0.009678919,0.001561929,0.0278338,0.01293785,0.1905064,0.002128063,0.0224665,0.01249929,0.00656922,0.005269261,2.83965E-05,0.02510561,1.547466E-05,0.0022738,0.03498911,0.0007198337,0.00422168,0.000386771,0.002351228,2.623606E-05,0.005896566,4.997219E-06,0.003542027,0.007773945,0.0001269418,0.002478004,0.007229099,0.02691981,0.003780782,0.007099969,0.02339047,0.03581391,0.07412173,0.0228321,0.01987143,0.08323531,0.3932587,0.01932284,0.4085062,0.001662794,0.01941371,0.1106078,0.0407646,0.1494987,0.02683548,0.1051523,0.5002146,0.03955034,0.07004517,0.04211862,0.007584856,0.01552246,0.1576624,0.09290259,0.1481671,1.948964,0.04471033,0.01870128,0.2855569,0.123947,8.814792,9.972816,18.8956,16.8312,31.68722,9.16058,25.21698,55.22643
124,0.02000792,0.03828863,0.02785062,0.01205477,0.01328996,0.03866193,0.004523476,0.0009203225,0.03159408,0.02065966,0.009599729,0.001560724,0.02788481,0.01309948,0.1919639,0.002143416,0.0225104,0.01278733,0.006657722,0.005320179,2.440583E-05,0.02499094,1.365617E-05,0.002269969,0.03508076,0.0007271371,0.004214978,0.0003944488,0.002403756,2.615467E-05,0.005888626,6.050158E-06,0.003543189,0.007750044,0.0001635802,0.002669228,0.007332895,0.02656338,0.003751924,0.007005563,0.02382166,0.03636518,0.07458398,0.02291948,0.01980479,0.08523203,0.3973312,0.01963492,0.4117186,0.001656301,0.0188917,0.1105607,0.03956718,0.149627,0.02682721,0.1043352,0.5153993,0.03566999,0.07599042,0.03928425,0.007639981,0.01462325,0.1664655,0.09502243,0.1488875,1.9119,0.04179187,0.01847258,0.2875459,0.1244693,8.911542,9.935915,18.69247,16.58149,32.3369,9.699711,25.95577,55.54118
125,0.02000766,0.03831783,0.02785699,0.01204703,0.01329132,0.03860277,0.004503476,0.0009116641,0.03159392,0.02065496,0.009540844,0.00155976,0.02794853,0.01326596,0.1934888,0.002157821,0.02255219,0.01306042,0.006750315,0.005374344,2.007479E-05,0.0248262,1.144596E-05,0.002217568,0.03516693,0.0007399056,0.004219327,0.0004021973,0.002464503,2.650299E-05,0.005881774,7.294185E-06,0.003543707,0.007791259,0.0001916201,0.002812403,0.007437161,0.02625548,0.003750371,0.006995256,0.0239727,0.03672571,0.07485488,0.023006,0.01996001,0.08780213,0.4008776,0.01973706,0.4127656,0.001650472,0.01840124,0.1108521,0.03928445,0.1496863,0.02682347,0.1039178,0.5285333,0.03137693,0.081417,0.03577578,0.008372298,0.01364962,0.1744032,0.0971685,0.1495502,1.880844,0.04197564,0.01835855,0.2911707,0.124911,8.978283,9.914658,18.7382,16.47198,32.8265,10.44625,26.41777,56.92163
126,0.02001042,0.03834765,0.02786436,0.01204608,0.01329417,0.03859465,0.00448299,0.0009030242,0.03160221,0.0206532,0.009508914,0.001561332,0.0280697,0.0134424,0.1952395,0.002171652,0.02258967,0.01285043,0.006886604,0.005439902,1.666483E-05,0.02473224,9.266287E-06,0.002038585,0.03524926,0.0007577093,0.004258955,0.0004119865,0.002539214,2.715338E-05,0.005895226,8.607807E-06,0.003545407,0.007864092,0.000196132,0.002864204,0.00756609,0.02599211,0.00377208,0.007052727,0.02327201,0.03622501,0.074611,0.0231044,0.02018715,0.08753706,0.401067,0.01927762,0.4102161,0.001645618,0.01794764,0.11139,0.03979686,0.1504301,0.02683138,0.1043756,0.5173783,0.02755578,0.08107272,0.0304656,0.00994317,0.01233728,0.16571,0.09501231,0.1496909,1.886984,0.04432605,0.01854014,0.2928617,0.1265078,8.884314,9.969421,19.06195,16.55768,33.0757,11.27349,26.64982,58.19862
127,0.0200157,0.03838643,0.02787097,0.01204803,0.01329864,0.03860824,0.004456471,0.000893056,0.0316207,0.0206531,0.009459899,0.001564348,0.02822537,0.01362972,0.1972083,0.002180916,0.02259548,0.01237976,0.007033109,0.005505837,1.353686E-05,0.02447599,7.186591E-06,0.001853665,0.03529682,0.0007713754,0.004294882,0.0004169998,0.002600644,2.761757E-05,0.005890165,9.867101E-06,0.003547777,0.007932548,0.0001868273,0.002834163,0.007666913,0.02575042,0.003806567,0.007142447,0.0223112,0.03526711,0.07430814,0.02318899,0.02032338,0.08510531,0.3990087,0.01860519,0.4056729,0.001641233,0.01751281,0.1119174,0.04072706,0.1502411,0.0268565,0.1052669,0.498692,0.02560726,0.07367377,0.02480187,0.01059212,0.01061982,0.1514078,0.09116369,0.1472263,1.916906,0.04780274,0.01881329,0.2892993,0.1286172,8.686648,10.00657,19.47952,16.78193,33.23413,12.10925,26.74747,59.06933
128,0.02002329,0.03843663,0.0278778,0.01205157,0.01330439,0.03862897,0.004423964,0.0008818205,0.03164747,0.02065531,0.00938704,0.001568241,0.02840463,0.01381942,0.1993615,0.002186167,0.02256884,0.01185435,0.0071722,0.005566399,1.091954E-05,0.02420842,5.792486E-06,0.001689136,0.03528689,0.0007788024,0.004320669,0.0004171291,0.002642778,2.790587E-05,0.005875507,1.098444E-05,0.003550211,0.007976814,0.0001678758,0.002699842,0.007715114,0.02551603,0.003848195,0.007243225,0.02130784,0.03405457,0.07404849,0.02323182,0.02035987,0.08204617,0.3947197,0.017877,0.3995013,0.001637041,0.01708407,0.1124514,0.04184556,0.1490506,0.02689586,0.1063963,0.4788784,0.02519458,0.06399548,0.01999118,0.01002828,0.008933695,0.1363804,0.08687509,0.143097,1.964689,0.05198583,0.01902903,0.2792456,0.1308505,8.405083,9.93276,19.86735,17.10477,33.37578,12.70936,26.79671,59.67054
129,0.02002922,0.03848199,0.02788529,0.01205572,0.01330931,0.03869537,0.004398812,0.0008734312,0.0316652,0.02065926,0.009367913,0.001571389,0.02858051,0.01401291,0.2014497,0.002197404,0.02257042,0.01133602,0.007296577,0.005648355,9.925251E-06,0.02393869,6.500698E-06,0.001556605,0.03519044,0.0007786477,0.00433212,0.0004149482,0.002659294,2.801816E-05,0.005890329,1.178711E-05,0.003550239,0.007995723,0.0001368066,0.002436335,0.007626171,0.02526341,0.003895902,0.007356519,0.02031798,0.03270857,0.07367239,0.02315813,0.02052957,0.07899166,0.3873658,0.01716966,0.391179,0.001631991,0.01669402,0.1138233,0.04305526,0.1495333,0.02692151,0.1073774,0.4588302,0.02517105,0.06063678,0.01719498,0.00989959,0.00778291,0.1219873,0.08263687,0.1405741,2.020376,0.05700659,0.0194919,0.2603014,0.1341917,8.017627,9.73685,20.14075,17.46311,33.57235,12.89322,26.93304,60.10052
130,0.02003043,0.03852179,0.02789398,0.01205463,0.01331178,0.03874764,0.004381371,0.0008673986,0.03167387,0.02066462,0.0093716,0.001573101,0.0287369,0.01420374,0.2033948,0.002214143,0.02260706,0.01127647,0.007390076,0.005736268,9.439038E-06,0.02332826,7.764565E-06,0.001591101,0.03518371,0.000785815,0.004332724,0.0004158187,0.002699633,2.778794E-05,0.005908143,1.286381E-05,0.00354551,0.008052829,0.0001446287,0.002176571,0.007595957,0.025016,0.003944342,0.007466881,0.02023609,0.03245068,0.07317384,0.02299259,0.02082225,0.07940015,0.3835066,0.01706287,0.3856949,0.001625416,0.01635164,0.1153925,0.04417313,0.151273,0.02693053,0.1081054,0.4498665,0.02400109,0.07134936,0.01662459,0.01103837,0.007412508,0.1206279,0.08314562,0.1412607,2.039528,0.06210583,0.01997615,0.2581621,0.1370679,7.87912,9.760663,20.21615,17.61424,33.47789,12.52944,26.81,60.33347
131,0.02002952,0.0385602,0.02790589,0.01205051,0.01331255,0.03877838,0.004366478,0.0008620572,0.03167575,0.02066741,0.009371219,0.001572355,0.02884453,0.01438829,0.2051368,0.002232294,0.02265515,0.01147597,0.007456908,0.00582027,9.426378E-06,0.02275786,8.699284E-06,0.001660006,0.03523324,0.0007896135,0.004325881,0.000413219,0.002743651,2.773576E-05,0.005927806,1.422796E-05,0.00353679,0.008123133,0.0001844971,0.002351241,0.007683194,0.02480185,0.003989612,0.007553147,0.02070575,0.0329114,0.07319418,0.02295585,0.02109087,0.08181676,0.3867185,0.01733381,0.3868017,0.001619781,0.01603011,0.1166728,0.04493897,0.1527879,0.02692713,0.1079708,0.4571668,0.02188893,0.08277444,0.01815643,0.01252021,0.007217308,0.1271354,0.08557723,0.1429128,2.024399,0.065688,0.02024999,0.2659657,0.1387682,8.03021,9.869493,20.1117,17.59698,33.11991,11.66904,26.4483,60.05256
132,0.02003289,0.03860003,0.02791878,0.01204632,0.01331307,0.03873148,0.004350844,0.0008580755,0.03167889,0.02066849,0.009291384,0.001571043,0.0289278,0.01457013,0.206772,0.002251073,0.02270599,0.01174637,0.007344837,0.00587225,8.308099E-06,0.02142035,9.442491E-06,0.001709428,0.03530704,0.0007851948,0.004301665,0.0004073803,0.002756857,2.76502E-05,0.005955677,1.532218E-05,0.003530091,0.008125906,0.0001892812,0.002504397,0.007783072,0.02456765,0.004003243,0.007553301,0.02137136,0.03363266,0.07354116,0.02298158,0.02111126,0.08390338,0.390195,0.01774751,0.3913609,0.001619976,0.01582306,0.1166419,0.04491455,0.1536747,0.02691781,0.1072956,0.4696393,0.0198763,0.07578088,0.01988065,0.01287984,0.006741639,0.1358573,0.08807024,0.1447074,2.002861,0.06478072,0.0214656,0.2756417,0.1383478,8.260268,9.984006,19.91588,17.48889,32.41893,10.51611,25.78841,59.18984
133,0.0200464,0.0386552,0.02792901,0.01204319,0.01331401,0.03852993,0.004334809,0.000853712,0.03169009,0.02066814,0.009121191,0.001571009,0.0290128,0.0147528,0.2083918,0.00226988,0.02275554,0.01196392,0.007185659,0.005867487,5.614199E-06,0.02066203,8.507587E-06,0.001745831,0.03536997,0.0007593053,0.004256093,0.0003943251,0.002712307,2.72627E-05,0.005949398,1.586416E-05,0.00352835,0.008036426,0.0001641719,0.002486401,0.007849206,0.0242872,0.003972039,0.007450568,0.02205868,0.03438966,0.07402911,0.02302947,0.02087309,0.08436925,0.391126,0.01821363,0.3971192,0.001621827,0.01566034,0.1148325,0.04394738,0.153167,0.02690641,0.106435,0.4812299,0.01897028,0.06315231,0.02030936,0.01174612,0.005881807,0.1424107,0.08936208,0.1464417,1.990413,0.05940874,0.02258039,0.2817229,0.1360232,8.502157,10.01919,19.64311,17.33908,31.80089,9.607323,25.2138,57.67126
134,0.02006234,0.03871674,0.02793753,0.01203974,0.01331532,0.03827658,0.004319003,0.0008492729,0.03170569,0.02066652,0.008915856,0.001571865,0.02910285,0.01493742,0.2100221,0.002288349,0.02280328,0.01217897,0.007023503,0.005843939,4.733474E-06,0.02002919,8.808741E-06,0.001788807,0.03543101,0.0007296149,0.00419911,0.0003813692,0.002647396,2.64571E-05,0.005916222,1.612128E-05,0.003529458,0.007904071,0.000136739,0.002418873,0.007900651,0.02396071,0.003907542,0.007291362,0.02274491,0.03513958,0.07456056,0.02308356,0.0205147,0.08378246,0.3908702,0.01866871,0.4034266,0.001624135,0.01551332,0.1123103,0.04247708,0.1520586,0.02689452,0.1055305,0.4925946,0.01922364,0.05365255,0.02039885,0.01032268,0.005080056,0.1489886,0.09059859,0.1481292,1.97791,0.05208184,0.02360305,0.2861179,0.1333406,8.701179,9.996086,19.31184,17.11932,31.45877,9.108829,24.88829,56.19127
135,0.02006904,0.03876188,0.02794468,0.01203455,0.01331668,0.03813746,0.004303242,0.0008452702,0.03171675,0.02066403,0.008765611,0.001571986,0.02918389,0.01512388,0.2116516,0.002306407,0.02284984,0.01246021,0.006871951,0.005857835,9.424576E-06,0.01905497,9.724651E-06,0.001844452,0.03551242,0.0007174191,0.004159064,0.0003786234,0.002615338,2.581433E-05,0.005894759,1.660359E-05,0.003531487,0.007793363,0.0001334665,0.002457689,0.007983177,0.02366018,0.003838643,0.007131501,0.02331314,0.03578242,0.07507148,0.02316492,0.02016183,0.08372415,0.3936647,0.01905587,0.4088012,0.00162695,0.01536789,0.1109514,0.04092388,0.1519352,0.02688326,0.1046353,0.5077507,0.01965936,0.05712826,0.0245308,0.009992238,0.004944304,0.1577124,0.09252418,0.1497918,1.950192,0.04556933,0.02448297,0.288599,0.1321117,8.821426,9.969846,18.95494,16.82255,31.69215,9.158773,25.21718,55.23989
136,0.02007019,0.03879546,0.02795096,0.01202799,0.0133182,0.03807075,0.004286624,0.0008410026,0.03172206,0.020661,0.008670965,0.001571202,0.02925368,0.01531277,0.2132744,0.002324306,0.02289509,0.01275362,0.006732877,0.005897072,1.541623E-05,0.01850564,1.073169E-05,0.001936512,0.03559323,0.0007247614,0.004144832,0.0003836533,0.002646274,2.576033E-05,0.005889524,1.770634E-05,0.003533461,0.007771802,0.0001725211,0.002648758,0.008083173,0.02341536,0.003789401,0.007038272,0.02375125,0.0363402,0.07553677,0.02325239,0.02010648,0.08579191,0.3977939,0.01936993,0.4120126,0.001630128,0.0152214,0.1109249,0.03978139,0.1522481,0.02687332,0.1038211,0.5235378,0.0203537,0.07481614,0.03491553,0.01030427,0.005213266,0.1666139,0.09465946,0.1512652,1.913891,0.04265735,0.02520254,0.2901835,0.1311073,8.918503,9.934097,18.72961,16.57251,32.33763,9.697917,25.94641,55.54839
137,0.02007044,0.03882463,0.02795665,0.01202088,0.01332,0.03801927,0.004268693,0.0008360853,0.03172584,0.02065789,0.008596281,0.001570603,0.02933179,0.01550727,0.214961,0.002341217,0.02293828,0.01303265,0.006606957,0.005939428,2.072178E-05,0.0196428,1.208313E-05,0.002074362,0.03567137,0.0007377755,0.004142165,0.0003884271,0.002687915,2.613617E-05,0.005885581,1.906217E-05,0.003534875,0.007815391,0.0002027924,0.002794122,0.008183508,0.0232091,0.003768613,0.00702934,0.0239092,0.03670618,0.07580791,0.02333948,0.02027284,0.08841304,0.4013632,0.01947602,0.412876,0.001633748,0.01507742,0.1112276,0.03953306,0.152365,0.02686797,0.1034084,0.5369712,0.02078529,0.1037768,0.05074533,0.0110701,0.005913334,0.1745865,0.09681454,0.152473,1.882931,0.04286669,0.02598658,0.2934175,0.1301056,8.985126,9.911734,18.73378,16.46139,32.82133,10.44446,26.401,56.91418
138,0.02007386,0.03885449,0.02796312,0.01202079,0.01332315,0.03802086,0.00425037,0.0008311385,0.03173848,0.02065778,0.00854948,0.001572504,0.02946262,0.01571335,0.2168805,0.00235741,0.022977,0.01282671,0.006532061,0.005993105,2.577944E-05,0.02047194,1.300626E-05,0.001974755,0.03574796,0.0007559655,0.004175246,0.0003949567,0.002745537,2.682294E-05,0.005902107,2.045562E-05,0.003537516,0.007890206,0.0002080077,0.002850752,0.008311489,0.02303717,0.003771822,0.007088243,0.02321433,0.03621057,0.07556186,0.02343765,0.02050806,0.08814908,0.4015481,0.01902477,0.4101317,0.001638093,0.01494221,0.1117658,0.04005032,0.1530692,0.02687421,0.1038691,0.5256453,0.02039788,0.1209922,0.06547739,0.011141,0.006858036,0.1658536,0.09467153,0.1528237,1.88856,0.0452509,0.02711074,0.294695,0.1303465,8.890617,9.964065,19.01515,16.54482,33.066,11.27171,26.63363,58.17506
139,0.02008,0.03889342,0.02797028,0.0120237,0.01332785,0.03804567,0.004226099,0.0008248345,0.0317625,0.02065932,0.008488479,0.001575787,0.02962135,0.01593213,0.2190258,0.002368427,0.02298328,0.01235749,0.006472286,0.006046707,2.822616E-05,0.02146941,1.140439E-05,0.001801845,0.03579159,0.0007700163,0.004204441,0.0003964655,0.002790401,2.733699E-05,0.005900345,2.171532E-05,0.003540843,0.007959875,0.0001983282,0.002826796,0.008409527,0.02287849,0.003788155,0.007179017,0.02225795,0.03525502,0.07525616,0.02352091,0.02064512,0.08568035,0.3994419,0.01836163,0.4052894,0.001642661,0.01480099,0.1122812,0.0409663,0.1527243,0.02689776,0.1047625,0.5064021,0.01981242,0.1141472,0.06949488,0.010313,0.007135693,0.1514401,0.09083282,0.150234,1.917159,0.04875663,0.02827004,0.2906894,0.1311372,8.692172,9.998929,19.41311,16.76722,33.22377,12.10747,26.74158,59.03861
140,0.0200884,0.03894357,0.02797667,0.01202818,0.01333371,0.03807838,0.004195866,0.0008171944,0.03179515,0.02066319,0.008406635,0.001579873,0.0297962,0.01615357,0.2213593,0.002374871,0.02295638,0.01183173,0.00641009,0.006094219,3.048369E-05,0.02258245,1.054201E-05,0.001628797,0.03577944,0.0007778005,0.004223281,0.0003929682,0.0028162,2.768779E-05,0.005888967,2.274316E-05,0.003544202,0.008004489,0.0001780571,0.002699003,0.00845206,0.02272023,0.003811734,0.007280212,0.02125756,0.03404016,0.07499234,0.023561,0.02067449,0.08255626,0.395049,0.01764287,0.3986222,0.001647174,0.01464443,0.1127921,0.04205659,0.1512771,0.02693566,0.1058933,0.4857262,0.02019669,0.1033744,0.06931628,0.009519137,0.006944981,0.136244,0.08654739,0.1456761,1.962968,0.0529581,0.02922982,0.2801743,0.1320728,8.409892,9.922948,19.79018,17.08915,33.36523,12.70754,26.79796,59.65115
141,0.02009494,0.03898837,0.0279835,0.0120331,0.01333869,0.0381568,0.004172882,0.0008121781,0.03181769,0.02066878,0.008376214,0.001583114,0.029959,0.01637916,0.2235935,0.002387954,0.02295818,0.01131203,0.006339541,0.006163491,3.731116E-05,0.02371119,1.632761E-05,0.001541059,0.03568186,0.0007779732,0.004227758,0.0003870624,0.002816659,2.787829E-05,0.005906806,2.334761E-05,0.003545062,0.008022922,0.0001445274,0.002440231,0.008351457,0.02253785,0.003841415,0.007393318,0.02026981,0.0326875,0.07460693,0.02348264,0.02083541,0.07941946,0.3875418,0.01694457,0.3895902,0.00165058,0.01450536,0.114132,0.04322703,0.1514177,0.02695973,0.1068759,0.464597,0.02098261,0.1178225,0.08066201,0.009564075,0.00733883,0.1216527,0.08230684,0.1425557,2.016308,0.05798861,0.0304877,0.2607614,0.1341155,8.022007,9.72333,20.02993,17.44696,33.55744,12.89136,26.92982,60.09542
142,0.02009666,0.0390271,0.02799143,0.01203268,0.01334102,0.03822168,0.004157481,0.0008092897,0.03183093,0.02067577,0.008366073,0.001584813,0.03009522,0.01660125,0.2256474,0.002407265,0.02299577,0.01125265,0.006244371,0.006238343,4.01462E-05,0.02431101,2.218846E-05,0.001901673,0.03567598,0.0007855498,0.004221796,0.0003836178,0.002843104,2.774351E-05,0.005927644,2.427902E-05,0.003541017,0.008079263,0.0001517265,0.002183935,0.008308237,0.0223549,0.003871741,0.007502795,0.02018917,0.03241786,0.07409292,0.02330986,0.02111912,0.0797329,0.3834939,0.01684304,0.383226,0.001652194,0.01439271,0.1156564,0.04427433,0.1527261,0.02696704,0.1076056,0.4544618,0.02088594,0.144687,0.1037034,0.01007273,0.008284982,0.1200346,0.082789,0.1425094,2.033135,0.06305981,0.03174373,0.2582009,0.1357135,7.883572,9.741521,20.06168,17.59806,33.45792,12.52757,26.80326,60.32411
143,0.02009614,0.0390638,0.0280024,0.01202904,0.01334157,0.03826522,0.004144523,0.0008069086,0.03183716,0.02068015,0.008350783,0.001583933,0.03017738,0.01681584,0.2274631,0.00242825,0.02304501,0.01145387,0.00613005,0.006309079,3.912947E-05,0.02484241,2.472213E-05,0.002194748,0.03572788,0.0007896498,0.004208299,0.0003764751,0.002874193,2.779514E-05,0.005950386,2.556565E-05,0.00353286,0.008148486,0.0001942554,0.00236269,0.008384603,0.02219843,0.0038988,0.007587339,0.02066393,0.03286868,0.07409512,0.02326584,0.02137689,0.08204804,0.3865421,0.01711847,0.3836053,0.001654529,0.01428321,0.1168811,0.04494933,0.1537606,0.02696179,0.1074746,0.4606828,0.01942637,0.1607345,0.1262502,0.01222556,0.009385547,0.1262528,0.08518182,0.1433218,2.01556,0.06657803,0.03260789,0.2656074,0.1362,8.034607,9.844499,19.92619,17.58098,33.09728,11.66719,26.44652,60.03297
144,0.02009959,0.03910103,0.02801432,0.0120252,0.01334176,0.03824451,0.004131074,0.0008045116,0.03184448,0.02068266,0.0083441,0.001582378,0.03023566,0.01702707,0.2291607,0.002449933,0.02309697,0.01172698,0.006050329,0.006329934,3.243007E-05,0.02461111,2.45944E-05,0.002334204,0.03580535,0.0007855077,0.004205667,0.0003678382,0.002887822,2.780522E-05,0.005937381,2.752397E-05,0.003526666,0.008150731,0.0001992406,0.002528489,0.008382708,0.02187624,0.003891633,0.007585942,0.02133555,0.03358382,0.07442724,0.02328559,0.02138696,0.0840468,0.389899,0.01753634,0.3877176,0.001656986,0.01420718,0.1168035,0.0448451,0.1542305,0.02695065,0.1068016,0.4722677,0.01791594,0.1540909,0.137385,0.01630968,0.01019587,0.1346964,0.08763621,0.1442919,1.991835,0.06567181,0.03376452,0.2746716,0.1346392,8.26465,9.954456,19.72644,17.47391,32.39758,10.51433,25.79771,59.1702
145,0.02011304,0.03915266,0.02802374,0.0120222,0.01334224,0.03807241,0.004117246,0.0008012843,0.03185971,0.02068364,0.008277092,0.001582011,0.0303022,0.01723931,0.2308557,0.002471624,0.02314752,0.01194851,0.005986637,0.006289207,2.314232E-05,0.0242017,2.161068E-05,0.002382998,0.03587184,0.0007600538,0.004180812,0.0003541916,0.002842055,2.743725E-05,0.005920725,2.911799E-05,0.003525384,0.008061017,0.0001724504,0.002522315,0.00835079,0.02147234,0.003840048,0.007481828,0.02202791,0.03433623,0.07490473,0.02332937,0.02113842,0.08445085,0.3907633,0.01800566,0.3932534,0.001659235,0.01414583,0.1149654,0.04382232,0.1534392,0.02693734,0.1059405,0.4832902,0.01777567,0.1279051,0.1294291,0.02003397,0.009948274,0.1410646,0.08889991,0.1453771,1.97753,0.06029874,0.03450641,0.2801492,0.1313293,8.506733,9.988313,19.48166,17.32643,31.78445,9.605622,25.23709,57.66437
146,0.02012846,0.03920998,0.02803148,0.01201873,0.01334301,0.03784859,0.004103616,0.0007978061,0.03187906,0.02068336,0.008182715,0.001582457,0.03037925,0.01745393,0.2325758,0.002492901,0.02319611,0.01216796,0.005933657,0.006229614,1.69695E-05,0.02353336,1.806113E-05,0.002350237,0.03593535,0.0007306893,0.00414329,0.0003419748,0.002774401,2.664365E-05,0.005877234,3.041276E-05,0.003526879,0.007928473,0.0001434388,0.002463771,0.008308779,0.02102285,0.003756627,0.007321218,0.02271698,0.03507971,0.07542861,0.02338059,0.02077048,0.08382144,0.3904774,0.01846185,0.3995184,0.001661328,0.01408805,0.112426,0.04231883,0.1521555,0.02692361,0.1050352,0.4943319,0.01854488,0.1064046,0.1211253,0.02373436,0.009463801,0.1475166,0.09011713,0.1465939,1.963818,0.05295308,0.03507407,0.2840198,0.1277927,8.706514,9.966073,19.18879,17.1105,31.44705,9.107244,24.91822,56.20774
147,0.02013436,0.0392506,0.02803789,0.01201339,0.01334375,0.03773816,0.004090007,0.0007946589,0.0318937,0.02068217,0.008139854,0.0015821,0.03044798,0.01767069,0.2342959,0.002513713,0.02324345,0.01245235,0.005889389,0.006208824,1.393901E-05,0.02283549,1.44861E-05,0.002260979,0.03601745,0.0007185941,0.00412181,0.00034001,0.002738998,2.600128E-05,0.005845927,3.19956E-05,0.003529195,0.00781755,0.0001397168,0.002510297,0.008301903,0.02060388,0.003670105,0.007159899,0.02328629,0.03571632,0.07593285,0.02345833,0.02040904,0.08373057,0.3932595,0.01884798,0.4050259,0.001663697,0.0140261,0.1110504,0.0407483,0.1519001,0.02691058,0.1041401,0.5092384,0.01848608,0.0921756,0.1167207,0.02797115,0.00915647,0.1561207,0.0920282,0.1478725,1.935897,0.04641529,0.03549291,0.2860857,0.1257414,8.828113,9.942097,18.86916,16.81926,31.68438,9.157259,25.24763,55.27313
148,0.02013455,0.03927948,0.02804344,0.01200657,0.01334451,0.0376984,0.004075494,0.0007912003,0.03190244,0.02068044,0.008145917,0.001580768,0.03050709,0.01789031,0.2360112,0.002534336,0.02328935,0.01274834,0.00585153,0.006215069,1.128782E-05,0.0223582,1.134691E-05,0.002144349,0.03609717,0.0007257604,0.004125121,0.0003459299,0.002766417,2.59373E-05,0.005831617,3.438566E-05,0.003531358,0.00779534,0.0001802652,0.0027084,0.008315874,0.02024546,0.003603829,0.007064964,0.02372598,0.03626996,0.07639157,0.0235414,0.02034727,0.08576148,0.3974102,0.01916028,0.4086173,0.001666336,0.01395999,0.1110061,0.03960282,0.15216,0.026899,0.1033285,0.5249726,0.0160387,0.07620597,0.1083461,0.03059721,0.00857175,0.1649762,0.0941606,0.1490901,1.900455,0.0435181,0.03574947,0.2873601,0.1239856,8.926852,9.911076,18.6971,16.57586,32.33646,9.69644,25.98055,55.58619
149,0.02013374,0.03930381,0.0280484,0.01199916,0.01334552,0.03767181,0.004059624,0.0007870699,0.03190923,0.02067867,0.008167093,0.001579568,0.03057944,0.01811665,0.2378072,0.002553853,0.0233331,0.0130295,0.005820084,0.006226161,9.313928E-06,0.02214449,8.784777E-06,0.002024096,0.03617323,0.0007385458,0.004138268,0.0003525975,0.002803779,2.629751E-05,0.005818736,3.714345E-05,0.003532872,0.007837939,0.0002119417,0.002861754,0.008333781,0.01993234,0.003566027,0.007054058,0.02388645,0.03663444,0.07665602,0.0236244,0.02050893,0.08836143,0.4010445,0.01926623,0.4100967,0.001669405,0.01389449,0.1113018,0.03936141,0.152348,0.02689207,0.1029207,0.5386444,0.01145534,0.06155926,0.09798647,0.03197429,0.007895995,0.1730226,0.09632654,0.1502331,1.871315,0.04380008,0.03615584,0.2903549,0.1223122,8.995238,9.896022,18.77168,16.47187,32.82893,10.443,26.43678,56.95915
150,0.020136,0.03932936,0.02805407,0.01199854,0.01334783,0.03769571,0.004043345,0.0007829136,0.03192446,0.02067996,0.008212631,0.001580843,0.03071177,0.01835659,0.2398732,0.002572426,0.02337211,0.01282528,0.005833003,0.006249176,8.04294E-06,0.02220269,6.574118E-06,0.001849864,0.03624696,0.0007565496,0.004185991,0.0003621917,0.002856762,2.696407E-05,0.005825118,4.000865E-05,0.003535585,0.007911896,0.0002173842,0.002927546,0.008383862,0.01966082,0.003552187,0.007111189,0.02319536,0.036142,0.07640457,0.02371924,0.02074216,0.08809913,0.4013227,0.01881977,0.4079525,0.001673214,0.01383652,0.111844,0.03988936,0.153191,0.02689693,0.1033858,0.5277691,0.00791467,0.04613189,0.08524237,0.03149328,0.006988532,0.164571,0.09421164,0.1507021,1.879353,0.04630799,0.03707401,0.2914391,0.1218576,8.902054,9.9568,19.12414,16.56242,33.08061,11.27024,26.66273,58.22878
151,0.02014072,0.03936436,0.02806041,0.01200023,0.01335165,0.03774106,0.004021184,0.0007774491,0.03195145,0.02068295,0.008241586,0.00158348,0.03087896,0.01861165,0.2422074,0.002585112,0.02337809,0.0123582,0.00585643,0.006272863,6.684043E-06,0.02190914,4.522679E-06,0.001688393,0.03628725,0.0007704772,0.004229236,0.0003682011,0.002896178,2.744838E-05,0.005813914,4.275563E-05,0.003538967,0.007981053,0.0002072881,0.002911754,0.008407545,0.01941142,0.003551609,0.007200649,0.02224302,0.03519363,0.07609645,0.02380032,0.02088013,0.08565318,0.3993486,0.01816345,0.4037777,0.001677283,0.01377206,0.1123745,0.04082361,0.1530448,0.02691939,0.1042837,0.5091575,0.006685142,0.03491594,0.07294021,0.03010762,0.006091141,0.1504923,0.09040613,0.1484246,1.91112,0.04997619,0.03806096,0.2873133,0.1219776,8.704401,9.998722,19.55618,16.79031,33.23902,12.10598,26.7511,59.09338
152,0.02014775,0.0394112,0.02806619,0.01200305,0.01335662,0.03779339,0.003993121,0.0007707002,0.03198715,0.02068837,0.008246929,0.001586912,0.03106889,0.01887008,0.2447711,0.002592565,0.02335024,0.01183479,0.005873732,0.006291597,5.879156E-06,0.02176878,3.425994E-06,0.00155671,0.03627115,0.0007782104,0.004261647,0.0003705876,0.002915735,2.775939E-05,0.005793998,4.524611E-05,0.003542399,0.008025615,0.0001859281,0.002789648,0.008379887,0.01917094,0.003558489,0.007301143,0.02124678,0.03399071,0.07583388,0.02383989,0.02091323,0.08256868,0.3951273,0.01745198,0.3979385,0.001681353,0.01369172,0.1129102,0.04194067,0.1518464,0.02695638,0.1054192,0.4892758,0.007134873,0.0284801,0.06282629,0.02854709,0.00533661,0.1356373,0.08615734,0.1443553,1.96067,0.05437299,0.03880179,0.2767656,0.122294,8.422213,9.928267,19.94162,17.11535,33.37895,12.706,26.79232,59.68325
153,0.02015311,0.03945352,0.02807244,0.01200626,0.01336072,0.03789163,0.003972207,0.0007665043,0.03201224,0.02069551,0.008300135,0.001589501,0.0312508,0.01913346,0.2472346,0.002607427,0.02335167,0.01131776,0.005879126,0.006333839,7.369164E-06,0.02176425,3.956549E-06,0.001436971,0.03616911,0.000778424,0.004279024,0.0003716963,0.002909412,2.790347E-05,0.005804475,4.720622E-05,0.00354336,0.008044442,0.0001504132,0.00253089,0.008215765,0.01891423,0.0035716,0.007414208,0.02026371,0.03265357,0.07545166,0.02376292,0.02107954,0.07948531,0.3878311,0.01676084,0.3899544,0.001684362,0.01362708,0.1142872,0.04314587,0.1522934,0.02697945,0.1064065,0.4690688,0.00890691,0.02674868,0.05523726,0.02705207,0.004782612,0.1213816,0.08195793,0.1417892,2.017991,0.0596372,0.03994892,0.2574607,0.1236715,8.033793,9.735015,20.21616,17.47529,33.57532,12.88975,26.92781,60.09915
154,0.02015393,0.03949038,0.02807986,0.01200555,0.01336212,0.03797665,0.003958775,0.0007643615,0.03202803,0.02070407,0.008370616,0.001590557,0.0314073,0.01939282,0.2495012,0.00262934,0.02338972,0.01126029,0.005857075,0.006384436,1.095032E-05,0.02162839,7.91497E-06,0.001423806,0.03615882,0.000786148,0.0042852,0.0003760192,0.002928449,2.771755E-05,0.005818601,4.958026E-05,0.003539453,0.008101471,0.0001575678,0.002272362,0.008113136,0.01866399,0.003585664,0.007524146,0.02018948,0.03239977,0.07494204,0.0235937,0.02136975,0.07986648,0.3840312,0.0166596,0.3848211,0.001685615,0.01358625,0.1158639,0.04426214,0.1539978,0.02698558,0.1071413,0.4599113,0.0114952,0.03447042,0.0571589,0.02948955,0.004875649,0.1200964,0.08248924,0.142402,2.038727,0.06498322,0.04113535,0.2549123,0.1246701,7.894513,9.761147,20.2936,17.62757,33.48072,12.5259,26.80426,60.32783
155,0.02015277,0.039526,0.02809025,0.01200285,0.01336174,0.03804063,0.003947738,0.000762695,0.03203692,0.02071001,0.008434081,0.001589036,0.03150729,0.01964339,0.2515051,0.002653258,0.02343979,0.01146501,0.005812292,0.00643221,1.525074E-05,0.02155613,1.15393E-05,0.001611433,0.03620667,0.0007904711,0.004283231,0.0003777606,0.002951182,2.770816E-05,0.005834253,5.246148E-05,0.003531474,0.008171503,0.0002019979,0.00246238,0.008132001,0.01844403,0.003596923,0.007609449,0.02067386,0.0328614,0.07494897,0.02355297,0.02163324,0.08226179,0.3873257,0.01692922,0.3862167,0.001687609,0.01354624,0.1171436,0.04501659,0.155416,0.02697922,0.1070174,0.4672527,0.01396669,0.04659391,0.0621038,0.03416787,0.00572436,0.1266591,0.08493569,0.1439348,2.024549,0.06872702,0.04184331,0.2622342,0.1246814,8.045016,9.871733,20.18426,17.61081,33.12156,11.66552,26.44034,60.04679
156,0.02015593,0.03956305,0.02810153,0.01200039,0.01336097,0.0380327,0.003935693,0.0007625287,0.03204709,0.02071408,0.008473448,0.001586861,0.03157678,0.01988999,0.2533647,0.002678014,0.02349274,0.01174232,0.005737365,0.006443352,2.090948E-05,0.02178802,1.497844E-05,0.00183519,0.03628024,0.0007865999,0.00422972,0.0003762708,0.002944268,2.76618E-05,0.005873538,5.498262E-05,0.003525525,0.008174019,0.0002063232,0.002633614,0.00810014,0.01821664,0.003603816,0.007608502,0.02135651,0.03358112,0.07528578,0.02357445,0.02164406,0.08431882,0.3908638,0.01733905,0.3909649,0.001686059,0.01349328,0.1170992,0.04496951,0.1561366,0.02696688,0.1063492,0.4797925,0.01485962,0.05972949,0.0650854,0.03922865,0.007279123,0.1354198,0.08744186,0.1455424,2.003317,0.06741744,0.04140913,0.2721635,0.123648,8.274495,9.98702,19.96861,17.50209,32.41779,10.51268,25.77681,59.18218
157,0.0201636,0.03960618,0.0281123,0.01199812,0.01336044,0.03795072,0.003922119,0.0007618653,0.0320609,0.02071662,0.008479768,0.001585075,0.03163879,0.020136,0.2551945,0.002702382,0.02354483,0.01203272,0.0056603,0.006421337,2.532842E-05,0.02173037,1.69428E-05,0.00201284,0.03636799,0.000777927,0.004174405,0.0003738886,0.002919273,2.753811E-05,0.005901074,5.71642E-05,0.003521673,0.00812744,0.0002010204,0.002745688,0.008072524,0.01798759,0.003593691,0.007549584,0.02190562,0.03437571,0.07569658,0.02364548,0.02147953,0.08550595,0.3952761,0.01769493,0.3966083,0.001683911,0.01343547,0.1160226,0.04438215,0.1558916,0.02695298,0.1055173,0.4934326,0.0148173,0.06999522,0.0629171,0.0426726,0.009000934,0.1439734,0.08996116,0.1468903,1.983651,0.06340531,0.04056307,0.2807048,0.1226276,8.487576,10.03313,19.64519,17.31371,32.03104,9.565062,25.51701,57.65655
158,0.02017666,0.03965716,0.02812006,0.01199591,0.01336035,0.03777502,0.0039083,0.0007607827,0.03208024,0.02071789,0.008435678,0.001584364,0.03170841,0.02038449,0.2570327,0.002725538,0.02359517,0.01228965,0.005588049,0.006366292,2.629764E-05,0.02137637,1.653475E-05,0.002084871,0.03645364,0.0007592047,0.00410994,0.0003688064,0.002864956,2.717124E-05,0.005907947,5.884805E-05,0.003520318,0.008036578,0.0001801432,0.002760916,0.008035158,0.01774214,0.003561068,0.007443726,0.02242955,0.0351637,0.07617266,0.02373024,0.02114202,0.08519953,0.3978006,0.01806274,0.4023211,0.001681119,0.01337572,0.1138026,0.0433842,0.1547215,0.02693853,0.1046207,0.5060783,0.01378855,0.07702451,0.05690623,0.0437455,0.01051717,0.1514701,0.09175472,0.1482576,1.968193,0.05795726,0.0394688,0.2862644,0.1208537,8.667274,10.02159,19.34125,17.09567,32.02865,9.053679,25.47288,56.62674
159,0.02018679,0.03970037,0.02812553,0.01199303,0.01336054,0.03763291,0.003894929,0.0007600003,0.03209971,0.02071803,0.008397527,0.001583904,0.03178202,0.02063774,0.2588965,0.002747284,0.02364334,0.01257711,0.005521317,0.006321173,2.566483E-05,0.02083023,1.53472E-05,0.002116267,0.036539,0.0007449029,0.004046909,0.0003661503,0.00280938,2.675349E-05,0.005875017,6.04051E-05,0.003520879,0.007930406,0.0001617428,0.002772667,0.008001437,0.01748697,0.003516231,0.00730949,0.02295583,0.03588183,0.07668847,0.02380975,0.0207343,0.08447761,0.3997401,0.01841774,0.4079711,0.00167753,0.01331657,0.1117497,0.04209302,0.1538277,0.026924,0.1037398,0.5202621,0.0118565,0.08219588,0.05054901,0.04355358,0.01209409,0.1603778,0.093735,0.1498337,1.946609,0.05177856,0.03850988,0.2905805,0.1191305,8.815115,10.00786,19.13206,16.87663,32.1716,8.959329,25.55577,56.2366
160,0.02019157,0.03973347,0.02812893,0.0119895,0.01336108,0.03756866,0.003880024,0.0007587339,0.03211506,0.02071743,0.008408088,0.001582976,0.03184899,0.02089459,0.2607704,0.002767546,0.02368823,0.01288254,0.005462323,0.006304859,2.362875E-05,0.01995814,1.413947E-05,0.002129182,0.03662958,0.0007461604,0.004002922,0.0003700793,0.002797169,2.650266E-05,0.005861909,6.253575E-05,0.003521817,0.007876514,0.000173593,0.002902409,0.007990289,0.01726067,0.003476923,0.007203006,0.0233638,0.03651166,0.07715081,0.0239015,0.02044387,0.08531494,0.4036975,0.0187105,0.4121902,0.001674318,0.01325866,0.1110142,0.04095448,0.1535859,0.02691164,0.1029299,0.5359041,0.01010431,0.08150039,0.04463715,0.04134791,0.01334413,0.1696723,0.09602301,0.1512748,1.917557,0.04768775,0.03772981,0.2945434,0.1179774,8.935629,10.00617,19.02921,16.70098,32.56385,9.499496,25.93353,56.29781
161,0.02019844,0.03976782,0.02813124,0.01198601,0.01336224,0.03749248,0.003861892,0.0007558235,0.03212947,0.02071679,0.00842835,0.001582086,0.03191438,0.02115452,0.2626685,0.002784633,0.02372912,0.01315476,0.005412251,0.006287086,2.106813E-05,0.01911617,1.308467E-05,0.002120417,0.03671616,0.0007565374,0.003978533,0.0003768579,0.002817336,2.668461E-05,0.005884811,6.524429E-05,0.003521685,0.007890124,0.0001985486,0.003068363,0.007993137,0.01707596,0.003459179,0.007173736,0.02352901,0.03710771,0.07749508,0.02400682,0.02044427,0.08712704,0.408035,0.01884334,0.4147423,0.00167203,0.01320233,0.1105321,0.04054581,0.1527867,0.02690215,0.1022697,0.5500081,0.009106381,0.07703862,0.04122992,0.03836854,0.01428945,0.1772943,0.09852975,0.1523526,1.893814,0.04709954,0.03706238,0.2988186,0.1166156,9.060076,9.98934,19.07256,16.64276,32.8533,10.18353,26.14653,57.05924
162,0.02021045,0.03980415,0.02813291,0.01198605,0.01336434,0.03742841,0.003842599,0.0007519625,0.0321497,0.02071927,0.008455657,0.001583576,0.03203759,0.02143147,0.2648382,0.002801966,0.0237662,0.01310934,0.00538431,0.006270664,1.888598E-05,0.01869292,1.204355E-05,0.001969372,0.03678245,0.0007703817,0.00397596,0.0003854023,0.002845003,2.693643E-05,0.005848133,6.81081E-05,0.003522634,0.007933643,0.0002010512,0.003080545,0.008001477,0.01691233,0.003460722,0.00720247,0.02291016,0.03680781,0.07728241,0.02411331,0.02054334,0.08782662,0.4089998,0.01848372,0.413488,0.001670353,0.0131485,0.1101107,0.04085221,0.1522848,0.0269028,0.1025621,0.5436643,0.009102811,0.0698247,0.03854889,0.03460486,0.01463335,0.1715421,0.09709125,0.153044,1.907211,0.04830248,0.03680491,0.30232,0.1160123,9.028052,9.951075,19.30367,16.77052,33.22432,11.23643,26.53087,57.82721
163,0.02022527,0.03985266,0.02813445,0.01198948,0.01337063,0.03739608,0.00381553,0.0007467048,0.03218736,0.02072356,0.008469274,0.001587174,0.03220917,0.02172865,0.267423,0.002805592,0.0237578,0.01269633,0.005383855,0.006252562,1.679903E-05,0.01824858,1.020616E-05,0.001836639,0.03684632,0.0007829943,0.003981971,0.0003910124,0.002866843,2.709904E-05,0.005784371,7.080061E-05,0.00352643,0.007991792,0.0001899892,0.003062227,0.008006018,0.01674814,0.0034707,0.007266298,0.02200376,0.03600083,0.07707064,0.02419956,0.02055822,0.08581837,0.4079673,0.01788152,0.410381,0.001668182,0.01309687,0.1096444,0.04158413,0.1508481,0.02692891,0.1034676,0.5266899,0.01018692,0.06435422,0.03607603,0.03054952,0.01442534,0.1580926,0.09350504,0.1507657,1.942109,0.05044475,0.03688617,0.3014467,0.1162936,8.866704,9.990287,19.65908,16.9937,33.50219,12.31439,26.75055,58.84553
164,0.02024433,0.03992327,0.02813561,0.01199481,0.01337988,0.03735479,0.003779224,0.0007392681,0.03224084,0.02073026,0.008438435,0.001592465,0.03241571,0.02203761,0.2703988,0.002800086,0.02369317,0.01220003,0.005384009,0.006224411,1.604526E-05,0.0178971,9.311807E-06,0.001736609,0.03687777,0.0007889834,0.003981355,0.0003917493,0.002874326,2.72781E-05,0.005748069,7.321241E-05,0.00353079,0.008033969,0.0001736017,0.00297597,0.007981747,0.01658816,0.003489384,0.007349206,0.0210467,0.0349095,0.07696221,0.02426635,0.02046844,0.08299769,0.4050861,0.01721254,0.4058498,0.001666152,0.01302529,0.1091837,0.04257912,0.1481683,0.02697822,0.104734,0.5075589,0.01255393,0.06162686,0.03420402,0.02693079,0.01412988,0.1432834,0.08934665,0.1459237,1.993558,0.05352563,0.03677137,0.2948382,0.1166627,8.625804,9.966452,20.02715,17.31906,33.7051,13.17269,26.82509,59.75753
165,0.02025989,0.03998533,0.02813708,0.01200035,0.01338829,0.03739681,0.00375088,0.0007349174,0.03228623,0.02073845,0.008470045,0.001596514,0.03261035,0.02235157,0.273232,0.002800538,0.02366494,0.01167817,0.005373359,0.006239346,1.689838E-05,0.01783289,9.590492E-06,0.001580102,0.03680621,0.0007862704,0.003967116,0.000389901,0.002859115,2.737517E-05,0.005726082,7.499697E-05,0.003533857,0.008048001,0.0001460621,0.002728431,0.007843309,0.01640904,0.003514422,0.007446811,0.02009131,0.03357409,0.07672185,0.0242283,0.02050102,0.07995838,0.3989451,0.01653582,0.3987646,0.001662938,0.01296122,0.1099042,0.04368244,0.1472166,0.02701197,0.1058228,0.4875555,0.01578358,0.05633125,0.03209249,0.02319633,0.01334997,0.1286378,0.08504619,0.1421378,2.054492,0.05759254,0.03708905,0.2776881,0.1180056,8.270707,9.793201,20.32024,17.7214,33.71407,13.22846,26.70768,60.38707
166,0.02026979,0.0400352,0.02814113,0.01200236,0.01339141,0.03744207,0.003734013,0.0007334601,0.03231331,0.02074851,0.008538685,0.001598595,0.0327723,0.02265775,0.2757453,0.002819022,0.02368986,0.01157094,0.005339626,0.006275215,1.921631E-05,0.01782384,1.251568E-05,0.001562293,0.03679833,0.0007925715,0.003946641,0.0003928812,0.002865242,2.72737E-05,0.00575725,7.708545E-05,0.003531983,0.008094015,0.0001476404,0.002444458,0.007711708,0.01623008,0.003543023,0.007548116,0.01988838,0.03333333,0.07627606,0.02407145,0.02070116,0.07981537,0.3953655,0.01637843,0.3937707,0.001658512,0.01292905,0.1110113,0.0447567,0.148053,0.02701921,0.1065751,0.4762252,0.01937988,0.05612616,0.03231329,0.02169551,0.01372374,0.125752,0.08562677,0.1422176,2.083815,0.06208477,0.03764236,0.2750151,0.1192405,8.12016,9.773001,20.3794,17.94116,33.42566,12.83379,26.43994,60.26696
167,0.02027595,0.04007968,0.02814975,0.01200205,0.01339185,0.0374783,0.003721635,0.0007331902,0.0323302,0.02075647,0.008604774,0.001597767,0.03287325,0.02295247,0.2779231,0.00284399,0.02373596,0.01174985,0.005282972,0.006310023,2.222721E-05,0.01793665,1.531939E-05,0.001833123,0.03684536,0.0007949304,0.003917422,0.0003923911,0.002879414,2.734371E-05,0.005776097,7.974084E-05,0.003528073,0.008143152,0.0001823976,0.002605521,0.007719126,0.01608122,0.003566868,0.007607249,0.02029795,0.03385977,0.07633209,0.02403632,0.02087125,0.0817683,0.3986298,0.01664371,0.3955165,0.001655143,0.01290044,0.111742,0.04532075,0.1488493,0.02701306,0.1064745,0.4823317,0.02319848,0.05624872,0.03483584,0.02131473,0.01513479,0.1320334,0.0882238,0.1436197,2.075066,0.06400749,0.03789522,0.2830654,0.1196063,8.271826,9.831053,20.19137,17.95193,33.1935,12.03576,26.4159,59.62325
168,0.02028634,0.04012678,0.02816255,0.0120017,0.01339186,0.0374334,0.003707545,0.000730309,0.03234806,0.02076289,0.008591098,0.001596294,0.03294372,0.0232404,0.2799302,0.002870617,0.02378914,0.01200323,0.005233962,0.006318456,2.554899E-05,0.01773601,1.75771E-05,0.002104024,0.03691243,0.0007901762,0.003901175,0.0003888478,0.002893088,2.737449E-05,0.005771281,8.212474E-05,0.003524845,0.00813767,0.0001852192,0.002753794,0.007755763,0.01594914,0.00358989,0.007602759,0.02095575,0.03464454,0.07669972,0.02405668,0.02077075,0.08312768,0.4017527,0.01707271,0.4000856,0.001646301,0.012872,0.1111144,0.04528838,0.1488763,0.02700307,0.1058722,0.4936575,0.02580214,0.05459887,0.03889158,0.0206499,0.0168413,0.1404818,0.09053341,0.145256,2.058883,0.06272297,0.03804016,0.2908265,0.1187067,8.510513,9.890373,19.93458,17.86351,32.62982,10.87189,26.02716,59.16167
169,0.02030844,0.0401884,0.02817798,0.01200339,0.0133926,0.03722673,0.003693018,0.0007256264,0.03237572,0.0207681,0.008488569,0.001596482,0.03302323,0.02352911,0.2819221,0.002898379,0.02384417,0.01218497,0.00519099,0.006271576,2.832301E-05,0.01778547,1.893346E-05,0.002354196,0.03692369,0.0007462944,0.003840938,0.0003711241,0.002818433,2.667233E-05,0.005735361,8.300981E-05,0.003526107,0.008024734,0.000149287,0.002649529,0.00771896,0.01574809,0.003562907,0.00747909,0.02151959,0.03514956,0.07722002,0.02407662,0.02045302,0.08293303,0.4007596,0.0175928,0.40424,0.001635478,0.01285029,0.1090543,0.04418847,0.1475809,0.02699336,0.1051167,0.5036387,0.0271496,0.05505238,0.04188048,0.01931402,0.01846148,0.1453349,0.09104657,0.1468355,2.057348,0.05610002,0.0373011,0.290585,0.1156569,8.794414,9.814967,19.65183,17.77652,32.21532,9.848983,25.71986,58.16859
170,0.02033425,0.04025888,0.02819365,0.01200504,0.01339383,0.03694235,0.003678059,0.0007201475,0.03240835,0.02077217,0.008344185,0.00159785,0.03311624,0.02382158,0.2839561,0.002925566,0.02389882,0.01233548,0.005157224,0.006202133,3.006927E-05,0.01758737,1.96514E-05,0.002583232,0.03692715,0.0006982596,0.003767985,0.0003540937,0.002736068,2.557307E-05,0.005690059,8.315408E-05,0.003529601,0.00787295,0.0001209392,0.002506053,0.007663968,0.01549184,0.003505296,0.007299877,0.0221212,0.03585799,0.07773065,0.02408679,0.02007977,0.08194195,0.3977944,0.01806882,0.4098909,0.001624333,0.01283196,0.1064073,0.04262858,0.1455731,0.02698486,0.1044054,0.5122327,0.02808342,0.05600623,0.04340091,0.0172178,0.01932532,0.1488848,0.09149699,0.1482654,2.054165,0.04799405,0.03678404,0.291265,0.1121375,9.051735,9.696795,19.37471,17.62074,31.8876,9.15832,25.32939,57.16821
171,0.02034924,0.04031696,0.02820794,0.01200421,0.01339495,0.03678172,0.003663207,0.0007154754,0.03243611,0.02077553,0.008247002,0.001598267,0.03319608,0.02411562,0.2859714,0.002951168,0.02395135,0.01258359,0.005132024,0.006173972,3.202264E-05,0.01751952,1.977046E-05,0.002784349,0.03699196,0.0006763082,0.003725377,0.0003541129,0.002693174,2.494998E-05,0.005684682,8.368264E-05,0.003533556,0.00773959,0.0001171947,0.002497525,0.007683417,0.01529078,0.003451945,0.007127577,0.02267551,0.03653333,0.07818951,0.02414807,0.01969426,0.0810447,0.3985269,0.01848498,0.4155466,0.001614207,0.0128081,0.1045176,0.04104711,0.1446626,0.02697864,0.1037028,0.5255074,0.0279356,0.0599086,0.04561878,0.01555916,0.02046895,0.1565611,0.09321801,0.1496622,2.0289,0.04124955,0.03650658,0.2922805,0.1106411,9.20437,9.671764,19.07572,17.32551,32.1604,9.040386,25.70224,56.16574
172,0.02035754,0.04036035,0.0282175,0.01200159,0.01339578,0.03671233,0.00364772,0.0007105073,0.0324566,0.02077854,0.008213012,0.001597432,0.03325659,0.0244146,0.2879443,0.002978123,0.02400278,0.01285252,0.005109498,0.006178586,3.237264E-05,0.01778303,1.945432E-05,0.002949789,0.03706167,0.0006827437,0.003708876,0.000368915,0.002706963,2.501021E-05,0.005660044,8.542187E-05,0.003537366,0.007681068,0.0001601082,0.002674532,0.007732434,0.01514613,0.003415803,0.007006352,0.02304596,0.03715089,0.07863405,0.02422086,0.01956983,0.08265512,0.4021584,0.01876787,0.4187132,0.001604254,0.01277511,0.1041903,0.0397231,0.1445903,0.02697134,0.1030542,0.5405633,0.02798326,0.0641505,0.0458703,0.01424207,0.02098528,0.1646303,0.09534884,0.1507627,1.993437,0.03762366,0.03605977,0.2921455,0.1096787,9.328993,9.637135,18.91429,17.07516,33.2382,9.61713,26.94207,56.4666
173,0.0203676,0.04040205,0.02822412,0.01199885,0.01339726,0.03664365,0.003629166,0.0007039643,0.03247721,0.02078188,0.008189267,0.001597428,0.03333841,0.02472675,0.2900565,0.003002977,0.02404901,0.01307647,0.005094596,0.006182155,3.122658E-05,0.01846669,1.83904E-05,0.00299801,0.03713915,0.0007014592,0.003710791,0.0003862144,0.002747961,2.542486E-05,0.005613976,8.788805E-05,0.003541097,0.007697375,0.0001984793,0.002846697,0.007791304,0.01504331,0.003402401,0.006958297,0.02297559,0.03747857,0.07879861,0.02430426,0.01965528,0.08467703,0.4056084,0.01875805,0.419736,0.001595184,0.01274161,0.1039391,0.03913894,0.1441245,0.02697006,0.1029566,0.5504692,0.02899157,0.07016141,0.04498959,0.01362839,0.02121994,0.1702513,0.09720395,0.1514101,1.968238,0.03696615,0.0358507,0.2936468,0.1090182,9.390613,9.645659,19.08842,16.99783,34.0379,10.17538,27.62129,58.60884
174,0.02037727,0.04043763,0.02822871,0.01200059,0.01339997,0.03664001,0.003610412,0.000697763,0.03250366,0.020788,0.008197847,0.001599246,0.03347194,0.0250549,0.2924422,0.003024525,0.02409113,0.01289823,0.005119317,0.006203561,2.900381E-05,0.01929379,1.748697E-05,0.002814548,0.03721865,0.0007256009,0.003743289,0.0004033654,0.002806928,2.640974E-05,0.005605745,9.060152E-05,0.003545949,0.007752831,0.0002151166,0.002988412,0.007878462,0.01497881,0.003413214,0.006971794,0.02228249,0.03715629,0.07851912,0.02440173,0.01980702,0.08453076,0.4071313,0.01833653,0.41849,0.001587217,0.01271536,0.1039654,0.03925725,0.1443444,0.02697653,0.1034937,0.5390152,0.03170334,0.0759284,0.04369626,0.01346011,0.02098893,0.1621909,0.09534656,0.1515609,1.97346,0.03836453,0.03621151,0.2964624,0.1092376,9.357842,9.739825,19.55695,17.14061,34.17212,10.91499,27.54552,60.39148
175,0.02038594,0.04047554,0.0282325,0.012004,0.01340388,0.03668698,0.003590728,0.0006922818,0.0325399,0.02079541,0.008222277,0.001601827,0.03363542,0.02539625,0.295058,0.003039791,0.02412,0.01247914,0.005154226,0.006240675,2.541563E-05,0.0195237,1.629291E-05,0.002655959,0.03729841,0.0007469043,0.003776661,0.0004151558,0.002857541,2.756803E-05,0.005610476,9.321434E-05,0.003550767,0.007823099,0.0002136114,0.003041555,0.007949667,0.01493439,0.003447227,0.007042984,0.02141454,0.03638292,0.07814136,0.0244854,0.01997588,0.08264566,0.4065638,0.01776652,0.4151837,0.001579859,0.01269675,0.1045552,0.04000555,0.1449646,0.02699132,0.1042931,0.5200881,0.03574464,0.0797789,0.04055432,0.01292723,0.01987779,0.1497485,0.09203038,0.1496134,1.995631,0.04159199,0.0370183,0.2984894,0.1102558,9.210071,9.896142,20.02776,17.37324,34.04098,11.6207,27.299,60.89268
176,0.02039614,0.04051756,0.02823619,0.01200893,0.01340881,0.03676385,0.003570865,0.0006872973,0.03257317,0.02080419,0.008260141,0.001604695,0.03381488,0.02574796,0.2978025,0.003050587,0.02414623,0.01195825,0.005181421,0.006281725,2.116466E-05,0.01963434,1.54908E-05,0.002432051,0.03728686,0.0007590515,0.003800337,0.0004211097,0.002881488,2.830435E-05,0.005563015,9.521475E-05,0.003555489,0.007861774,0.0001861781,0.002863163,0.007920843,0.01487795,0.00349251,0.007138185,0.02047035,0.03513785,0.07775186,0.02448179,0.02015282,0.08004959,0.4017416,0.01710768,0.4085209,0.001571778,0.01266961,0.1054713,0.04107131,0.1457278,0.02700808,0.1051625,0.4988762,0.03964549,0.07734616,0.03705272,0.01228509,0.01810774,0.1352845,0.08790222,0.14723,2.040403,0.04563253,0.03784206,0.2873577,0.1117875,8.885818,9.860572,20.37971,17.7104,34.11819,12.14128,27.29693,60.87298
177,0.02040686,0.04056112,0.02824076,0.01201451,0.0134134,0.03686428,0.003553831,0.0006832344,0.03260433,0.02081459,0.008316425,0.00160722,0.03399735,0.02610175,0.3005117,0.003069311,0.02418207,0.01147072,0.00519631,0.006329685,1.797185E-05,0.01958982,1.615031E-05,0.002280012,0.03716111,0.0007593051,0.003812199,0.0004231538,0.002882477,2.864569E-05,0.005561305,9.648668E-05,0.003559473,0.007867053,0.0001492946,0.002599258,0.007763421,0.01478236,0.003542322,0.007238521,0.01956233,0.03381885,0.07729799,0.02437275,0.02037582,0.07766438,0.3941063,0.01648713,0.400035,0.001563391,0.01263418,0.1067588,0.04217836,0.1470255,0.02701851,0.1059766,0.4779654,0.04322122,0.07174177,0.03295768,0.01175193,0.01641559,0.1217383,0.08405963,0.1460333,2.09795,0.04998479,0.0386551,0.2639488,0.1137078,8.475311,9.600574,20.61434,18.11111,34.26359,12.14661,27.28821,61.06836
178,0.02041248,0.04060241,0.02824846,0.01201533,0.01341513,0.03694962,0.003540892,0.000680493,0.03262776,0.02082558,0.008374911,0.001608081,0.03415837,0.02644837,0.3030705,0.003096181,0.02423446,0.01145882,0.005179372,0.00638258,1.539172E-05,0.01919521,1.671768E-05,0.002377904,0.03713395,0.0007706263,0.003810905,0.0004277886,0.002910644,2.854948E-05,0.005603475,9.839545E-05,0.003558957,0.007905272,0.0001678555,0.002362438,0.007682977,0.0146824,0.003590448,0.007335621,0.01955828,0.03365881,0.07675276,0.02419999,0.02066807,0.07863174,0.3907233,0.01644049,0.3948131,0.001554697,0.0126176,0.1080891,0.04312021,0.1487902,0.02701928,0.1065682,0.4718343,0.04412271,0.07750726,0.0316641,0.01205139,0.01583327,0.1215607,0.08491516,0.1469484,2.115852,0.05429314,0.03957792,0.2596061,0.1152398,8.365074,9.550078,20.64615,18.28655,33.82104,11.47705,26.76627,61.02121
179,0.02041641,0.04064383,0.02825883,0.01201427,0.01341522,0.03701545,0.003528943,0.0006778111,0.0326462,0.02083443,0.008425187,0.001606907,0.03427979,0.02678655,0.3054235,0.003125956,0.02429181,0.01168004,0.005147342,0.006432065,1.291379E-05,0.01876879,1.655846E-05,0.002438009,0.03716377,0.0007784673,0.003807649,0.000429396,0.002944464,2.865978E-05,0.005633553,0.0001009175,0.003554405,0.00796041,0.0002083033,0.002392117,0.007715425,0.01461354,0.003637435,0.007424782,0.02002332,0.03414417,0.07660455,0.02409519,0.02094785,0.0811414,0.3934777,0.01672737,0.3948599,0.001546148,0.01259926,0.1091157,0.04384434,0.1499819,0.02701249,0.1065432,0.4799265,0.04230469,0.08328895,0.03014094,0.01291333,0.01529615,0.1283033,0.08746674,0.1484484,2.104771,0.05808341,0.0401428,0.2661152,0.1160432,8.504744,9.570791,20.43147,18.25809,33.62951,10.54692,26.75469,60.01075
180,0.02042184,0.0406845,0.02826984,0.01201284,0.01341474,0.03704545,0.003513917,0.0006753539,0.03266377,0.02084121,0.008475047,0.001604682,0.03437195,0.02712004,0.3076185,0.003156985,0.02434966,0.01198113,0.005163196,0.006486756,1.044942E-05,0.01820583,1.626994E-05,0.002460186,0.03722399,0.0007831973,0.00377549,0.0004293224,0.002985064,2.882575E-05,0.005682501,0.000104026,0.003548223,0.008002737,0.0002254073,0.002614534,0.00778903,0.0144916,0.003679515,0.007473018,0.02062571,0.03486878,0.07682534,0.02409168,0.02104417,0.08365248,0.3979605,0.01712121,0.3980416,0.001533567,0.01250911,0.109439,0.04424585,0.1507064,0.02700002,0.105962,0.4936909,0.0390276,0.08697577,0.02898007,0.01427675,0.01462796,0.1373041,0.09025078,0.1500186,2.081486,0.05934238,0.03981379,0.2762433,0.1145885,8.738642,9.627947,20.15827,18.09748,33.47956,9.645864,26.81801,59.42862
181,0.02043484,0.04073669,0.02827939,0.0120119,0.01341444,0.03695585,0.003499009,0.0006730198,0.03268751,0.02084644,0.008463351,0.001603191,0.03446296,0.0274555,0.3097698,0.00318842,0.02440599,0.01225313,0.005195369,0.006505429,7.841497E-06,0.01747321,1.554641E-05,0.002468506,0.03729601,0.0007749593,0.003736428,0.0004249755,0.002989566,2.875223E-05,0.005690048,0.000106752,0.003546148,0.007973725,0.0002116972,0.002737807,0.007850208,0.01434327,0.003695294,0.007437199,0.02129706,0.03562419,0.07725902,0.02413959,0.02083984,0.08448475,0.4009946,0.01756616,0.4029554,0.001519685,0.01240182,0.1083639,0.04385312,0.1507014,0.02698357,0.1051079,0.5077023,0.03425973,0.08013225,0.027424,0.01434757,0.01306116,0.1453192,0.09194218,0.1517353,2.059716,0.05682553,0.03898957,0.2839858,0.1116713,8.980133,9.698984,19.95233,17.89046,33.24987,8.952531,26.60314,59.13807
182,0.02044969,0.04079305,0.02828632,0.01201091,0.01341438,0.03682933,0.003485045,0.0006710871,0.03271565,0.02085027,0.008421515,0.001602566,0.03456147,0.02779622,0.3119362,0.003219814,0.02446016,0.01252429,0.005233832,0.00651304,6.046855E-06,0.01682185,1.437499E-05,0.002458225,0.03738531,0.0007577469,0.003683504,0.0004177207,0.002952621,2.803263E-05,0.005633245,0.0001087554,0.003547901,0.007883251,0.0001831292,0.002750373,0.007900648,0.01416022,0.003678318,0.007319057,0.02202856,0.03634481,0.07779277,0.02419681,0.02050466,0.08426653,0.4028574,0.01802511,0.4090019,0.00150481,0.01229547,0.1066577,0.04267937,0.150409,0.02696476,0.1041797,0.5217214,0.02925079,0.06983045,0.02515684,0.01354382,0.01122546,0.1536131,0.09343013,0.1535238,2.035551,0.051001,0.03826156,0.2904707,0.1087189,9.189589,9.780395,19.80398,17.6514,32.90492,8.795185,26.18964,58.57732
183,0.02045814,0.0408351,0.02828965,0.01200866,0.01341449,0.0367801,0.003471313,0.000669409,0.03274097,0.02085309,0.00842023,0.001601561,0.0346531,0.02814065,0.3141048,0.003250863,0.02451204,0.01284756,0.005277431,0.006547523,6.914506E-06,0.01619475,1.349083E-05,0.002421493,0.03748211,0.0007413441,0.003633527,0.0004144952,0.002921261,2.737772E-05,0.005634347,0.0001105136,0.003550603,0.007780556,0.0001656001,0.002756024,0.007953822,0.01397486,0.003644469,0.007170314,0.02265983,0.0369896,0.07830197,0.02428112,0.02017608,0.08456835,0.4063457,0.01841643,0.4148279,0.001490916,0.01219139,0.1058214,0.04121043,0.1509281,0.02694463,0.1032579,0.5390199,0.02481855,0.06664811,0.02588427,0.0134517,0.01005201,0.1634962,0.09549575,0.1553023,2.002963,0.04484946,0.0375438,0.2946482,0.1064675,9.347346,9.83248,19.61649,17.39056,33.19358,9.095795,26.54047,57.78686
184,0.02046244,0.0408663,0.02829127,0.01200525,0.01341449,0.03678143,0.003457014,0.0006673273,0.03276157,0.02085524,0.008462667,0.00159991,0.03473954,0.02849078,0.3162975,0.003282616,0.02456197,0.01317814,0.005325062,0.006601142,8.056752E-06,0.01562324,1.258666E-05,0.002375243,0.03756391,0.0007454163,0.003606715,0.0004200166,0.00295238,2.715063E-05,0.005641219,0.0001133234,0.00355289,0.007751396,0.000189348,0.002935279,0.008029611,0.01381985,0.003620912,0.00707539,0.02309996,0.0375822,0.07873134,0.02437871,0.02013163,0.08688118,0.4107523,0.01873241,0.4182733,0.001478012,0.01208671,0.1060314,0.04011562,0.1517435,0.02692483,0.1024685,0.5568156,0.02335562,0.06777529,0.02901545,0.01352946,0.009392396,0.1732768,0.09772899,0.1569023,1.968884,0.04190992,0.03665964,0.2965914,0.1042263,9.482095,9.837479,19.53281,17.20466,33.98168,9.729929,27.32993,58.20882
185,0.02046788,0.04089587,0.02829267,0.01200184,0.01341503,0.03677406,0.003440768,0.0006641232,0.03278282,0.02085803,0.00851063,0.001599182,0.03485566,0.02885495,0.3186758,0.003312098,0.02460947,0.0134567,0.005379676,0.006648773,9.930633E-06,0.01576084,1.200146E-05,0.002304533,0.03763712,0.0007559893,0.003594812,0.0004272822,0.002999993,2.721651E-05,0.005624381,0.0001166822,0.003555005,0.007785444,0.0002076,0.003068191,0.00811046,0.0136916,0.003620637,0.007061239,0.02310448,0.03787696,0.0788492,0.02448494,0.02030448,0.08947926,0.4142642,0.01876488,0.4192829,0.00146616,0.01198679,0.1064394,0.03992274,0.1522897,0.02691282,0.1022621,0.5685955,0.02514332,0.0744555,0.03304016,0.01351571,0.009124251,0.1809548,0.0996492,0.1582176,1.949234,0.04208697,0.03606685,0.2997655,0.1021486,9.563116,9.834805,19.68317,17.18532,34.40532,10.62051,27.60751,59.74898
186,0.02048166,0.04093609,0.02829432,0.01200515,0.01341721,0.0367621,0.003421917,0.0006595883,0.03282095,0.02086362,0.008556961,0.001600984,0.03502494,0.02923409,0.3213516,0.003337925,0.02464953,0.01330286,0.005475931,0.006687693,1.140058E-05,0.01552546,1.166528E-05,0.002130009,0.03771476,0.0007708773,0.003614638,0.0004367682,0.00306735,2.765478E-05,0.005679971,0.0001201834,0.003558198,0.007850023,0.0002060455,0.003090525,0.008214234,0.01359595,0.003640388,0.007114605,0.02242319,0.03737587,0.07850011,0.02461973,0.02048998,0.08958392,0.4144704,0.01834205,0.4169603,0.001455944,0.01189816,0.1066007,0.04046904,0.1527618,0.02691422,0.1027442,0.5577178,0.02908838,0.07907407,0.03508627,0.01300606,0.008809085,0.17265,0.09763896,0.1586969,1.965407,0.04415547,0.03600652,0.3009335,0.1010028,9.473507,9.878391,20.04873,17.35625,34.55511,11.57731,27.61472,60.85908
187,0.02049362,0.04097995,0.02829674,0.01201151,0.01342103,0.03681738,0.003399289,0.0006550587,0.03286829,0.02087092,0.008608457,0.001603766,0.03522759,0.02963355,0.3243812,0.003350904,0.02465759,0.01282747,0.00558598,0.006748221,1.190768E-05,0.01535874,8.745902E-06,0.001932091,0.03778201,0.0007830914,0.003633905,0.0004428274,0.003133297,2.798392E-05,0.005710428,0.0001236137,0.003562318,0.007929318,0.0001960265,0.003117213,0.008308199,0.01351467,0.003669567,0.007200912,0.02149312,0.03652921,0.07810684,0.02474837,0.02061046,0.08716971,0.4133666,0.01770751,0.4133706,0.001446404,0.011815,0.1071517,0.04137566,0.152829,0.02693396,0.1035995,0.5381563,0.0339843,0.07354835,0.03217739,0.01143938,0.007889877,0.1577822,0.09371831,0.1563168,1.998596,0.04735393,0.03630265,0.3007115,0.1006072,9.298405,9.992277,20.46755,17.60364,34.60889,12.80253,27.5311,61.36185
188,0.02050885,0.04104098,0.02829923,0.0120205,0.0134262,0.03687757,0.003371953,0.0006494364,0.03292346,0.02088006,0.008633829,0.001607252,0.03544756,0.03004638,0.3276414,0.003362051,0.02463959,0.01227716,0.005688785,0.006799613,1.390713E-05,0.01537466,7.629314E-06,0.001752969,0.03773047,0.0007828159,0.003642096,0.0004424472,0.003159119,2.826914E-05,0.0057482,0.0001260841,0.003564002,0.007968481,0.0001651033,0.002875677,0.008257656,0.01342408,0.003714477,0.007313689,0.02053267,0.0352156,0.07774687,0.02478052,0.02064676,0.08398632,0.4076922,0.01701367,0.4065531,0.001436935,0.01170721,0.1077944,0.04259676,0.1518962,0.02696301,0.1046085,0.5172445,0.03894198,0.07088225,0.02955675,0.01003109,0.006999786,0.1421719,0.08931106,0.1518398,2.05667,0.05199227,0.03636499,0.2841612,0.1004394,8.945409,9.862976,20.83009,17.9948,34.84729,13.63446,27.58669,61.78875
189,0.02052517,0.04110682,0.02830124,0.01203057,0.01343104,0.03695677,0.003346271,0.0006443016,0.03297831,0.02089112,0.008668327,0.001610416,0.03566809,0.03046676,0.3309085,0.003379109,0.02462798,0.01173766,0.005773941,0.006861285,1.953534E-05,0.01577797,1.156704E-05,0.00162529,0.03752248,0.0007633412,0.003630369,0.0004340828,0.003150067,2.824154E-05,0.005765477,0.0001275558,0.00356414,0.007955472,0.0001330621,0.002599502,0.008099223,0.01329183,0.003765753,0.007417723,0.01959876,0.03377303,0.07735814,0.02469955,0.02069161,0.08073398,0.3998181,0.01633224,0.3984954,0.001426363,0.01155616,0.1088193,0.04372153,0.1510764,0.02698578,0.1055766,0.4965965,0.04326962,0.07775851,0.02951566,0.009281988,0.006590584,0.1274272,0.08493017,0.1474513,2.131906,0.05705784,0.03613554,0.2551504,0.1003614,8.531808,9.453221,21.101,18.5144,34.95606,13.91173,27.40609,62.30638
190,0.02053399,0.0411615,0.02830378,0.01203436,0.01343217,0.03704505,0.003330885,0.000642361,0.03301234,0.0209036,0.008747221,0.001611375,0.03585529,0.03087723,0.3338317,0.003408999,0.024663,0.01169097,0.005826476,0.006935496,2.840577E-05,0.01617347,2.158079E-05,0.002003112,0.03745189,0.0007662128,0.003614758,0.0004355208,0.003174579,2.759645E-05,0.005797555,0.0001298151,0.003553872,0.007993788,0.0001488112,0.002302811,0.008023822,0.01314539,0.003818704,0.00753038,0.01963028,0.03365032,0.07683224,0.02446767,0.02093033,0.081055,0.3968625,0.01628874,0.3938781,0.00141212,0.01147834,0.110326,0.04478579,0.1523111,0.02698631,0.1062275,0.4883269,0.04398308,0.1317358,0.0411355,0.01002688,0.007304169,0.1270657,0.08575916,0.1473885,2.158889,0.06245604,0.03667337,0.2512894,0.1006204,8.434276,9.389522,21.04845,18.73661,34.52159,13.34911,26.90409,62.11267
191,0.02054097,0.04121313,0.02830774,0.01203521,0.01343107,0.03710767,0.003318346,0.0006409294,0.03303665,0.02091335,0.008821126,0.001609435,0.03596973,0.0312712,0.3363368,0.003442474,0.02471481,0.01190633,0.005853878,0.006996009,3.373843E-05,0.01656323,3.01387E-05,0.002501888,0.0374606,0.0007655414,0.003593868,0.0004337136,0.003210348,2.758057E-05,0.005817893,0.0001329418,0.003539536,0.008050009,0.0001983497,0.002469935,0.008089089,0.01304093,0.0038661,0.007613512,0.02011199,0.03424207,0.07686685,0.02438584,0.02113534,0.08328366,0.4004528,0.01654888,0.3949516,0.001399478,0.01141567,0.1113023,0.04547817,0.15326,0.02697162,0.1059263,0.4957607,0.04065416,0.1793427,0.05694149,0.01073598,0.008218211,0.1340097,0.08848526,0.1485022,2.149146,0.06590543,0.0370122,0.2608274,0.1003082,8.614001,9.466391,20.74181,18.72577,33.52456,12.30475,25.90163,61.08271
192,0.02055132,0.04126466,0.02831205,0.01203602,0.01342945,0.03710501,0.003303461,0.0006383631,0.03306112,0.02092099,0.008860508,0.00160675,0.03605225,0.03165949,0.3386432,0.003477584,0.02477095,0.01219533,0.005825814,0.007009571,3.219456E-05,0.01664123,3.671668E-05,0.003022253,0.03750839,0.0007600599,0.003611056,0.0004288734,0.003250045,2.754729E-05,0.005864191,0.0001375629,0.003530059,0.008065924,0.0002086012,0.002641793,0.008145129,0.01307743,0.003900464,0.007628176,0.0207906,0.03505808,0.07721658,0.0243877,0.02111668,0.08524352,0.4043948,0.01694183,0.3989506,0.001398552,0.01150872,0.1112937,0.04546258,0.153797,0.02695028,0.1051148,0.5082024,0.03482437,0.1877631,0.06976445,0.01129758,0.008984724,0.1429332,0.09099009,0.1498324,2.127357,0.06527536,0.038236,0.2735029,0.099111,8.840568,9.589734,20.25238,18.52432,32.58371,11.16,25.21048,58.99605
193,0.02057496,0.04133355,0.02831574,0.0120385,0.01342865,0.03690787,0.003287376,0.0006342558,0.03310372,0.02092695,0.008800763,0.00160591,0.03615054,0.03205007,0.3409531,0.003513029,0.02482649,0.01238839,0.005783416,0.006949728,2.414127E-05,0.01630076,3.11737E-05,0.003477059,0.03751676,0.0007259775,0.003592605,0.0004111193,0.00320535,2.682869E-05,0.00583936,0.0001411998,0.003528537,0.007973617,0.0001740807,0.002588419,0.008137349,0.01309468,0.003884136,0.007518737,0.02141219,0.03566542,0.07771084,0.02440419,0.02082307,0.08511528,0.4048159,0.01741086,0.4032299,0.001400936,0.01165109,0.1092889,0.04437062,0.1525842,0.02692701,0.1041619,0.5178275,0.02999972,0.1592723,0.07001001,0.01122832,0.008502752,0.1477658,0.09172831,0.1510887,2.118919,0.05864497,0.03872494,0.2792552,0.09613453,9.096365,9.597459,19.75492,18.28477,31.89543,10.31958,24.72406,57.08327
194,0.02060322,0.04141238,0.02831867,0.01204097,0.01342858,0.03661568,0.003270675,0.0006294549,0.03315666,0.02093168,0.00868835,0.001606541,0.03626581,0.03244508,0.3433209,0.003546335,0.02488011,0.01253338,0.00574124,0.00685935,1.931243E-05,0.01600732,3.050643E-05,0.003921743,0.03748906,0.0006801371,0.003547477,0.0003902509,0.003124498,2.524362E-05,0.005783932,0.0001437677,0.003530981,0.007821956,0.0001346724,0.002430139,0.008079786,0.01304053,0.003820986,0.007330358,0.02208978,0.03629526,0.07825046,0.02439925,0.02041841,0.08386096,0.4029029,0.01789605,0.4078854,0.001403941,0.01180411,0.1064969,0.04263399,0.150377,0.02690527,0.1032083,0.5252523,0.02738742,0.1348207,0.06806617,0.01139428,0.008001938,0.1508302,0.09199058,0.1521021,2.113575,0.04942534,0.0387225,0.2797746,0.09235834,9.340048,9.502991,19.28655,18.01691,31.12212,9.564164,24.04634,55.67208
195,0.02062384,0.04148416,0.02832106,0.01204108,0.01342817,0.03638059,0.00325573,0.0006258073,0.0332078,0.02093581,0.008588059,0.001606777,0.03637661,0.03284583,0.3456808,0.003580275,0.02493235,0.01274461,0.005703214,0.006789477,2.042119E-05,0.0153968,3.010674E-05,0.004171513,0.0374923,0.0006460165,0.003511227,0.000378311,0.003060148,2.368802E-05,0.005724023,0.0001462682,0.003535105,0.007667164,0.0001119833,0.002337308,0.00806292,0.01297661,0.003745673,0.007123975,0.02282821,0.03697429,0.07882121,0.02439469,0.01997636,0.08229234,0.4014208,0.0183631,0.413472,0.001406879,0.01194741,0.1038113,0.04072325,0.1486734,0.02688494,0.102286,0.5348127,0.02533556,0.1259267,0.07240984,0.0126507,0.007898878,0.1571997,0.09311594,0.1530439,2.092154,0.04082325,0.03891431,0.2828535,0.08937536,9.497176,9.435285,18.76209,17.63539,31.0853,9.299879,24.30753,54.11536
196,0.02063164,0.04153301,0.02832376,0.01203845,0.01342714,0.03630426,0.003241028,0.0006226228,0.03324719,0.02093965,0.008576576,0.001605068,0.03645119,0.03325129,0.3479607,0.003615558,0.02498324,0.01302691,0.005670929,0.006777813,2.500118E-05,0.01563038,2.625215E-05,0.004254594,0.03752718,0.0006355845,0.003497684,0.0003806194,0.003046458,2.271021E-05,0.005701199,0.0001498538,0.003539484,0.007564098,0.0001313829,0.002419181,0.008104891,0.01294912,0.003677268,0.006945228,0.02341887,0.03756974,0.07936647,0.02443088,0.01962849,0.08231793,0.4043427,0.01872203,0.4177598,0.001410326,0.01207407,0.1031495,0.03890239,0.1485234,0.02686788,0.1014188,0.5491557,0.02334647,0.1452751,0.09575862,0.01642002,0.008514955,0.1655946,0.09494679,0.1536098,2.047832,0.03469216,0.0389452,0.2850396,0.08769266,9.574373,9.386815,18.31598,17.23024,31.73074,9.699439,25.21918,54.01608
197,0.02063525,0.041569,0.02832734,0.01203422,0.01342578,0.03628314,0.00322474,0.0006187734,0.03327892,0.02094378,0.008608974,0.001602549,0.03651654,0.03366675,0.3502752,0.003650165,0.02503331,0.01330544,0.005644825,0.006786557,2.407092E-05,0.01643942,2.178463E-05,0.004197465,0.037566,0.0006466261,0.003513672,0.0003919168,0.003100525,2.288938E-05,0.005697162,0.0001549169,0.003543298,0.007555985,0.0001825123,0.002606283,0.008165504,0.01297237,0.003639797,0.006865049,0.02368368,0.03790079,0.0797254,0.02448864,0.01969852,0.08426157,0.4075648,0.01885021,0.4191477,0.001414596,0.01218807,0.1034279,0.03790199,0.1484802,0.02685648,0.100928,0.5623569,0.02113516,0.1580558,0.1115485,0.02060369,0.009098664,0.173247,0.09678459,0.1535817,2.002135,0.03278379,0.03898738,0.2873721,0.08625134,9.583477,9.348507,18.18123,16.96396,32.32396,10.63964,25.88275,55.49786
198,0.0206414,0.0416037,0.02833206,0.01203605,0.01342579,0.03631205,0.00320682,0.0006146171,0.03331872,0.02095136,0.00867043,0.001602453,0.03665553,0.0341094,0.3530282,0.003680268,0.02507561,0.01312194,0.005665543,0.006807798,2.074972E-05,0.01732815,1.734762E-05,0.003858432,0.03760786,0.0006677022,0.003565898,0.000406171,0.003183422,2.389738E-05,0.005701012,0.0001605823,0.003548639,0.007607104,0.0002059294,0.002731934,0.008255663,0.01303243,0.003632362,0.006866226,0.02304612,0.03737456,0.07951298,0.02457155,0.01989238,0.08414778,0.4077278,0.01842892,0.4168479,0.001419941,0.01229865,0.1040227,0.03779754,0.1490453,0.02686446,0.1014376,0.5509729,0.01881041,0.1459458,0.1150872,0.02239405,0.008990026,0.1647964,0.09458948,0.1526966,1.992966,0.03350024,0.03956335,0.2876315,0.08557469,9.438001,9.390115,18.42931,16.93284,32.45153,11.7923,26.05293,57.13662
199,0.02064861,0.04164445,0.02833808,0.01204019,0.01342698,0.03636271,0.003183848,0.000609258,0.03336498,0.0209609,0.008714707,0.001603445,0.03684117,0.03457606,0.3561757,0.003702201,0.02509021,0.01264447,0.005700003,0.006833251,1.587088E-05,0.01751648,1.265605E-05,0.003511912,0.03761535,0.0006878962,0.003617363,0.0004164667,0.00326099,2.50339E-05,0.005718481,0.000166267,0.003554866,0.007668391,0.0002101377,0.002786232,0.008327756,0.01311121,0.003642359,0.006912691,0.02211703,0.03638668,0.07916564,0.02465654,0.02001505,0.08187141,0.4056169,0.01779092,0.4124748,0.001426022,0.01238823,0.1046292,0.03823999,0.1486685,0.02688897,0.1023749,0.5314179,0.01737595,0.1135494,0.1047852,0.02086182,0.007914451,0.1505151,0.09071537,0.148956,2.009399,0.03545174,0.04016155,0.2831142,0.08517594,9.210724,9.412547,18.82742,17.07397,32.30076,13.03816,25.89626,58.05838
200,0.02065411,0.0416861,0.02834496,0.01204486,0.0134283,0.03645141,0.003160937,0.0006045279,0.03341091,0.02097278,0.008773772,0.001604359,0.03704938,0.03505974,0.3595196,0.003722186,0.02509335,0.01209884,0.005727665,0.006872622,1.24143E-05,0.01731138,9.733273E-06,0.003205055,0.03755955,0.0007027963,0.003658164,0.000422181,0.003314999,2.602899E-05,0.005703796,0.0001715306,0.003561126,0.007714634,0.0001945598,0.002711551,0.008334198,0.01318665,0.003664146,0.006986378,0.02113377,0.03514967,0.07880174,0.02469024,0.02013923,0.0789791,0.4012545,0.01709895,0.4062981,0.001431768,0.01246605,0.105651,0.03900526,0.14843,0.0269176,0.1034452,0.5101781,0.01522949,0.08831293,0.09556092,0.01948493,0.006918871,0.135565,0.08647025,0.1445412,2.04146,0.0382928,0.0408577,0.2727052,0.0851888,8.903163,9.356076,19.15383,17.28822,32.10764,13.82824,25.71884,58.33449
201,0.02065704,0.04172429,0.02835187,0.01204808,0.01342908,0.03657615,0.003141833,0.0006015145,0.0334528,0.02098682,0.008868426,0.001604508,0.03726433,0.03554897,0.362859,0.003747723,0.02510811,0.0115621,0.005740809,0.006932776,9.70664E-06,0.01712004,8.336843E-06,0.002950082,0.03743413,0.0007078909,0.003683873,0.0004227636,0.003341967,2.673727E-05,0.005703924,0.000176086,0.003566989,0.007740241,0.000167226,0.002531636,0.00824877,0.01324417,0.003695077,0.007076114,0.02016049,0.03380925,0.0783817,0.02463998,0.02034417,0.07613934,0.3946436,0.01642586,0.3984516,0.001436566,0.0125407,0.1072324,0.03993737,0.1492701,0.02693858,0.1044649,0.4888842,0.01157882,0.07007162,0.08821067,0.01819987,0.00609567,0.121265,0.08227365,0.1417819,2.081522,0.04191624,0.04167269,0.256676,0.08569682,8.523419,9.21725,19.33188,17.5027,31.93401,14.09759,25.58234,58.31951
202,0.02065423,0.04175493,0.02836029,0.01204554,0.01342682,0.0366661,0.003127412,0.0005997042,0.03348198,0.0210008,0.008968406,0.001602393,0.03743863,0.03602546,0.3658635,0.003783523,0.02515455,0.01154211,0.005714531,0.006993966,8.160422E-06,0.01668369,8.857999E-06,0.002859407,0.0374062,0.0007209332,0.003695378,0.0004261466,0.003396098,2.682089E-05,0.005735417,0.0001814408,0.003560811,0.007804161,0.0001937877,0.002361509,0.008232365,0.01329336,0.003733382,0.007172059,0.02026664,0.03377445,0.07802536,0.02448377,0.02062754,0.07706326,0.3946601,0.01643291,0.3966237,0.001438017,0.01263633,0.1088037,0.04082552,0.1507432,0.02693936,0.1050756,0.4848887,0.007972838,0.0639671,0.08967748,0.01928242,0.005820039,0.1216227,0.08296037,0.1419628,2.07468,0.04568857,0.04224735,0.2559376,0.0856749,8.481842,9.239841,19.2452,17.4779,31.74895,13.3394,25.41599,58.01879
203,0.02064886,0.04178118,0.02836921,0.01203947,0.01342307,0.03673919,0.003114647,0.0005982065,0.0335,0.02101295,0.00906458,0.001597879,0.0375503,0.0364821,0.3684988,0.003822483,0.02521127,0.0117516,0.00567178,0.00705182,7.454706E-06,0.0162919,9.258296E-06,0.002872032,0.03742205,0.0007294745,0.003702384,0.0004264054,0.003452648,2.719624E-05,0.005792734,0.0001873975,0.003549177,0.007873484,0.0002198863,0.002535991,0.008273572,0.01334467,0.00377101,0.007247628,0.02080804,0.03427543,0.07810052,0.02443474,0.02087205,0.07943358,0.3991325,0.01672992,0.3991927,0.001440737,0.01272681,0.1101433,0.04144419,0.1519265,0.02692558,0.10481,0.493347,0.005958866,0.06079353,0.0919584,0.02187598,0.005763421,0.1278968,0.08523656,0.1428248,2.040577,0.04824644,0.04244857,0.2610233,0.08520956,8.62904,9.311317,19.03387,17.32076,31.42235,12.16842,25.16277,57.45989
204,0.02064732,0.04180638,0.02837772,0.01203258,0.01341905,0.0367409,0.003097606,0.0005992216,0.03351798,0.02102378,0.009097027,0.001592924,0.03763565,0.03693284,0.3709644,0.003861534,0.02526953,0.01202211,0.005655674,0.007051145,7.460072E-06,0.0160438,1.000134E-05,0.002896039,0.03745159,0.0007263622,0.003700671,0.0004214442,0.003466023,2.73926E-05,0.005814143,0.0001916696,0.003541025,0.00786718,0.0002077286,0.00267537,0.00826651,0.01327047,0.003797274,0.007236536,0.02148413,0.03498108,0.07846315,0.02443951,0.02085129,0.0811724,0.4023832,0.01712828,0.4043389,0.001438374,0.01283438,0.1101279,0.04125471,0.1522798,0.02690496,0.1040838,0.5052299,0.005231377,0.0579492,0.09282413,0.02535715,0.005923931,0.1358438,0.08753385,0.1436941,2.004397,0.04706302,0.0424469,0.2667395,0.08456926,8.835802,9.385714,18.78689,17.10659,30.79663,10.89502,24.5447,56.61192
205,0.02065629,0.04184151,0.02838492,0.01202628,0.01341562,0.03657926,0.003078897,0.0006000565,0.03354274,0.02103307,0.009041731,0.001589218,0.03772288,0.03738569,0.3733946,0.003900435,0.02532602,0.0122351,0.005649981,0.006986907,8.142785E-06,0.01585492,1.151144E-05,0.002899935,0.03743182,0.0006996497,0.003674259,0.000408095,0.003417351,2.706334E-05,0.00582016,0.0001940508,0.003538864,0.007775167,0.0001698391,0.00262047,0.008204689,0.01311677,0.003786993,0.007131263,0.02214825,0.03564304,0.07893922,0.02444407,0.02059728,0.08148888,0.4017162,0.01758904,0.4094602,0.001433919,0.01294538,0.1085084,0.04027692,0.151194,0.02688169,0.1032021,0.5156159,0.005983782,0.05256795,0.08674999,0.0281738,0.006177863,0.1413968,0.08853328,0.1445431,1.983344,0.04285317,0.04164968,0.2676884,0.08265045,9.082042,9.339016,18.50965,16.91286,29.97147,9.542738,23.74834,55.16122
206,0.02066931,0.04188295,0.0283894,0.01201949,0.01341263,0.03632979,0.003059342,0.0006002975,0.03357174,0.02104096,0.008936491,0.001586518,0.037818,0.03784205,0.375843,0.003938292,0.02537984,0.01241294,0.005650863,0.00689369,1.02446E-05,0.01566121,1.401655E-05,0.00291931,0.03740535,0.0006731287,0.003640748,0.0003970599,0.003360643,2.630137E-05,0.005804475,0.0001955695,0.003539445,0.007654906,0.0001396732,0.002540117,0.008139629,0.01292069,0.003751056,0.006980881,0.02276962,0.03634351,0.07944895,0.02444942,0.02022463,0.08072478,0.3998871,0.01802002,0.4149247,0.001428506,0.01305137,0.1060537,0.03895365,0.1491882,0.02685704,0.1022851,0.5243304,0.007400533,0.04564463,0.07475279,0.02863985,0.006321319,0.1457255,0.08927743,0.1452719,1.966215,0.03767618,0.04089563,0.268131,0.08061838,9.283113,9.22992,18.14151,16.65606,30.35722,9.126115,24.42604,53.24841
207,0.02067215,0.04190582,0.02839268,0.01201051,0.01340973,0.03620311,0.003038086,0.0006000716,0.03359392,0.02104787,0.008891888,0.001582942,0.03789725,0.03830364,0.3782959,0.003972472,0.02542939,0.01264939,0.005656846,0.00683975,1.442451E-05,0.0156483,1.686505E-05,0.002978376,0.0374121,0.0006609628,0.003620139,0.0003966244,0.003332037,2.567507E-05,0.005798417,0.000197489,0.003540556,0.007556624,0.0001417137,0.002570587,0.008122888,0.0127385,0.003710642,0.006836758,0.02314817,0.0369606,0.07989589,0.02448359,0.01993463,0.08101845,0.4017993,0.01830749,0.419544,0.001423122,0.01314541,0.1048233,0.03762221,0.1478772,0.02683538,0.1014663,0.5365431,0.009322005,0.05368028,0.07322366,0.03223969,0.007413764,0.1522875,0.09094352,0.1460485,1.933574,0.0333631,0.04038755,0.2687125,0.07966816,9.39548,9.167075,17.91533,16.36072,31.264,9.139832,25.42729,53.6633
208,0.020669,0.04191367,0.0283949,0.01199996,0.01340631,0.03615322,0.003017205,0.000599851,0.03361034,0.02105425,0.008891162,0.001578416,0.0379603,0.0387712,0.3806944,0.00400754,0.02547725,0.0129158,0.005665915,0.006815542,1.894229E-05,0.01556171,2.023464E-05,0.003098672,0.03742,0.0006682777,0.003623022,0.0004060033,0.003366763,2.562635E-05,0.005797246,0.0002009207,0.003541243,0.007536437,0.0001853942,0.002770029,0.008136206,0.0125999,0.003690453,0.006752613,0.02345301,0.03751644,0.08032722,0.02452986,0.01979741,0.08267144,0.4054468,0.01859238,0.4223097,0.001417949,0.01323252,0.1043499,0.03672636,0.1470001,0.02681283,0.1006579,0.5504904,0.01082717,0.0597464,0.06828319,0.03424767,0.008664951,0.1603414,0.09295131,0.1470614,1.893946,0.03151677,0.04008465,0.2700492,0.07888367,9.499814,9.13366,17.98055,16.18595,32.41151,9.410742,26.54219,55.39022
209,0.02066497,0.04191702,0.02839593,0.01198912,0.01340331,0.03612144,0.002995122,0.0005990253,0.03362607,0.02106028,0.008904456,0.001574177,0.03802815,0.03924953,0.3831718,0.004038583,0.02552036,0.0131789,0.005679508,0.006794258,2.320741E-05,0.01590475,2.123333E-05,0.003173075,0.03744797,0.0006813222,0.003634683,0.0004157089,0.003414251,2.60924E-05,0.005800037,0.0002050004,0.003541195,0.007581104,0.0002148439,0.002947282,0.008156847,0.01249242,0.003692072,0.006738361,0.02364442,0.03798866,0.08066441,0.02457703,0.01987705,0.08485343,0.4094424,0.01875836,0.4240682,0.001413002,0.01332446,0.1042825,0.03651438,0.1462608,0.02679561,0.1000884,0.5636009,0.0108551,0.0657182,0.06885014,0.03651286,0.009897622,0.1687222,0.09522781,0.1479656,1.856712,0.03195715,0.04040625,0.2750283,0.07826442,9.616261,9.190578,18.35516,16.18212,33.16235,10.10708,27.0606,57.59924
210,0.02066448,0.0419226,0.02839484,0.01198353,0.01340167,0.03611647,0.002971966,0.000597747,0.03365507,0.02106926,0.00893082,0.001572783,0.03817019,0.03975907,0.3861084,0.004065189,0.02555533,0.01311282,0.005726773,0.006776561,2.370568E-05,0.01595666,1.850708E-05,0.003046436,0.03750151,0.0006982181,0.003669426,0.0004263472,0.003472487,2.675463E-05,0.005823784,0.0002092596,0.003541803,0.007650053,0.0002246184,0.003047728,0.008207323,0.01241707,0.003710106,0.006778744,0.02309424,0.03777684,0.08043069,0.02464814,0.02001683,0.08538735,0.4112388,0.01843982,0.4234003,0.001409032,0.01343018,0.1043818,0.03694382,0.1461222,0.02679115,0.1004417,0.5569138,0.009647926,0.06716808,0.06729283,0.03702674,0.01054414,0.1642977,0.09433506,0.1485767,1.854004,0.03386685,0.04159125,0.2829807,0.07838321,9.61921,9.350569,18.96231,16.37937,33.50153,10.94509,27.17246,59.15301
211,0.02066843,0.04194451,0.02839185,0.01198286,0.01340263,0.03613417,0.002941574,0.0005949481,0.03369959,0.02107978,0.008930038,0.001573626,0.0383776,0.040305,0.3897226,0.004074893,0.02553455,0.01269651,0.005795565,0.006753052,2.096978E-05,0.01578892,1.454971E-05,0.002873575,0.03755656,0.0007133128,0.003714534,0.000434627,0.003527515,2.738646E-05,0.005854901,0.0002133253,0.003542858,0.007722109,0.0002186292,0.00308124,0.008257299,0.01236758,0.00374475,0.006861337,0.02221636,0.03704046,0.08015491,0.02473405,0.02003747,0.08335868,0.4109674,0.01785639,0.4208418,0.001406193,0.01353725,0.1044549,0.0378715,0.1450142,0.02681248,0.1013582,0.5396574,0.009124157,0.06609086,0.06221242,0.03575296,0.01052303,0.1522065,0.09105532,0.1458336,1.880457,0.03703578,0.04299627,0.2882196,0.07904611,9.497829,9.55259,19.59825,16.70141,33.27456,11.71622,26.69495,59.92954
212,0.02067334,0.04197422,0.02838747,0.0119845,0.01340477,0.03618231,0.002909414,0.0005920837,0.0337511,0.0210945,0.008925131,0.00157535,0.03861962,0.0408679,0.3937411,0.004076975,0.0254847,0.01219928,0.00585653,0.006738174,1.781335E-05,0.01542885,1.240708E-05,0.002707752,0.03754727,0.0007199587,0.003746188,0.000437249,0.003551404,2.748381E-05,0.005785978,0.0002168249,0.003545281,0.007763437,0.0002000776,0.002983492,0.008248167,0.01231171,0.003784538,0.006947923,0.02127437,0.03593519,0.07993953,0.02475853,0.02003357,0.08068854,0.4081328,0.01720161,0.416179,0.001402198,0.01362654,0.1049064,0.03896175,0.1438355,0.02684586,0.1024743,0.5199881,0.009341488,0.06417239,0.05559754,0.03344132,0.01025239,0.1387188,0.0871825,0.1418622,1.928521,0.04055229,0.04404612,0.2850721,0.07991461,9.255377,9.617449,20.02408,17.08223,33.21948,11.72918,26.54542,59.67099
213,0.02067757,0.04199826,0.02838205,0.01198778,0.01340636,0.03628776,0.002884891,0.0005914915,0.03379675,0.02111093,0.008972895,0.001576318,0.03884516,0.04143755,0.3974555,0.00409862,0.02547681,0.01166078,0.00590286,0.006759364,1.594301E-05,0.01510896,1.120741E-05,0.002419739,0.03739956,0.0007136838,0.003761933,0.0004353403,0.003540476,2.75129E-05,0.005785293,0.0002190661,0.003546583,0.007769261,0.0001607405,0.002712985,0.008079434,0.01223194,0.003832291,0.007045263,0.02031619,0.03454369,0.07959518,0.02465939,0.02015979,0.07776158,0.4013126,0.01652345,0.4085908,0.001397438,0.01369872,0.1062997,0.04010648,0.1442502,0.02685888,0.1033817,0.4993112,0.01021148,0.05310646,0.04436254,0.02852635,0.009118882,0.1247475,0.0829769,0.1391312,1.992344,0.04483292,0.0451062,0.2653188,0.08145919,8.853197,9.414884,20.26126,17.52085,33.22083,11.47918,26.45921,59.46277
214,0.02067609,0.04201557,0.02837691,0.01198509,0.01340431,0.03638914,0.002868179,0.0005932147,0.03383128,0.02112622,0.009051342,0.001575483,0.03903465,0.04199546,0.4007693,0.004136262,0.0255126,0.01162538,0.005914439,0.006799296,1.507575E-05,0.014494,1.324026E-05,0.002275504,0.0373636,0.0007219782,0.003771828,0.000440916,0.003572603,2.726545E-05,0.005808775,0.0002222171,0.003542967,0.007823419,0.0001689788,0.002458122,0.008000391,0.01215958,0.003882533,0.007146413,0.02036706,0.03432759,0.07912049,0.02446916,0.02042901,0.07861138,0.3985475,0.01648629,0.404421,0.001391561,0.01380815,0.1079622,0.04120454,0.1461486,0.02685129,0.1040029,0.4926641,0.01108791,0.05160616,0.04125666,0.02651915,0.009145253,0.1251307,0.08372378,0.1398834,2.013299,0.04937199,0.04635013,0.2646715,0.0828753,8.732347,9.449041,20.21374,17.6729,32.72915,10.80001,25.94664,59.1069
215,0.02067286,0.04203192,0.02837306,0.01197965,0.01339962,0.03646716,0.002854162,0.0005954785,0.03385323,0.02113792,0.009120778,0.001571952,0.03914484,0.04253254,0.403575,0.004179291,0.02556261,0.01183585,0.005902746,0.006833436,1.487466E-05,0.01397265,1.490631E-05,0.002325242,0.03738894,0.0007248928,0.003772604,0.0004421964,0.00360782,2.704466E-05,0.00576863,0.0002261695,0.003539598,0.007884587,0.0001969238,0.002663023,0.008025249,0.01209331,0.003925991,0.007203781,0.02092208,0.03479117,0.07928179,0.02438521,0.02063172,0.08100523,0.4014926,0.01678848,0.4065129,0.001385844,0.01391951,0.109123,0.04184836,0.1477998,0.02682868,0.1036056,0.5012174,0.01193794,0.05071954,0.0402987,0.02520203,0.009771626,0.1324396,0.08611205,0.141609,2.000273,0.05128081,0.04709016,0.2733682,0.08365665,8.879737,9.565727,19.91268,17.59787,32.06318,9.856125,25.39777,58.02836
216,0.02067801,0.0420565,0.02836996,0.01197437,0.01339461,0.03640404,0.002836879,0.0005979664,0.0338781,0.02114752,0.009079409,0.001568487,0.03923013,0.04306205,0.4061842,0.004224101,0.02561626,0.01207811,0.005919452,0.006847708,1.51193E-05,0.01367136,1.657675E-05,0.002386744,0.03743599,0.0007123657,0.003722105,0.0004358603,0.00362659,2.677672E-05,0.005789188,0.0002291687,0.003537217,0.007858184,0.0001846728,0.002735382,0.008087359,0.01211411,0.003937228,0.007159206,0.02164298,0.03548056,0.07969709,0.02436453,0.02052331,0.08216419,0.4038792,0.01721894,0.4113799,0.00138242,0.01403849,0.1083747,0.04147259,0.1480603,0.02680055,0.1027758,0.5125501,0.01273819,0.05023818,0.0401958,0.02424219,0.0107456,0.1402037,0.08785733,0.1433869,1.984132,0.0485275,0.0447689,0.2812738,0.08318897,9.083458,9.668393,19.50063,17.39913,31.49175,9.076106,25.09126,56.64621
217,0.0206924,0.04209737,0.0283668,0.01196973,0.01339065,0.03620127,0.002817507,0.0005992346,0.03391065,0.02115538,0.008954035,0.001566479,0.03932415,0.04359305,0.4087893,0.004267314,0.02566952,0.01227084,0.005949135,0.006818436,1.610808E-05,0.0132627,1.857565E-05,0.00245768,0.03747798,0.0006836423,0.003653063,0.0004220887,0.003593921,2.599862E-05,0.005763159,0.0002307664,0.003536853,0.007757657,0.000155184,0.002660709,0.008110572,0.01211937,0.003909295,0.007033486,0.02224568,0.03622738,0.08020756,0.02436589,0.02019895,0.08170463,0.404389,0.01759745,0.4172984,0.001379487,0.014156,0.1062451,0.04037623,0.146772,0.02677275,0.1018301,0.5219142,0.01391526,0.05129624,0.03890004,0.02299645,0.01188275,0.1457446,0.08879174,0.1450034,1.97355,0.043125,0.04177916,0.2869096,0.08190691,9.270168,9.691815,19.09101,17.14913,30.68603,8.369639,24.40954,55.60762
218,0.02070934,0.04214652,0.02836281,0.01196455,0.01338744,0.035934,0.002796989,0.0005996984,0.03394715,0.0211619,0.008786453,0.001565491,0.03943147,0.0441309,0.411442,0.004307211,0.02572108,0.01244271,0.005986952,0.006767135,1.774317E-05,0.01275083,2.082623E-05,0.002575697,0.03754228,0.000661697,0.003583688,0.0004115876,0.003551397,2.516573E-05,0.005720604,0.0002318368,0.003537561,0.007635701,0.0001349334,0.002614846,0.008145814,0.01210667,0.003861625,0.00688224,0.0227514,0.0369532,0.08075722,0.02438592,0.01978573,0.08029916,0.4053816,0.01792962,0.4232024,0.001376551,0.01426563,0.1033984,0.03903534,0.1445504,0.02674678,0.1008883,0.5295612,0.01581201,0.05293379,0.03736006,0.02165179,0.0130335,0.1507114,0.08959309,0.1464277,1.960654,0.03747114,0.0389939,0.28951,0.08089422,9.386249,9.674524,18.64783,16.81519,30.8801,8.455103,24.80301,54.14436
219,0.02072094,0.04219051,0.02835859,0.0119575,0.01338449,0.03570608,0.002776604,0.0006003484,0.03398143,0.02116755,0.008628572,0.001564387,0.03953652,0.04467656,0.4141085,0.004343841,0.02577106,0.01265685,0.006030307,0.006726354,2.037218E-05,0.01245653,2.310883E-05,0.002744271,0.03761014,0.0006475464,0.003523591,0.0004074414,0.00352138,2.421621E-05,0.005676002,0.0002329656,0.003538803,0.00752357,0.0001236069,0.002601406,0.008192183,0.01209651,0.003808666,0.006726614,0.02318362,0.03761008,0.08131773,0.02442438,0.01934807,0.07870697,0.4073627,0.01820152,0.4283404,0.001373796,0.01436271,0.100743,0.03763371,0.1425903,0.02672262,0.09997379,0.5390127,0.01731988,0.05571381,0.03558144,0.02059518,0.01428316,0.1577009,0.09101307,0.1477747,1.938606,0.03258072,0.03655925,0.2896528,0.08013219,9.457599,9.635564,18.38192,16.50445,31.2932,9.053404,25.21586,54.36966
220,0.0207241,0.04221404,0.02835375,0.01194912,0.01338207,0.03560398,0.002754878,0.0006005379,0.03400782,0.02117272,0.008555301,0.001562033,0.0396146,0.04522866,0.4167158,0.004380613,0.02581814,0.01290387,0.006076543,0.006731563,2.379868E-05,0.01283598,2.476086E-05,0.002959997,0.03766504,0.0006471517,0.003480115,0.0004116115,0.003538281,2.344319E-05,0.005642999,0.0002351784,0.003539939,0.007458663,0.0001491122,0.002720569,0.008257124,0.01210387,0.003758942,0.006600834,0.02349104,0.03816841,0.08179974,0.02447394,0.01910341,0.07948115,0.4109376,0.0183969,0.4315549,0.001371377,0.01444895,0.09991817,0.0363664,0.1417819,0.02670096,0.09914853,0.5517979,0.01800638,0.05751333,0.03496667,0.01980052,0.01531392,0.1650208,0.09291233,0.1486976,1.906056,0.02955559,0.03449629,0.2892199,0.07943498,9.523902,9.58312,18.30997,16.29731,32.0858,10.0134,26.02969,55.28817
221,0.02072457,0.04223242,0.02834726,0.01194026,0.01338035,0.03554637,0.002730278,0.0005999177,0.03403861,0.02117863,0.008515222,0.001560044,0.03970235,0.04580073,0.4194895,0.004410026,0.02585472,0.01313903,0.006125581,0.0067521,2.710825E-05,0.01343565,2.50859E-05,0.003142612,0.03772468,0.0006587567,0.003454551,0.0004196916,0.003595893,2.324889E-05,0.005599383,0.000238415,0.003540901,0.007461157,0.0001802002,0.002869604,0.008326356,0.01213248,0.003730729,0.006539069,0.02354774,0.03841045,0.08211413,0.02451113,0.01914594,0.08124723,0.4144582,0.01840896,0.4330008,0.001368681,0.01453388,0.09985169,0.03569946,0.1411603,0.02669057,0.09880102,0.5626838,0.01799334,0.05894826,0.03695,0.01942452,0.0163051,0.1714137,0.09474203,0.1491526,1.876928,0.02880062,0.0330385,0.2911761,0.07882949,9.570099,9.583995,18.48834,16.24326,32.90726,11.54409,26.82013,56.99192
222,0.02072373,0.04224619,0.02834028,0.01193807,0.01337991,0.03559504,0.002707595,0.0006005415,0.03407769,0.02118795,0.008524799,0.001559984,0.0398725,0.04641184,0.4228699,0.004432855,0.02587662,0.01282706,0.00621959,0.00681287,2.943443E-05,0.01437796,2.253181E-05,0.003012844,0.0377548,0.0006764623,0.003464305,0.0004301018,0.003682695,2.401404E-05,0.005634014,0.0002419634,0.003542911,0.007504949,0.0001895259,0.002942763,0.008424067,0.01219584,0.003728787,0.00654895,0.02283516,0.03782339,0.08193772,0.02456445,0.01931915,0.08010047,0.4145431,0.0179415,0.4305613,0.001367439,0.01461549,0.1006521,0.03577537,0.1418098,0.02669507,0.09933543,0.5495339,0.0180001,0.06022239,0.03929072,0.01875339,0.01672886,0.161734,0.09239503,0.1479547,1.8854,0.02999374,0.03233846,0.2903219,0.07896687,9.463421,9.637103,18.98203,16.43486,33.29322,13.1242,27.09039,59.04254
223,0.02072611,0.04227559,0.02833469,0.01193892,0.01338137,0.03564774,0.002677014,0.0005991646,0.0341313,0.02120059,0.008501367,0.001561624,0.04010203,0.04705234,0.4270943,0.004436496,0.02582705,0.01231995,0.006322123,0.006862164,3.053853E-05,0.01517812,1.902657E-05,0.002790068,0.03778466,0.0006938539,0.00347546,0.0004377369,0.003771927,2.489929E-05,0.005653258,0.0002456093,0.003545183,0.007572282,0.0001921367,0.002988618,0.008511857,0.01227813,0.003743951,0.006602217,0.02189228,0.03692788,0.08177941,0.02462926,0.01935511,0.0775568,0.4131922,0.01730775,0.4267918,0.001367317,0.01468894,0.1013072,0.03634289,0.1409134,0.0267327,0.1004404,0.5298729,0.01866518,0.06031814,0.03854978,0.01704071,0.0160435,0.1473361,0.08856682,0.1431853,1.91546,0.03230254,0.03192397,0.2877555,0.07944163,9.293828,9.719143,19.5439,16.75669,33.45753,14.33813,27.15051,60.3596
224,0.020732,0.04231936,0.02833163,0.0119426,0.01338424,0.0356914,0.002640975,0.0005961049,0.03419488,0.02121588,0.008445988,0.001564353,0.04036988,0.04771782,0.4318451,0.004429763,0.02573928,0.01178227,0.006415756,0.006893969,3.000008E-05,0.01579252,1.640073E-05,0.002548771,0.03774395,0.0007047782,0.003481405,0.0004411456,0.003837095,2.572483E-05,0.005667894,0.0002486503,0.003546179,0.00761868,0.0001768347,0.002867158,0.008524833,0.01236331,0.003775249,0.006686807,0.02091737,0.03569709,0.08165025,0.02465358,0.01928262,0.07464875,0.4089514,0.01663225,0.4207209,0.001367486,0.01473262,0.1018122,0.03731707,0.1389002,0.02678767,0.1018227,0.5093,0.02028033,0.05823639,0.03551113,0.01488432,0.01482443,0.1325368,0.08436569,0.136454,1.967576,0.0354874,0.03139058,0.2751738,0.08000792,9.013687,9.647344,20.02831,17.18706,33.53955,14.98029,27.10879,61.11638
225,0.02073474,0.04234892,0.02833171,0.01194495,0.01338548,0.03579263,0.00261721,0.0005967811,0.03424361,0.02123221,0.008472252,0.001565292,0.04060073,0.04837566,0.4358908,0.00445684,0.02573304,0.01129195,0.006490972,0.006965602,2.915667E-05,0.01622456,1.789336E-05,0.002325557,0.03760727,0.0007089202,0.003468928,0.0004412787,0.003855854,2.569729E-05,0.005686824,0.0002502903,0.003538822,0.00764162,0.0001338647,0.002506404,0.008309294,0.01235316,0.003820098,0.006798992,0.02000265,0.03449749,0.08126024,0.02443266,0.01943492,0.07214131,0.4009837,0.01603698,0.4121236,0.001362969,0.01480778,0.1033109,0.03851746,0.1394652,0.02680795,0.1028415,0.4882357,0.02395828,0.05291624,0.03160175,0.01301635,0.01348554,0.1189806,0.08078472,0.133421,2.025347,0.03951214,0.03152061,0.2527426,0.08145574,8.605176,9.45806,20.32807,17.61559,33.75637,14.62575,27.2567,61.4364
226,0.02073357,0.04237232,0.02833389,0.01194263,0.01338391,0.03587595,0.002599839,0.0005989209,0.03428136,0.02124949,0.008517812,0.001564592,0.0407965,0.04902366,0.439481,0.004499879,0.02577307,0.01120895,0.006539014,0.007034091,2.869651E-05,0.01638866,2.287934E-05,0.002389858,0.03754759,0.0007188311,0.003450404,0.000443718,0.003904399,2.528197E-05,0.005681141,0.0002524447,0.003527886,0.007695153,0.0001349636,0.002197503,0.008191464,0.01233566,0.003865321,0.006906573,0.01977313,0.03422217,0.08075316,0.02410189,0.01969983,0.07246283,0.3959716,0.01588999,0.4054347,0.001355281,0.01490041,0.1048981,0.03967692,0.1411643,0.02680752,0.1035843,0.4768299,0.02912817,0.05786311,0.03160838,0.01301749,0.01382236,0.11616,0.08139586,0.1336936,2.053133,0.04344376,0.03168533,0.246645,0.08264814,8.387627,9.462066,20.42202,17.83718,34.18121,14.2805,27.64082,61.53137
227,0.02073122,0.04239558,0.02833757,0.01193663,0.01337896,0.0359219,0.002583314,0.000600582,0.0343103,0.02126404,0.00854867,0.001561303,0.0409235,0.04965048,0.442592,0.004545904,0.02582933,0.01139478,0.00655804,0.007092725,2.536267E-05,0.01625855,2.399987E-05,0.002710532,0.03756081,0.0007275371,0.003426247,0.0004432104,0.003967443,2.563522E-05,0.005712199,0.0002557027,0.003513631,0.007767147,0.000195491,0.002242013,0.008224165,0.01237405,0.003910137,0.007002351,0.0200941,0.03469553,0.08070107,0.02391095,0.01992466,0.07449859,0.398385,0.01611327,0.4052865,0.001349602,0.01499204,0.1058744,0.04058883,0.1421269,0.02679161,0.1035094,0.4823487,0.03428135,0.06402896,0.03279125,0.01354701,0.01455108,0.1215535,0.08400447,0.1348732,2.045657,0.04708398,0.03170425,0.2534219,0.08322634,8.507643,9.580684,20.44414,17.9103,33.87241,13.20163,27.14972,61.99535
228,0.02072877,0.04241672,0.02834185,0.01192995,0.01337265,0.0359791,0.002565015,0.000602641,0.0343321,0.0212772,0.008569051,0.001556842,0.04101193,0.05026884,0.4454194,0.004594236,0.02589004,0.01168207,0.006580266,0.007130296,2.219509E-05,0.01617116,2.317975E-05,0.002869937,0.0376075,0.0007347754,0.003437385,0.0004419217,0.003965926,2.607625E-05,0.005686653,0.0002606909,0.003501975,0.007833924,0.0002308492,0.002433136,0.008294235,0.01229422,0.003951405,0.007066727,0.02064565,0.03541852,0.08098602,0.02383208,0.02007057,0.0770326,0.40374,0.01648644,0.4081909,0.001342819,0.01509385,0.1066588,0.04118639,0.1430275,0.02676801,0.1029161,0.4946152,0.03811651,0.06766508,0.03364206,0.01397701,0.01502868,0.1300274,0.08710448,0.1363485,2.024174,0.04981527,0.03269743,0.2637167,0.08265028,8.732323,9.729432,20.33255,17.86884,33.39463,12.08637,26.66234,61.13313
229,0.02073387,0.04244418,0.02834574,0.01192406,0.01336664,0.03592873,0.002547132,0.0006048069,0.03435813,0.02128904,0.0085191,0.001553085,0.04109771,0.05088603,0.4481657,0.004644004,0.02595065,0.01195012,0.006606076,0.00711379,1.77205E-05,0.01565546,2.14488E-05,0.00292311,0.03764805,0.0007199714,0.00343385,0.0004335059,0.003907049,2.626311E-05,0.00570136,0.0002649071,0.003495217,0.007799423,0.0002156918,0.002513723,0.008337383,0.01216558,0.003962488,0.007031165,0.02131044,0.03621567,0.08142738,0.02381531,0.01993542,0.07826754,0.4061396,0.01692291,0.4131248,0.001336197,0.01519959,0.1059402,0.04085233,0.1432797,0.02674259,0.1020806,0.5077919,0.03939686,0.06727428,0.03356503,0.01364834,0.01476951,0.1383212,0.08922669,0.1379265,2.008697,0.04832002,0.03352503,0.2711664,0.08063343,8.991669,9.815618,20.13941,17.7834,32.88606,10.88575,26.03713,59.86188
230,0.02073787,0.04247046,0.02834837,0.01191782,0.01336117,0.03589075,0.002528747,0.0006065658,0.03438563,0.02129971,0.008464934,0.001549735,0.04118784,0.0515093,0.4509467,0.004690583,0.02600828,0.01225389,0.00663775,0.007095471,1.441402E-05,0.01527001,1.93311E-05,0.002914062,0.03772292,0.0007203933,0.003438389,0.00043374,0.003873812,2.64711E-05,0.005714446,0.0002694858,0.003490186,0.007760236,0.0002119979,0.002654165,0.00840807,0.01203962,0.003965918,0.006973196,0.02190238,0.03697778,0.08189824,0.0238434,0.0196828,0.07891551,0.4105279,0.01733208,0.4185469,0.001329991,0.01530254,0.10522,0.04025522,0.1435179,0.02672039,0.1012436,0.5225207,0.03760328,0.06910682,0.03295781,0.01315195,0.0142247,0.1476498,0.09177432,0.1395006,1.986199,0.046419,0.03445484,0.2783848,0.07933475,9.18223,9.91571,19.8727,17.58545,32.65942,10.35125,25.76402,58.32813
231,0.02073807,0.04249014,0.02834933,0.01191095,0.01335574,0.03590064,0.002511697,0.000608802,0.03441219,0.02130961,0.008434011,0.001546316,0.04127805,0.05213886,0.4537202,0.004737644,0.02606452,0.0125903,0.006674824,0.007095277,1.248601E-05,0.0147673,1.760142E-05,0.002899335,0.03780101,0.000723248,0.003442761,0.0004368017,0.003846493,2.652225E-05,0.005709768,0.0002744513,0.003486746,0.007728114,0.0002100349,0.002807218,0.008482398,0.01192336,0.003964367,0.006909496,0.02251225,0.037668,0.08238412,0.02388841,0.01939372,0.07961912,0.4157522,0.01774998,0.423452,0.001324204,0.01540015,0.1048503,0.0395443,0.1442203,0.02669908,0.1003853,0.5392072,0.0335291,0.06925116,0.03241676,0.01246201,0.01345673,0.1580692,0.09439093,0.1413307,1.957232,0.04471739,0.03528961,0.2845554,0.07831668,9.330044,9.994668,19.61488,17.35782,32.50237,10.08216,25.55093,57.44216
232,0.02073574,0.04250164,0.02834907,0.01190363,0.01335052,0.03594921,0.002494325,0.0006105844,0.03443575,0.02131881,0.00843893,0.001542679,0.04136726,0.05277549,0.4565396,0.004783298,0.02611895,0.01292882,0.006718161,0.007113324,1.084777E-05,0.01441765,1.537636E-05,0.002876707,0.03787745,0.0007333817,0.003455497,0.0004440394,0.003856117,2.665417E-05,0.005726124,0.0002801963,0.003483282,0.0077591,0.0002265774,0.003003791,0.008564324,0.01182791,0.003971022,0.006896188,0.02304259,0.03828698,0.08277046,0.02394198,0.01940636,0.08191019,0.4213024,0.01813442,0.4269959,0.001319365,0.01549382,0.1052108,0.0392218,0.1449485,0.0266812,0.09965285,0.5559096,0.02860442,0.06925586,0.03242209,0.01218307,0.01273052,0.1685577,0.09701096,0.1431412,1.924935,0.04531039,0.03599299,0.2903521,0.07726589,9.459149,10.05352,19.39528,17.14735,32.95557,10.55402,26.09889,56.90251
233,0.02073322,0.04251093,0.028348,0.01189656,0.01334578,0.03600822,0.002476835,0.0006120995,0.03446581,0.02132865,0.008456342,0.00153989,0.04148225,0.05342415,0.4595646,0.004827202,0.02616855,0.01323722,0.006771619,0.007138517,9.334995E-06,0.01402257,1.332743E-05,0.002848503,0.03795324,0.0007449751,0.003473779,0.0004509939,0.003875393,2.682806E-05,0.005769617,0.0002862704,0.003478391,0.007827341,0.000233012,0.003119355,0.008650591,0.01175296,0.003989554,0.006938566,0.0232501,0.03865563,0.08281022,0.0240189,0.01959674,0.08463188,0.4255599,0.01828276,0.4281206,0.001315817,0.01558618,0.1058817,0.03951469,0.1457698,0.02667088,0.09935112,0.5691122,0.02339207,0.06801209,0.03226056,0.01242798,0.0120092,0.1774282,0.09942658,0.1448181,1.901058,0.04755242,0.03676668,0.2974958,0.07631435,9.522615,10.12294,19.36764,17.03722,33.23042,11.22776,26.38431,57.7444
234,0.02073503,0.04252188,0.02834583,0.01189744,0.01334299,0.03611995,0.002460764,0.0006140186,0.03450847,0.02134138,0.008500176,0.001539671,0.04167474,0.05411298,0.463084,0.004870226,0.02621336,0.01303835,0.006869874,0.007177303,8.214019E-06,0.01384168,1.102012E-05,0.0026305,0.03799437,0.0007591209,0.003522029,0.0004604902,0.003907926,2.724905E-05,0.005823984,0.0002921918,0.003474481,0.007900671,0.0002194306,0.003087464,0.008753485,0.01169944,0.004022976,0.007029939,0.0226001,0.03796989,0.08243215,0.02409516,0.01986627,0.08449756,0.424627,0.0178651,0.4244633,0.001313144,0.0156782,0.1069156,0.04035472,0.1474179,0.02666978,0.09982209,0.557305,0.01868123,0.06170581,0.03059642,0.01233701,0.01103347,0.1685516,0.09714022,0.1457032,1.918448,0.05148165,0.0377431,0.2965102,0.07601062,9.367545,10.18205,19.58216,17.12312,33.1626,11.70135,26.32842,58.66748
235,0.02074068,0.0425417,0.0283434,0.01190071,0.0133424,0.03624219,0.002441819,0.0006147537,0.03456051,0.02135578,0.008525618,0.00154081,0.04190784,0.05483729,0.4670297,0.004905174,0.02623384,0.01256379,0.006980227,0.007206184,7.032598E-06,0.01365136,8.062988E-06,0.002407488,0.03796494,0.0007676471,0.003566827,0.0004658164,0.003928198,2.748889E-05,0.005861311,0.0002975251,0.003471318,0.007950767,0.0001973056,0.002988281,0.008812446,0.011656,0.004065236,0.00713838,0.02168604,0.0368008,0.08197449,0.02415537,0.02005607,0.08214708,0.4206817,0.0172357,0.4186036,0.001311169,0.01574516,0.1077812,0.04143515,0.1480937,0.02668056,0.1006113,0.5374476,0.01571362,0.05193443,0.02765333,0.0112054,0.009637238,0.1538313,0.09308761,0.1442907,1.961745,0.05612849,0.03848035,0.2862228,0.07600757,9.09937,10.12027,19.83281,17.34063,33.36072,12.37216,26.59311,58.94768
236,0.02075044,0.04258259,0.02834171,0.01190481,0.01334348,0.03632585,0.002414233,0.000612582,0.03462849,0.02137342,0.008484398,0.001543501,0.04218539,0.05559158,0.4717489,0.004916655,0.02618874,0.01204745,0.007084759,0.007204514,5.939554E-06,0.01335143,5.329051E-06,0.00220096,0.0379409,0.0007743622,0.003604479,0.0004677848,0.00394136,2.746763E-05,0.0058512,0.0003027878,0.003470984,0.007995451,0.0001815772,0.002940779,0.008883053,0.01161702,0.004108662,0.00724298,0.02073213,0.03559297,0.0817007,0.0242085,0.02005837,0.0791756,0.4168227,0.016564,0.4131954,0.001309282,0.01579024,0.1081398,0.04259897,0.1467105,0.02671785,0.1017438,0.5168199,0.01541607,0.04274189,0.02441163,0.009752166,0.008214194,0.1385583,0.0886762,0.1402089,2.013372,0.06076903,0.03863935,0.2771477,0.07590017,8.831693,10.08853,20.07466,17.57254,33.66778,13.27241,26.93255,59.51212
237,0.02075517,0.0426138,0.02834088,0.01190855,0.01334313,0.03649173,0.002395969,0.0006140932,0.03468724,0.02139238,0.00852227,0.001544919,0.04244918,0.05635721,0.4761122,0.004949175,0.0261907,0.01155878,0.007173832,0.007256085,9.550656E-06,0.01307128,8.859088E-06,0.002041953,0.03788587,0.0007790396,0.003631032,0.0004692508,0.003936442,2.733722E-05,0.005860007,0.0003073597,0.00347087,0.008044806,0.0001539434,0.002688014,0.00883936,0.01156678,0.004156702,0.007360626,0.01982171,0.03439667,0.08128611,0.02415147,0.02025293,0.07635948,0.4100487,0.01595932,0.4052617,0.001306349,0.01587114,0.1097495,0.04385899,0.1478594,0.02673461,0.1026892,0.4955143,0.01742827,0.04142738,0.02292077,0.008834246,0.00724342,0.1241719,0.08463493,0.1380601,2.061137,0.06635557,0.03950239,0.2659838,0.07677792,8.467005,10.07407,20.27754,17.78932,33.66662,13.44183,26.90242,60.4195
238,0.02075424,0.04263866,0.02834136,0.01190722,0.01333993,0.03664368,0.002383957,0.000617511,0.03473547,0.0214123,0.008582328,0.001544664,0.04267498,0.0571103,0.4799973,0.004999076,0.02623875,0.01157388,0.007222787,0.00732139,1.303967E-05,0.01276914,1.437004E-05,0.002129736,0.0379032,0.0007844746,0.00364035,0.0004709894,0.003945493,2.680609E-05,0.005849883,0.000312526,0.003465177,0.008125006,0.0001703226,0.002456547,0.008828698,0.01150444,0.004206731,0.007470724,0.01995573,0.0343926,0.08078443,0.02396983,0.02056832,0.07738312,0.4096599,0.01598394,0.4028267,0.001300346,0.01597006,0.1116554,0.04495707,0.1501909,0.02673147,0.1033507,0.4897356,0.02028815,0.05990055,0.02606521,0.009103254,0.007309808,0.1250598,0.08554041,0.1387631,2.064996,0.0717713,0.04023734,0.267454,0.0772249,8.40632,10.1968,20.26582,17.82034,33.38927,12.80758,26.674,60.53137
239,0.02075116,0.04266213,0.02834344,0.01190343,0.01333365,0.03678475,0.002374052,0.0006213675,0.03477595,0.02142914,0.008642943,0.001541728,0.04281449,0.05783024,0.4832645,0.005054741,0.02630142,0.01183193,0.007248103,0.007385742,1.649678E-05,0.0125971,1.759662E-05,0.002292514,0.03796368,0.0007868795,0.003645146,0.0004696585,0.003962244,2.661734E-05,0.005879635,0.0003184793,0.003456473,0.008203261,0.0002006371,0.002656464,0.008902244,0.01145463,0.004253479,0.007547081,0.02056046,0.03491706,0.08089059,0.02391609,0.02084671,0.08011016,0.4143049,0.01631631,0.4051886,0.001296091,0.01606625,0.1133849,0.045637,0.1523671,0.02671474,0.1030009,0.4992507,0.0227901,0.0845776,0.03056717,0.009723168,0.007697114,0.1327813,0.08810533,0.1402101,2.037644,0.07494456,0.04060388,0.2747198,0.07721836,8.55765,10.35124,20.06898,17.70508,32.79219,11.56988,26.0836,59.95782
240,0.02075263,0.04268717,0.02834656,0.01189957,0.01332678,0.03682876,0.002365568,0.0006301459,0.0348185,0.0214445,0.008665739,0.001538457,0.04292505,0.05853872,0.4862996,0.005112643,0.02636813,0.01214387,0.007258944,0.007415195,1.588178E-05,0.01205554,2.030314E-05,0.002514119,0.03803185,0.0007727621,0.00361355,0.000462463,0.00393335,2.636729E-05,0.005903035,0.0003191456,0.003449131,0.008172273,0.0001908768,0.002736376,0.00895302,0.0115351,0.004281306,0.007514047,0.02135095,0.03564126,0.08125129,0.02392727,0.02087459,0.08228581,0.4169601,0.01677094,0.4104049,0.001289466,0.01622795,0.113578,0.04526782,0.1537227,0.02669454,0.1022346,0.5130284,0.02420065,0.08498559,0.03036684,0.00968298,0.007638217,0.1421776,0.09050895,0.1415663,2.008134,0.07181246,0.03982756,0.2815661,0.07578894,8.764856,10.45716,19.77796,17.5187,31.8244,10.10137,25.12125,58.57877
241,0.02076051,0.04272255,0.02834997,0.01189585,0.01332225,0.03676038,0.002357726,0.0006400936,0.03486817,0.02145844,0.008632338,0.001536156,0.0430381,0.05925005,0.4892962,0.005170869,0.02643481,0.01243371,0.007269186,0.007402567,1.397731E-05,0.01175111,2.169806E-05,0.002797047,0.03807232,0.0007405808,0.003560515,0.0004482486,0.003847723,2.576151E-05,0.005893973,0.0003167774,0.003446839,0.008064397,0.0001616101,0.002672068,0.008959797,0.01161653,0.004268438,0.007391276,0.02220647,0.03638182,0.08170648,0.02394778,0.02067182,0.08319117,0.4163966,0.01727798,0.4162996,0.001281897,0.01640365,0.1123927,0.04406416,0.1538703,0.02667366,0.1013474,0.5262022,0.02460321,0.08011997,0.02876922,0.009291837,0.007088617,0.1504461,0.09220727,0.1428542,1.985255,0.06470288,0.03852085,0.2851636,0.07337465,8.975402,10.44977,19.37608,17.27607,31.08429,9.016134,24.47828,56.40028
242,0.02077053,0.04276374,0.02835245,0.01189143,0.01331878,0.03663789,0.002350337,0.0006503363,0.034923,0.02147103,0.008565754,0.001534781,0.04316008,0.05996589,0.492315,0.005228839,0.02649993,0.01271514,0.007284399,0.007370086,1.431207E-05,0.01160592,2.403387E-05,0.003158803,0.03807136,0.0006957303,0.003483181,0.0004282734,0.003719353,2.4517E-05,0.005832876,0.00031239,0.003447744,0.007908385,0.000125933,0.002510253,0.008913819,0.01163729,0.004212554,0.007206763,0.02307251,0.03706238,0.08215187,0.02394307,0.02036144,0.08328048,0.4135512,0.01779669,0.4221599,0.001273643,0.01657312,0.1105403,0.04234562,0.1532604,0.02665175,0.1004215,0.538424,0.02370777,0.07953988,0.02928502,0.009035168,0.006815996,0.1582176,0.09365559,0.1438684,1.964907,0.05532831,0.03709445,0.2857615,0.07055719,9.165035,10.31678,18.92301,16.99711,30.63515,8.255291,24.0891,54.61605
243,0.02076883,0.0427855,0.02835334,0.01188434,0.01331452,0.03664829,0.002343165,0.0006611157,0.03496884,0.02148262,0.00857779,0.001531992,0.04325526,0.06068417,0.4952789,0.005286532,0.02656307,0.0130551,0.007305647,0.007394345,2.571683E-05,0.01184919,2.657297E-05,0.003547485,0.03811383,0.0006897357,0.003446362,0.0004336224,0.003679051,2.377204E-05,0.005825168,0.0003097111,0.003448983,0.007812521,0.0001569258,0.002636426,0.008964153,0.01169644,0.004159695,0.00705404,0.02382277,0.03758453,0.08253521,0.02399123,0.02017358,0.08480899,0.4161201,0.01826824,0.4263776,0.001265828,0.01672233,0.1104689,0.04065405,0.1537469,0.02662892,0.09950954,0.5538554,0.02186813,0.1111034,0.04341178,0.01082198,0.007503646,0.1674894,0.09550078,0.1446561,1.920801,0.04839449,0.03582367,0.2848028,0.06900413,9.245187,10.22518,18.41273,16.60345,30.76438,8.033415,24.45369,53.42765
244,0.02076156,0.04279689,0.02835292,0.01187502,0.01330969,0.0367046,0.002335301,0.000671552,0.0350081,0.0214936,0.008625972,0.001528381,0.04333215,0.06141668,0.4982196,0.005342644,0.02662407,0.01340771,0.007329633,0.007435047,3.366271E-05,0.01217915,2.796517E-05,0.003981616,0.03816226,0.0007001252,0.003434236,0.0004471139,0.003707262,2.368109E-05,0.005782541,0.000308947,0.003449883,0.007819809,0.0002109511,0.002859038,0.009023748,0.01178647,0.004136506,0.006983679,0.02447813,0.03800583,0.08291196,0.02403223,0.02021964,0.0874491,0.4199466,0.01868299,0.4286683,0.001257966,0.01685156,0.1111036,0.03961611,0.1542316,0.02660614,0.09871468,0.5690302,0.01986985,0.1353798,0.06255829,0.01286231,0.00815072,0.1767364,0.09739568,0.145317,1.867835,0.04564115,0.0346425,0.2832152,0.06758747,9.293879,10.14505,18.06612,16.24815,31.12502,8.258154,24.95666,53.62696
245,0.02075084,0.04280112,0.02835144,0.01186437,0.01330444,0.03678053,0.002327339,0.0006818085,0.03504353,0.0215047,0.008690968,0.001524975,0.043423,0.06217463,0.5013318,0.005398633,0.02668349,0.01373115,0.007356801,0.007485107,3.860761E-05,0.01355045,2.900548E-05,0.004381328,0.03819762,0.0007147412,0.003430577,0.0004594478,0.003743676,2.430826E-05,0.005789705,0.0003089169,0.003449383,0.007883711,0.0002409412,0.002975838,0.009080339,0.01188682,0.004146182,0.006995072,0.0246807,0.03807991,0.08303721,0.02406654,0.02045117,0.09038306,0.4219137,0.0188111,0.4272818,0.001250492,0.01696339,0.1120054,0.03948507,0.1546498,0.02658558,0.09842554,0.5799671,0.0179731,0.1559845,0.08785222,0.0155913,0.009087348,0.18355,0.09883103,0.145495,1.824938,0.046291,0.03382536,0.2829201,0.0662813,9.254198,10.07718,17.95429,16.02952,31.3884,8.656631,25.3063,54.53595
246,0.02074344,0.04280395,0.02835005,0.01186036,0.01330035,0.03691242,0.002320308,0.0006922592,0.03508805,0.02151918,0.00878387,0.001523835,0.04358928,0.06297813,0.5049399,0.005454429,0.02674001,0.01356483,0.007426671,0.007549025,4.142776E-05,0.01490297,2.862909E-05,0.004168338,0.03818944,0.0007326588,0.003458305,0.0004731768,0.003784216,2.522764E-05,0.005796737,0.0003086679,0.003449035,0.007957559,0.000227955,0.002915956,0.009129828,0.0119884,0.004181513,0.007071242,0.02401599,0.03721857,0.08270786,0.02407539,0.02075914,0.09041704,0.4189182,0.01839619,0.4213369,0.001243253,0.01706364,0.1132107,0.04008644,0.155772,0.02657465,0.09892271,0.5665805,0.01679831,0.1585727,0.1109539,0.01843787,0.009885648,0.1744703,0.09644898,0.1450081,1.823101,0.04926955,0.03355371,0.2763729,0.06559895,9.008691,10.01821,18.12225,16.02593,31.64072,9.112504,25.6672,55.41586
247,0.02073909,0.04281776,0.02835063,0.01185856,0.01329747,0.03704134,0.002307803,0.0007005701,0.03514258,0.02153579,0.008838943,0.001524199,0.04380923,0.06384018,0.5092214,0.005495001,0.02675248,0.01311853,0.007504618,0.007598942,3.733376E-05,0.01582402,2.243355E-05,0.003800319,0.03811823,0.0007429009,0.003480928,0.000479792,0.003805609,2.563209E-05,0.005749757,0.0003080148,0.003449926,0.008010477,0.0002104107,0.002859103,0.009154107,0.01207871,0.004224579,0.007158868,0.02308545,0.03601736,0.08238652,0.02406455,0.02093596,0.08816127,0.414427,0.01777729,0.4146636,0.00123579,0.01712127,0.1142783,0.0409238,0.1555416,0.02658788,0.09988955,0.5460869,0.01692414,0.1350606,0.1127149,0.01946486,0.009537731,0.1602014,0.09261101,0.1416155,1.846052,0.05280686,0.03313927,0.2646464,0.06493669,8.71322,9.902161,18.46325,16.1894,31.6321,9.613928,25.58088,56.26235
248,0.02073696,0.04284275,0.0283547,0.01185774,0.01329536,0.03715959,0.002291005,0.0007070653,0.0352057,0.02155602,0.008860313,0.00152528,0.04406137,0.06471753,0.5139884,0.005522945,0.0267291,0.01259139,0.00757432,0.007631794,3.124693E-05,0.01638081,1.761586E-05,0.003461862,0.03796801,0.0007451852,0.003495013,0.0004805431,0.003806384,2.588046E-05,0.005716116,0.0003066928,0.00345133,0.008031916,0.0001821756,0.002696725,0.009108911,0.01215562,0.004272311,0.00724605,0.0220897,0.0346448,0.0821325,0.02400636,0.02100456,0.08512674,0.4081897,0.01709393,0.4071922,0.001228232,0.01714005,0.1152288,0.04184401,0.154231,0.02661943,0.1011491,0.5242489,0.01845828,0.1111475,0.1046877,0.01924505,0.00871288,0.1446852,0.08830423,0.1368143,1.887689,0.05673089,0.03263278,0.2468277,0.06432656,8.370889,9.658714,18.79179,16.46322,31.66474,10.0285,25.53266,56.50982
249,0.02073146,0.04286438,0.02836082,0.01185641,0.01329246,0.03731843,0.002278683,0.0007155756,0.03526321,0.02157828,0.008930095,0.001525516,0.04430886,0.06560905,0.5185716,0.00556312,0.0267335,0.01205719,0.007632697,0.00769167,2.78282E-05,0.01667614,1.809734E-05,0.003175387,0.03778864,0.0007437093,0.003499138,0.000479901,0.003790841,2.608486E-05,0.005765672,0.000304513,0.003449549,0.008049316,0.000142481,0.002423492,0.008941973,0.01221261,0.00432598,0.007354087,0.0211047,0.03326984,0.08173564,0.02384935,0.02117169,0.08190926,0.3996042,0.01643117,0.3980795,0.001220414,0.01719262,0.116978,0.04289597,0.1544723,0.02664292,0.1022936,0.502181,0.02052006,0.1016718,0.09998936,0.01915359,0.008223369,0.1296262,0.08402476,0.132973,1.929715,0.06167486,0.03293784,0.2284724,0.06442513,7.935701,9.450132,19.00649,16.7066,31.73507,10.29457,25.60689,56.59428
250,0.02071729,0.04287785,0.02837021,0.01184684,0.01328334,0.03743445,0.002271557,0.000725641,0.03530685,0.02160159,0.009009249,0.001523528,0.04451225,0.06646533,0.5225715,0.005619821,0.02678524,0.01205872,0.007652716,0.007753624,2.310349E-05,0.01653887,1.917079E-05,0.003227633,0.03772847,0.0007485244,0.003492151,0.0004832174,0.003822473,2.592672E-05,0.005803255,0.0003038634,0.003437933,0.008115618,0.0001936133,0.002371143,0.008952586,0.01229191,0.004376468,0.007450017,0.0212282,0.03314449,0.08121393,0.02370546,0.0214381,0.08281939,0.3991385,0.0164238,0.3962092,0.001211467,0.01727282,0.1186851,0.04369019,0.1556137,0.02664871,0.1030851,0.497262,0.0213312,0.1102984,0.1115533,0.02075136,0.008402244,0.1299978,0.08440419,0.1319878,1.921336,0.06599773,0.03319232,0.2281767,0.06393796,7.90192,9.473105,18.97839,16.7175,31.3798,9.557076,25.17394,56.65107
251,0.02070039,0.04288827,0.02838246,0.01183442,0.01327171,0.03752435,0.002265886,0.0007359624,0.03534325,0.02162333,0.009081792,0.001519256,0.04465006,0.06728974,0.526047,0.005681703,0.02685303,0.01228937,0.007654267,0.007806136,1.771957E-05,0.01627925,1.821545E-05,0.003239197,0.03771562,0.0007501866,0.003482962,0.0004839954,0.003850962,2.600064E-05,0.005833412,0.0003039012,0.003425009,0.008180409,0.0002259605,0.002594719,0.00898948,0.01237564,0.004421943,0.007510039,0.0217558,0.03347789,0.081173,0.02365986,0.02165411,0.08520333,0.402389,0.01667999,0.3980967,0.001204267,0.01735533,0.1199383,0.04413505,0.1565808,0.02664363,0.1030954,0.5049338,0.01989749,0.1084757,0.1175478,0.02160539,0.008495382,0.1363339,0.08622749,0.131825,1.888986,0.06802541,0.03320079,0.2335236,0.06316997,8.020965,9.544823,18.77017,16.59428,31.00502,8.698178,24.92767,55.82187
252,0.02069625,0.04290755,0.02839936,0.0118222,0.01326012,0.0374372,0.002263674,0.0007440678,0.03538575,0.02164391,0.009081516,0.001515179,0.04476386,0.06809965,0.529264,0.005745038,0.02692526,0.01250113,0.007672292,0.007773818,1.212003E-05,0.01575715,1.665153E-05,0.00315752,0.03767755,0.0007240525,0.003436456,0.0004721459,0.003837952,2.583324E-05,0.005877296,0.0003029158,0.003419137,0.008120039,0.0001973487,0.002612667,0.008976601,0.01229644,0.004431822,0.007444133,0.02234855,0.03391906,0.08148292,0.02365029,0.02157161,0.08646705,0.4023354,0.01705706,0.4015187,0.00119746,0.01739945,0.1188442,0.04348541,0.15601,0.02663323,0.102594,0.5145687,0.01672919,0.09124473,0.1115553,0.02084402,0.008268823,0.1416326,0.08698598,0.1319461,1.867534,0.06392625,0.03281808,0.2368836,0.06196529,8.218846,9.529186,18.5455,16.47487,30.49703,7.767402,24.43209,54.9767
253,0.02071036,0.04295369,0.0284166,0.01181253,0.01325328,0.03711695,0.002259354,0.0007481545,0.03544576,0.02166335,0.008979385,0.001513713,0.04490753,0.06891748,0.5325235,0.005805574,0.02699766,0.01257827,0.007695811,0.007655637,7.895642E-06,0.01512074,1.441946E-05,0.003052712,0.03752384,0.0006634449,0.003340005,0.0004410878,0.003730057,2.448896E-05,0.005832232,0.0002994821,0.003419204,0.007967194,0.0001443304,0.002398348,0.008831873,0.01206765,0.004377493,0.007273865,0.02251153,0.03394734,0.08199776,0.02359433,0.02126328,0.0859993,0.3979564,0.01748544,0.4032865,0.001189635,0.01744011,0.1160141,0.04205857,0.1532924,0.02662021,0.1019075,0.5203859,0.01262205,0.06676802,0.09852258,0.01917247,0.007457107,0.1412881,0.08592963,0.1315379,1.876948,0.05561504,0.03133232,0.230832,0.05971085,8.50124,9.232456,18.3445,16.47419,29.97342,6.830201,23.76497,53.85152
254,0.02071883,0.04299691,0.02843204,0.01180074,0.0132471,0.03682544,0.002256629,0.0007530464,0.0355051,0.02168185,0.008875444,0.001512262,0.04504979,0.06974602,0.5357833,0.005865008,0.02706902,0.01271155,0.007727191,0.007547726,6.291062E-06,0.01450527,1.314205E-05,0.002940703,0.03740092,0.0006130675,0.00325024,0.0004194022,0.003628831,2.31885E-05,0.005765094,0.0002955289,0.003421439,0.007794702,0.0001142466,0.002245991,0.0087387,0.011802,0.004298447,0.007072673,0.02296192,0.03431336,0.08255838,0.02352586,0.02090381,0.08523457,0.3934421,0.01787163,0.40732,0.001181476,0.01746805,0.1131272,0.04034675,0.1508294,0.02660531,0.101154,0.5275998,0.009485786,0.04934322,0.08692494,0.01937985,0.006760194,0.1436685,0.08601411,0.1310979,1.872071,0.04660973,0.03066058,0.2300611,0.05803874,8.697617,9.013557,18.05676,16.3319,29.60544,6.343183,23.35672,52.33658
255,0.0207141,0.04302055,0.02844544,0.01178558,0.01324041,0.03666413,0.002254381,0.0007587543,0.03555497,0.02169995,0.008823913,0.00150939,0.04517015,0.07058516,0.5389888,0.005922223,0.02713876,0.01293758,0.007763871,0.007484759,6.163865E-06,0.0138863,1.155046E-05,0.002845352,0.03735165,0.0006000077,0.003200359,0.0004236705,0.003594322,2.255388E-05,0.005730083,0.0002930308,0.003424115,0.007664754,0.0001264344,0.002296992,0.008742347,0.01159715,0.004231853,0.006893449,0.02337231,0.03468781,0.08311824,0.02350526,0.02053271,0.08472725,0.3935744,0.01816949,0.4113517,0.00117375,0.01748143,0.1110211,0.038707,0.1495034,0.02659069,0.1004156,0.5396165,0.007626323,0.04087442,0.08092101,0.02170134,0.006506985,0.1497369,0.08708201,0.131612,1.843455,0.03946512,0.03026253,0.2308108,0.05754014,8.774949,8.923205,17.72432,16.04959,30.10718,6.497349,24.07027,51.22424
256,0.02070004,0.04302737,0.02845763,0.01176825,0.01323305,0.03659889,0.002251221,0.0007641389,0.03559363,0.02171785,0.008834367,0.001505055,0.04526477,0.07143392,0.5421209,0.005980221,0.0272072,0.01318748,0.007804732,0.007458109,7.206751E-06,0.01357277,9.920033E-06,0.002789008,0.03730898,0.0006073415,0.003174745,0.0004395248,0.003625868,2.262135E-05,0.00570816,0.0002924898,0.003426473,0.007609155,0.0001769496,0.002501636,0.008772981,0.01144873,0.004188498,0.006774219,0.02364246,0.03502855,0.08364231,0.02351101,0.02046513,0.08639918,0.3956708,0.01836504,0.4133461,0.001166872,0.01748234,0.1103582,0.03743591,0.1488505,0.02657591,0.09971156,0.5532453,0.007029225,0.03932894,0.07879111,0.025804,0.006711695,0.1566172,0.08855857,0.1324777,1.805769,0.03584681,0.02989982,0.231902,0.05712968,8.831508,8.852104,17.58459,15.83466,31.05401,7.280155,25.13354,52.08453
257,0.02068154,0.04302511,0.02846918,0.01174983,0.01322548,0.03657519,0.002248006,0.0007696961,0.03562593,0.02173552,0.008874768,0.001500226,0.04536253,0.07229615,0.5453408,0.006037051,0.02727384,0.01344437,0.007851566,0.007450395,9.023876E-06,0.01334911,8.966727E-06,0.002749204,0.03727312,0.0006274836,0.003165112,0.0004577404,0.00369435,2.386386E-05,0.005752009,0.0002931296,0.003427574,0.007628547,0.0002245669,0.002710409,0.008812645,0.01134542,0.004183562,0.006749159,0.02378722,0.03529107,0.08396927,0.02353837,0.02060257,0.08881212,0.3981637,0.01846283,0.4138415,0.001161102,0.01748332,0.1103964,0.03709819,0.14862,0.02656354,0.09927061,0.5668389,0.007629847,0.04066613,0.07579402,0.03076338,0.007247036,0.1639649,0.09033839,0.1335241,1.767717,0.03573684,0.02982042,0.2355494,0.05668473,8.897231,8.848907,17.73088,15.76237,31.70214,8.163881,25.73377,54.15919
258,0.02066544,0.04302072,0.02848047,0.01173712,0.01321896,0.03661421,0.002245762,0.0007758272,0.03566547,0.02175666,0.008946682,0.001497851,0.04555094,0.07321675,0.5492215,0.006090619,0.02733671,0.01333808,0.00793529,0.00746398,1.134512E-05,0.01350056,7.403805E-06,0.002564081,0.03724912,0.0006522924,0.003182654,0.0004766808,0.0037779,2.527695E-05,0.005789115,0.0002940464,0.003429434,0.007687028,0.0002362898,0.002808183,0.008875808,0.01126893,0.004203583,0.006790211,0.02317953,0.03485863,0.08368016,0.02357438,0.02084722,0.08929815,0.3978182,0.01811222,0.4112734,0.001156102,0.0174955,0.1110026,0.03747855,0.1494973,0.02656344,0.09979501,0.5569159,0.008734646,0.04295072,0.07014554,0.03451724,0.007751807,0.1582306,0.08901112,0.1341563,1.763851,0.03785475,0.03039467,0.2417431,0.05681546,8.825089,8.976475,18.16101,15.8763,31.73032,9.166222,25.68341,55.83003
259,0.02065401,0.04302511,0.0284919,0.01172875,0.01321417,0.03667378,0.002239979,0.0007805742,0.03571448,0.0217794,0.009008421,0.001497073,0.04578811,0.07418372,0.5536344,0.006134229,0.02737663,0.01289089,0.00803664,0.007480097,1.422652E-05,0.01364789,7.384896E-06,0.002405809,0.03718203,0.000671458,0.003205282,0.000488975,0.003844985,2.653772E-05,0.005833737,0.0002945507,0.003431145,0.007735828,0.0002240487,0.002782483,0.008915219,0.01120724,0.004240904,0.006868191,0.02227505,0.03391029,0.08326034,0.0235982,0.02101439,0.08715329,0.3949369,0.01751195,0.40642,0.001151495,0.01749576,0.111652,0.03829801,0.149649,0.0265762,0.1007143,0.5376478,0.01061033,0.04821575,0.06566761,0.03671661,0.008152388,0.1455634,0.08564512,0.1323289,1.789673,0.04118227,0.03106872,0.2414808,0.05725427,8.624931,9.044796,18.61292,16.13368,31.6519,9.803813,25.53059,56.42162
260,0.02064406,0.04303455,0.02850294,0.01172267,0.01321036,0.03676664,0.002232738,0.0007848807,0.03576703,0.0218043,0.009070265,0.001496762,0.04604353,0.07518601,0.5583306,0.006172718,0.0274014,0.01235292,0.008129596,0.007501387,1.803937E-05,0.01390633,7.726853E-06,0.002220763,0.03703097,0.0006819628,0.00321762,0.0004940714,0.003882727,2.735725E-05,0.005861464,0.000294227,0.003431977,0.007758436,0.0001913566,0.002605217,0.008857584,0.01114092,0.004287628,0.006960968,0.02130799,0.03267239,0.08282156,0.02355226,0.02113464,0.08417864,0.3893524,0.01684116,0.3995777,0.001146614,0.01747682,0.1125914,0.03928934,0.1494758,0.0265926,0.1017574,0.5163322,0.01302235,0.05452043,0.06090595,0.03670671,0.008382908,0.1314942,0.08168696,0.1293994,1.835453,0.04522607,0.03173447,0.2311531,0.05801648,8.30482,8.946483,18.95606,16.47659,31.5434,10.11195,25.37981,56.50584
261,0.02063368,0.0430429,0.0285107,0.01171725,0.01320601,0.0368782,0.002228257,0.0007906081,0.03581745,0.02183109,0.009160913,0.001496046,0.04629783,0.0761983,0.5629479,0.006220194,0.02743703,0.011841,0.008207388,0.007526974,2.177337E-05,0.01411183,9.156855E-06,0.001981212,0.03684582,0.0006881282,0.003221509,0.0004967905,0.003903212,2.770991E-05,0.005885073,0.0002932523,0.003430735,0.007769505,0.0001518904,0.002359997,0.008703598,0.01105297,0.004338733,0.007063099,0.02038435,0.03143235,0.0823343,0.02340527,0.02133221,0.08129931,0.3816626,0.01623188,0.3913134,0.00114081,0.017483,0.1138473,0.04036703,0.1502758,0.02660052,0.1027295,0.4947825,0.01461766,0.06087548,0.05657135,0.03548126,0.008336591,0.1182051,0.07801916,0.1279036,1.885621,0.04976743,0.03272813,0.2173459,0.05920623,7.906878,8.80999,19.11869,16.77634,31.68188,10.45334,25.65039,56.37569
262,0.02061753,0.04304751,0.02851725,0.01170536,0.01319605,0.03696259,0.002226242,0.0007972785,0.0358566,0.02186147,0.009250253,0.001493237,0.04649868,0.07718328,0.5670519,0.006280315,0.02749856,0.01184475,0.008242722,0.007555727,2.244199E-05,0.01394355,1.011598E-05,0.001945262,0.03675297,0.0006987746,0.003210493,0.0005013015,0.00395066,2.756001E-05,0.005913548,0.0002933448,0.003421444,0.007813227,0.0001845313,0.002219578,0.008666205,0.01097065,0.004388309,0.007151717,0.02045383,0.03135622,0.08195765,0.0232143,0.02157741,0.08220261,0.3803896,0.01622255,0.3881433,0.001133232,0.01751072,0.1149999,0.04122403,0.151248,0.02659006,0.1032429,0.4909788,0.014205,0.07002542,0.05536895,0.03640117,0.008671558,0.1194695,0.07884819,0.1286946,1.893557,0.05382182,0.03350521,0.2190348,0.05987542,7.880828,8.845931,19.07531,16.85608,31.7331,10.30089,25.7979,56.68305
263,0.02060032,0.04305033,0.02852232,0.01169161,0.01318356,0.0370265,0.002224816,0.000803969,0.03589005,0.02188624,0.009330775,0.001488394,0.04662814,0.07813039,0.5706199,0.006344283,0.0275676,0.0120559,0.00825804,0.007580003,2.11675E-05,0.01369226,1.006127E-05,0.001981109,0.03670563,0.0007056322,0.003196968,0.0005020781,0.004001874,2.762595E-05,0.005952843,0.0002941937,0.003405401,0.007865006,0.0002210367,0.002405324,0.008692621,0.01090125,0.00443273,0.007219051,0.02086726,0.03178589,0.08203451,0.02313079,0.02176929,0.08445706,0.3838132,0.0164571,0.3890708,0.001126563,0.0175417,0.1158637,0.04179623,0.1517436,0.02656506,0.1029051,0.4988364,0.01268073,0.07568741,0.05415031,0.03728696,0.008983258,0.1262038,0.0811738,0.1299548,1.877694,0.05695748,0.03399619,0.2275967,0.06018819,8.059713,8.948832,18.94126,16.81384,31.49678,9.636399,25.54947,56.90939
264,0.02058564,0.04305149,0.02852553,0.01167804,0.01317049,0.03705707,0.002229044,0.0008113668,0.03592352,0.02190792,0.009398518,0.001483045,0.04672695,0.0790698,0.57395,0.006408772,0.02763674,0.01234221,0.008235382,0.007608397,1.876779E-05,0.01352975,1.009228E-05,0.002022284,0.03668756,0.0007104339,0.003190624,0.0005014281,0.004058929,2.763585E-05,0.005980836,0.0002961264,0.003390097,0.007903323,0.0002339224,0.002625671,0.008699677,0.01083126,0.004461653,0.00725587,0.02138438,0.03238393,0.08236066,0.02310305,0.02178443,0.08657268,0.3887227,0.01678301,0.3921393,0.00111871,0.01747045,0.1158682,0.04210253,0.1516333,0.0265334,0.1021428,0.5106322,0.0111194,0.07755048,0.0513696,0.03755847,0.009212195,0.1348357,0.08387206,0.1312166,1.854852,0.05814666,0.03388809,0.2374288,0.05987731,8.284671,9.074246,18.76309,16.69038,31.2726,8.904024,25.46152,56.39598
265,0.0205849,0.0430638,0.02852523,0.01166614,0.01315843,0.03692168,0.002235267,0.0008184095,0.03596741,0.02192724,0.009378061,0.001479135,0.04683256,0.08002011,0.5772433,0.006472614,0.02770228,0.01255999,0.008201923,0.007582781,1.628135E-05,0.01300125,1.050171E-05,0.002030748,0.03666157,0.0006874538,0.003161666,0.0004872114,0.004031596,2.712747E-05,0.005943988,0.0002966962,0.003383929,0.00783745,0.0001996431,0.002639441,0.008669242,0.01072597,0.004445277,0.007183473,0.0219288,0.03292578,0.08284423,0.02307922,0.02151408,0.08680015,0.389919,0.0171667,0.396497,0.001109781,0.01737538,0.1140806,0.04145685,0.1503284,0.02649772,0.1011947,0.5210918,0.01057907,0.07678062,0.04668109,0.03662735,0.009476077,0.1413331,0.08511388,0.1327141,1.843064,0.05434345,0.03325127,0.2439641,0.05858494,8.540602,9.136195,18.62155,16.58332,30.31505,7.689409,24.24564,55.89716
266,0.02058784,0.04308091,0.02852172,0.01165461,0.01314717,0.03672579,0.002242215,0.0008253586,0.03601659,0.02194461,0.009317718,0.00147607,0.0469443,0.08098067,0.5805488,0.00653432,0.02776505,0.01276695,0.008168895,0.007539502,1.417082E-05,0.01235138,1.106039E-05,0.00203735,0.03665451,0.0006670302,0.003130196,0.0004746341,0.003995942,2.637211E-05,0.005909559,0.0002966036,0.003381396,0.007734319,0.0001712965,0.002633051,0.008645705,0.01060418,0.004400272,0.007056721,0.02253385,0.03354124,0.08337288,0.02306854,0.02112495,0.08597748,0.3903336,0.01756157,0.4017591,0.00110065,0.0172755,0.111508,0.04031181,0.1485068,0.0264605,0.1001823,0.5309896,0.01054339,0.0712727,0.0397988,0.03386383,0.009893648,0.1476701,0.08618255,0.1342488,1.830872,0.04849801,0.03269449,0.2501836,0.05731313,8.728041,9.173084,18.33302,16.38129,30.66346,7.473207,24.79325,53.68534
267,0.02058552,0.04308954,0.02851639,0.01164219,0.01313665,0.03659014,0.002250271,0.000833181,0.03606426,0.02196074,0.00927523,0.001473043,0.04705241,0.08194584,0.5838546,0.006596477,0.0278242,0.01302499,0.008143723,0.00751803,1.330085E-05,0.01167631,1.150108E-05,0.002051661,0.03663775,0.0006336017,0.0030834,0.0004565891,0.00392984,2.518486E-05,0.005884357,0.0002954651,0.003380485,0.007600079,0.0001399143,0.002532555,0.008602739,0.01045508,0.004325824,0.006887507,0.02312918,0.03412098,0.08384865,0.02305958,0.0207343,0.08526577,0.3896968,0.01793786,0.407136,0.001092056,0.01717234,0.1094093,0.03879775,0.1473982,0.0264239,0.09917384,0.543337,0.01079059,0.06947826,0.03676743,0.03142793,0.01101747,0.1563864,0.08787612,0.1358018,1.811968,0.04168384,0.03222553,0.2554961,0.05607289,8.87053,9.173277,18.17618,16.19371,30.36528,7.28084,24.22663,53.85675
268,0.02057546,0.04308323,0.02851092,0.01162899,0.01312581,0.03655751,0.002256637,0.0008403388,0.03610367,0.02197646,0.009301763,0.001469429,0.04716554,0.08293822,0.5873241,0.006656066,0.02788098,0.01329367,0.008127549,0.007534605,1.353201E-05,0.01122117,1.171826E-05,0.002075662,0.03664163,0.0006329576,0.003069783,0.0004602809,0.003953908,2.450985E-05,0.005872598,0.0002960386,0.00337992,0.007538767,0.0001729583,0.002672824,0.008620424,0.0103513,0.004263395,0.006765511,0.0235326,0.03461232,0.0841114,0.02309544,0.02070136,0.08694224,0.3925894,0.01822399,0.4105976,0.001084625,0.01707071,0.1090185,0.03753996,0.1469311,0.0263951,0.09856772,0.5568134,0.01107827,0.06707015,0.03454401,0.02847749,0.01236805,0.1650769,0.08987772,0.1370298,1.7836,0.0377474,0.03177295,0.2601521,0.05519985,8.962136,9.191362,18.00997,15.99568,30.6561,7.366723,24.60717,53.16836
269,0.02056141,0.04306908,0.0285058,0.01161535,0.0131146,0.03657588,0.002263249,0.0008476419,0.03613899,0.0219927,0.009362624,0.00146612,0.04731097,0.08396924,0.5910795,0.006717072,0.0279369,0.01354713,0.008118151,0.00757299,1.452274E-05,0.0111354,1.199372E-05,0.002082111,0.03663522,0.0006438434,0.003069512,0.0004686907,0.00401282,2.465825E-05,0.005863969,0.0002977863,0.003379187,0.007556932,0.0002039764,0.002791294,0.008641887,0.01028197,0.004233523,0.006733995,0.02370176,0.03491087,0.08407104,0.02313553,0.02087081,0.08936077,0.3953343,0.01835668,0.4111702,0.001077883,0.01696886,0.1093915,0.03718974,0.1470195,0.02637246,0.09853878,0.5664964,0.0114872,0.06519477,0.0357396,0.02605985,0.01400949,0.1733813,0.09187478,0.1384344,1.761161,0.03718741,0.03142051,0.2655046,0.05443208,9.002038,9.194045,17.97756,15.88544,30.96984,7.669474,24.91483,53.55793
270,0.02055184,0.04305561,0.02850105,0.01160786,0.01310489,0.0366285,0.002269517,0.0008544798,0.03618125,0.02201145,0.009444374,0.001464519,0.0475099,0.0850424,0.5952311,0.00677632,0.02799258,0.01343997,0.008143314,0.007620525,1.634029E-05,0.0113993,1.217723E-05,0.001947033,0.03662267,0.0006591859,0.003093083,0.0004784462,0.004081922,2.548903E-05,0.005880232,0.0002997062,0.003378156,0.00760867,0.0002037972,0.002738262,0.008672258,0.01023062,0.004235059,0.006777188,0.0230717,0.03440712,0.08368631,0.02315366,0.02108373,0.08994211,0.3940523,0.01799535,0.4074701,0.001071243,0.01687388,0.1098532,0.03762214,0.1474448,0.02635712,0.09902706,0.5555609,0.01204914,0.06121459,0.03879163,0.02352838,0.01526478,0.166461,0.09022192,0.1395094,1.770168,0.0389326,0.03136823,0.2685399,0.05407474,8.842618,9.225584,18.16557,15.93391,31.03982,7.765434,24.97065,54.28761
271,0.02054659,0.04304992,0.02849687,0.01160437,0.01309743,0.03669093,0.002272087,0.0008595319,0.0362327,0.02203155,0.009507569,0.001464179,0.0477522,0.08616763,0.5999075,0.006825089,0.02802282,0.01297334,0.008189898,0.007657662,1.808829E-05,0.01180051,1.076409E-05,0.001769194,0.03655531,0.0006686457,0.003118685,0.0004814627,0.004127912,2.627995E-05,0.005905226,0.000300964,0.003377012,0.007642088,0.0001832639,0.002558788,0.008655652,0.01018247,0.004255089,0.006857792,0.02215172,0.0333736,0.08326253,0.02312338,0.0212098,0.08773296,0.3896185,0.01738078,0.4013046,0.00106454,0.01676876,0.1100585,0.03847461,0.1469452,0.02635468,0.0998064,0.5360021,0.01255005,0.05462313,0.03893906,0.02010586,0.01499152,0.1525795,0.08660743,0.138097,1.80455,0.04191071,0.03131792,0.2629171,0.05402372,8.536173,9.181931,18.43664,16.12347,31.30612,7.921054,25.29477,54.62922
272,0.02054261,0.04305216,0.02849339,0.01160255,0.01309316,0.03678686,0.002271132,0.0008636207,0.03628964,0.02205409,0.009561853,0.001464335,0.04802484,0.08734915,0.6051363,0.006858243,0.02802042,0.01242478,0.008230124,0.007696213,1.889423E-05,0.01227209,9.232863E-06,0.001577293,0.03639097,0.0006660339,0.003127888,0.0004743006,0.004132429,2.66871E-05,0.005915053,0.0003011225,0.003375667,0.007636359,0.0001472718,0.002317547,0.008522622,0.01011646,0.004282896,0.006949164,0.02117706,0.03207244,0.08287989,0.02301544,0.02125627,0.08465035,0.3825955,0.01669787,0.3935467,0.001057399,0.01664722,0.110537,0.03947016,0.1457866,0.02636415,0.1007619,0.5150767,0.01334181,0.04603762,0.03518787,0.01636137,0.01358041,0.1376351,0.08250309,0.1349743,1.855428,0.04556486,0.03136006,0.2472987,0.05428063,8.133004,8.989379,18.73566,16.43025,31.64151,8.101933,25.62338,55.26509
273,0.02053658,0.04305132,0.02849072,0.01160094,0.01308839,0.03690823,0.002274063,0.0008696619,0.0363431,0.0220831,0.009653425,0.001463853,0.04828859,0.08852345,0.6101266,0.006905606,0.02804029,0.01192863,0.008256692,0.007750006,2.136955E-05,0.01278412,9.576953E-06,0.001473867,0.03616598,0.0006572403,0.003126625,0.0004659206,0.004115838,2.650497E-05,0.005949524,0.0003003829,0.00337032,0.007613024,0.0001045995,0.00204049,0.008268356,0.009995786,0.004315203,0.007047505,0.0202587,0.03088186,0.0823883,0.02278639,0.02140851,0.08183408,0.3740341,0.01609709,0.3849162,0.001048642,0.01654509,0.111567,0.04046341,0.1459043,0.02636451,0.1016154,0.4939149,0.01465373,0.04366343,0.0339092,0.0143477,0.01255677,0.1238432,0.07885261,0.133584,1.909353,0.04973619,0.03177203,0.2280705,0.05485315,7.698001,8.728459,18.99079,16.77293,31.89829,8.049173,25.88407,55.99677
274,0.02052845,0.04304906,0.02848848,0.01159516,0.0130815,0.03699889,0.002279258,0.000876472,0.03638982,0.0221151,0.009746293,0.001462225,0.0485226,0.08966507,0.6147173,0.006961248,0.02808869,0.01182424,0.008257654,0.007791441,2.412579E-05,0.01319523,1.198528E-05,0.00152712,0.03601741,0.0006588505,0.003123643,0.0004657394,0.004148503,2.617231E-05,0.005989981,0.0003003017,0.003360538,0.007627805,0.0001005181,0.001795742,0.00808194,0.009876103,0.004345191,0.007140499,0.01998957,0.03037841,0.08167962,0.02250954,0.0216046,0.08171562,0.3665023,0.01588943,0.3770541,0.001038898,0.01646463,0.1124537,0.04141323,0.146392,0.02635476,0.102287,0.4817863,0.01598983,0.05109179,0.03982144,0.01509992,0.01406182,0.1216228,0.07914809,0.1343608,1.937947,0.05394744,0.03229508,0.2218384,0.05534014,7.392714,8.663653,19.1018,16.95656,31.71568,8.048292,25.73294,56.47212
275,0.0205196,0.04304717,0.02848687,0.01158554,0.01306876,0.03703443,0.00228415,0.0008826279,0.03642927,0.02214505,0.009811644,0.00145839,0.04868428,0.09076957,0.6187246,0.007021264,0.02814924,0.01198216,0.008231441,0.007809704,2.362516E-05,0.01351357,1.338462E-05,0.001878264,0.03595967,0.0006598525,0.003114855,0.0004631583,0.004206632,2.632468E-05,0.006014096,0.000301748,0.003350914,0.007670231,0.0001861784,0.001890551,0.008093941,0.009809926,0.004367938,0.007214917,0.0201978,0.03064681,0.08137707,0.02238894,0.02172406,0.08329614,0.3664452,0.01598627,0.3751893,0.001031222,0.01638816,0.1125007,0.04208375,0.1459343,0.02633378,0.1023192,0.485701,0.01704342,0.05819568,0.04756376,0.01628071,0.01648273,0.1270991,0.08128149,0.1356806,1.9309,0.05731354,0.03246601,0.2294052,0.05538385,7.421699,8.756448,19.01066,16.93304,31.55488,8.092138,25.6791,56.2437
276,0.02051506,0.04304838,0.02848458,0.0115754,0.01305406,0.03699381,0.002296016,0.0008903376,0.03646924,0.02216813,0.009818685,0.001453682,0.04878664,0.09184363,0.6222382,0.007085559,0.0282124,0.01220357,0.008124863,0.007753555,2.551274E-05,0.01383518,1.432932E-05,0.002201546,0.03593828,0.0006529722,0.003116038,0.0004558949,0.004264548,2.629508E-05,0.005998299,0.0002997085,0.003344708,0.007670291,0.0002113662,0.002117705,0.008139074,0.009720891,0.004367004,0.007208959,0.02066999,0.03123635,0.08153286,0.0223611,0.02157734,0.08445326,0.3683724,0.01623292,0.3775965,0.001027879,0.01622523,0.1117278,0.0419843,0.1453223,0.02630456,0.1016376,0.4951308,0.01773957,0.06384176,0.05426143,0.01692847,0.0188247,0.1344366,0.08314867,0.1370288,1.911676,0.05684953,0.03199035,0.2393858,0.05487865,7.593938,8.887082,18.84882,16.81264,31.3743,7.901055,25.70244,56.04227
277,0.02052466,0.04306874,0.02848018,0.0115668,0.01304034,0.03678188,0.002309238,0.0008971604,0.0365224,0.02218822,0.009730038,0.00145071,0.04890757,0.09291991,0.6257356,0.007148402,0.02827461,0.0123438,0.008000955,0.0076293,2.456601E-05,0.01372538,1.400275E-05,0.002421981,0.03591832,0.0006271146,0.003091682,0.000437126,0.004232964,2.543118E-05,0.005962434,0.0002948604,0.003342514,0.00757854,0.0001788238,0.002135235,0.008145762,0.009594339,0.004318027,0.007088593,0.02110148,0.03174706,0.08188721,0.02236952,0.02120444,0.08390887,0.3686295,0.01658199,0.3816934,0.001025916,0.01604882,0.1094067,0.0408566,0.143401,0.02627244,0.1007099,0.5027188,0.01821994,0.0662132,0.05533309,0.0161203,0.01984543,0.1384529,0.08354428,0.1382075,1.90273,0.05107186,0.03106541,0.2455182,0.05366815,7.818498,8.965647,18.72516,16.6962,31.49226,8.007114,26.02056,55.94272
278,0.02054047,0.0431019,0.02847357,0.01155881,0.0130282,0.03647485,0.002322738,0.0009033984,0.03658489,0.02220664,0.009590166,0.001449273,0.04905849,0.09401555,0.629348,0.007209294,0.028334,0.01244358,0.007878954,0.007477901,2.234767E-05,0.01327999,1.456891E-05,0.002655001,0.0358491,0.0005832855,0.00303818,0.0004112738,0.004132073,2.366013E-05,0.005880357,0.0002879477,0.003342718,0.007423851,0.0001359342,0.00200739,0.008090731,0.009414223,0.004222401,0.006898039,0.02163313,0.03232455,0.08232109,0.02236177,0.02076706,0.08237287,0.3661579,0.01696677,0.3859306,0.001024061,0.01587927,0.1064067,0.03919122,0.1407871,0.02624014,0.09972332,0.5088816,0.01896567,0.0602705,0.05052515,0.01387147,0.01875995,0.1408971,0.08359177,0.1393187,1.903581,0.04296684,0.02970722,0.2444674,0.05173123,8.080769,8.905842,18.71578,16.65625,31.38482,7.813927,25.7205,56.41755
279,0.02054545,0.04311949,0.02846547,0.01154904,0.01301627,0.03628724,0.002336018,0.0009101581,0.03664061,0.02222437,0.009506613,0.001447073,0.04918882,0.09513959,0.6329615,0.007269275,0.02839174,0.01264184,0.007765676,0.007369836,2.000975E-05,0.01296072,1.373319E-05,0.002830383,0.03582137,0.0005562703,0.002999711,0.0003997736,0.004065514,2.214841E-05,0.005802186,0.0002812922,0.003343847,0.007276713,0.0001188896,0.001964328,0.008092479,0.009245529,0.004118863,0.006698071,0.02199206,0.0329151,0.08270733,0.02236624,0.02037311,0.08146741,0.3657386,0.01720432,0.3905811,0.001022641,0.01571214,0.1044128,0.03740904,0.139348,0.02621182,0.09889064,0.5204749,0.01971029,0.05775056,0.04747589,0.01296284,0.0182439,0.1470926,0.08509984,0.1405978,1.889533,0.03548691,0.02879876,0.2464076,0.05067457,8.266057,8.888777,18.67618,16.54163,31.65936,7.863352,25.89499,56.08039
280,0.02053876,0.04311971,0.02845747,0.01153748,0.01300379,0.03623289,0.00234949,0.0009176052,0.03668606,0.02224172,0.009501152,0.001443563,0.04929054,0.09627581,0.6364821,0.007328006,0.02844864,0.01289057,0.00766168,0.007310668,1.81211E-05,0.01280425,1.312652E-05,0.002922623,0.03583133,0.0005570929,0.00299233,0.0004069623,0.004091287,2.12477E-05,0.005733417,0.0002767242,0.0033452,0.007205771,0.0001498264,0.002136745,0.008150313,0.009130419,0.004036942,0.006545225,0.0223533,0.03342093,0.08310309,0.02240652,0.02012293,0.08275309,0.3687179,0.01744345,0.3938827,0.001021844,0.01554787,0.1041163,0.03583108,0.1393598,0.02618704,0.09808584,0.5354641,0.02057835,0.05543677,0.04521843,0.0126987,0.01766095,0.1552781,0.08704342,0.1418856,1.858289,0.03091301,0.02801691,0.2479741,0.05017547,8.389996,8.930071,18.68807,16.40667,32.67597,8.694716,26.98699,56.2549
281,0.02052945,0.04311655,0.0284523,0.01152601,0.01299171,0.03621406,0.002361336,0.0009245371,0.03672954,0.02226014,0.009525569,0.001440722,0.04943467,0.09746406,0.6404159,0.007382879,0.02850118,0.01308667,0.00757372,0.007267589,1.53185E-05,0.01276508,1.133711E-05,0.002859899,0.03584934,0.0005691681,0.003005279,0.0004194645,0.004175157,2.136939E-05,0.00570875,0.0002737716,0.003346661,0.007205649,0.0001860516,0.002312104,0.008224281,0.009058464,0.003991362,0.006481855,0.02224694,0.03346811,0.08315466,0.02247186,0.0201951,0.08483912,0.3707734,0.01736847,0.3939922,0.001022146,0.01539073,0.1044716,0.03513027,0.1398565,0.02617558,0.09800164,0.5443676,0.02098425,0.05314658,0.04241241,0.01318842,0.01690737,0.1608233,0.08820037,0.1428728,1.8403,0.03028279,0.02755591,0.2501527,0.04991166,8.42594,8.98053,18.97093,16.43445,33.08614,9.711285,27.09206,58.21524
282,0.02052303,0.04311768,0.02844918,0.01152077,0.01298213,0.03624357,0.002371424,0.0009310924,0.03678368,0.02228649,0.009575324,0.001440075,0.04966321,0.09872109,0.6451142,0.007426726,0.02853749,0.01279748,0.007535256,0.00723615,1.275613E-05,0.01272995,9.366111E-06,0.002641399,0.03586943,0.0005867791,0.003046844,0.0004328699,0.004281778,2.241437E-05,0.005725139,0.0002713749,0.003349794,0.007243546,0.0002009047,0.002465174,0.008331551,0.009021176,0.003979734,0.006493996,0.02150898,0.03295561,0.08283852,0.0225617,0.02035534,0.08404354,0.3710743,0.01689529,0.3918121,0.001023503,0.01524626,0.1051096,0.03525472,0.1409179,0.02618388,0.09864216,0.5317821,0.02056266,0.04942001,0.03768533,0.01385058,0.01553049,0.1518643,0.08590938,0.142519,1.853961,0.03221768,0.02757325,0.250364,0.0501027,8.353803,9.091415,19.41969,16.63906,32.92789,10.6532,26.68138,59.24139
283,0.02052229,0.04313263,0.02844827,0.01151841,0.01297509,0.03624927,0.00237696,0.0009356578,0.03684715,0.02231674,0.009604493,0.001440693,0.04994249,0.1000354,0.650449,0.007449735,0.02855064,0.01229253,0.007509451,0.007189262,1.01943E-05,0.01250446,7.80351E-06,0.002424258,0.03585671,0.0006007165,0.003086454,0.0004405336,0.004371471,2.375904E-05,0.005742424,0.0002688448,0.003353404,0.007275044,0.000192854,0.002468005,0.008395209,0.008998973,0.00399193,0.006554442,0.02059736,0.03203221,0.08246479,0.02263256,0.02044796,0.08160441,0.3685826,0.01628489,0.3871255,0.001025362,0.0151031,0.1053705,0.03594867,0.1410109,0.02620864,0.09961554,0.512776,0.0217777,0.04374858,0.03307901,0.01386195,0.0137626,0.1383725,0.08226533,0.1406658,1.89229,0.03555256,0.02774668,0.2449856,0.05054259,8.149138,9.122388,19.7847,16.94381,32.9619,11.71388,26.63308,59.14129
284,0.02052057,0.04315385,0.0284493,0.01151702,0.012971,0.03629014,0.00237952,0.0009392394,0.03691479,0.02235087,0.009625051,0.001441502,0.0502544,0.1013948,0.6564234,0.007452533,0.02853535,0.0117403,0.007479916,0.007152627,8.584269E-06,0.01226864,6.845373E-06,0.002230915,0.03579126,0.0006101281,0.003116794,0.0004427607,0.004442705,2.504301E-05,0.005766794,0.0002660156,0.003356413,0.007294021,0.0001761571,0.002391447,0.00841823,0.00898182,0.004018133,0.006638825,0.01967124,0.03093347,0.08210076,0.02266794,0.02046047,0.07863218,0.3643033,0.01564506,0.3810696,0.001027434,0.01494479,0.1057968,0.0369243,0.1403696,0.02624589,0.1007687,0.4927933,0.02511813,0.03586077,0.0286468,0.01296252,0.01177136,0.1245375,0.07834585,0.1373636,1.943956,0.03987194,0.02784295,0.2355096,0.05111847,7.870839,9.077211,20.05886,17.27923,32.76563,12.49479,26.24993,59.31366
285,0.0205179,0.04316974,0.0284525,0.01151627,0.01296614,0.03635691,0.002387893,0.0009450495,0.03697578,0.02238747,0.009682912,0.001441456,0.0505518,0.102739,0.6619239,0.007490207,0.02855494,0.01123718,0.007441527,0.007137085,7.587379E-06,0.01201094,7.920011E-06,0.002086401,0.03561297,0.0006058936,0.003134199,0.0004407173,0.004484664,2.580722E-05,0.005808162,0.000262325,0.00335796,0.00728073,0.0001400915,0.0021996,0.008275096,0.008926991,0.004049663,0.006726109,0.01879315,0.02981275,0.0815399,0.02260155,0.02058527,0.07596334,0.3576012,0.01507148,0.3735044,0.001028885,0.01479405,0.1068305,0.03792213,0.1410528,0.02626578,0.1017481,0.4727683,0.02794319,0.03462141,0.02751533,0.01313644,0.01062998,0.1118623,0.07481065,0.1360535,2.004951,0.04416155,0.02810959,0.2157716,0.05191737,7.521359,8.818744,20.15959,17.64309,32.81471,12.53831,26.17362,59.11362
286,0.0205113,0.0431817,0.02845694,0.01150973,0.01295839,0.03640288,0.00239952,0.0009521685,0.0370268,0.02242453,0.009745769,0.001439601,0.0508034,0.1040482,0.6668167,0.0075494,0.02860999,0.01120558,0.007370731,0.007128346,6.491615E-06,0.01165355,9.14775E-06,0.002196952,0.03553601,0.0006149486,0.003142475,0.0004447954,0.00456652,2.61665E-05,0.005835707,0.0002597199,0.003355444,0.007309036,0.0001566612,0.002057275,0.008253268,0.008886725,0.00407966,0.006808084,0.01872063,0.02971163,0.08093574,0.02249006,0.02075306,0.07649627,0.3550015,0.01503221,0.3689289,0.001029412,0.01467382,0.1076429,0.03878241,0.1418501,0.02626866,0.102416,0.4689866,0.02722306,0.04177731,0.02920831,0.01472187,0.01044943,0.1124766,0.07576359,0.1371243,2.024926,0.04846651,0.02841013,0.214663,0.05246744,7.461984,8.797582,20.0452,17.75142,32.65376,11.88704,25.97939,58.8289
287,0.02050177,0.04319076,0.02846106,0.01150082,0.01294576,0.03645297,0.002412932,0.0009602673,0.03707032,0.02245875,0.009812688,0.001435753,0.05099038,0.1053241,0.6711372,0.007619909,0.0286791,0.01139451,0.007282921,0.007130159,6.082311E-06,0.01134581,1.021975E-05,0.002316482,0.03550198,0.0006206348,0.003146172,0.0004457969,0.004649797,2.643876E-05,0.005857065,0.0002579212,0.00335104,0.007355602,0.0001926843,0.002111084,0.008297058,0.008856819,0.004108311,0.006879593,0.01910719,0.03016929,0.08072767,0.02241597,0.020953,0.07869139,0.3578884,0.01526981,0.3691926,0.001029419,0.01456048,0.1085697,0.03944675,0.1427551,0.02625614,0.1024678,0.4774753,0.02368877,0.0497032,0.03084424,0.01635858,0.01033577,0.1188696,0.07824144,0.1389213,2.015223,0.05229682,0.02852442,0.2216521,0.05274457,7.616014,8.867236,19.79532,17.69146,32.68531,11.12078,26.18724,58.27032
288,0.02049799,0.04320375,0.02846341,0.01149208,0.01293181,0.03641628,0.002432249,0.000969813,0.03711633,0.02249063,0.009848834,0.001431345,0.0511271,0.1065716,0.6749966,0.007694732,0.02875181,0.01162939,0.007183287,0.007106419,4.706673E-06,0.01093202,9.779529E-06,0.002385892,0.03549638,0.0006175545,0.003107487,0.0004422511,0.004650298,2.651926E-05,0.005878927,0.0002569183,0.003348388,0.007336477,0.0001968306,0.002279011,0.008318415,0.008845034,0.004123729,0.006871368,0.0196677,0.0308352,0.08096194,0.02241367,0.02088204,0.08027223,0.360587,0.01562919,0.3729111,0.001027549,0.01434937,0.1082298,0.03940534,0.1431869,0.02623224,0.101829,0.4897947,0.01952602,0.04790474,0.0283003,0.01595039,0.009458918,0.1264388,0.08015024,0.140706,1.997792,0.05172611,0.03015789,0.2305204,0.05268411,7.879682,8.980677,19.58783,17.56439,32.34722,9.947134,25.88867,58.19693
289,0.0205054,0.04323303,0.02846243,0.01148466,0.01291882,0.0362286,0.002452926,0.0009787305,0.03717415,0.02252019,0.009807978,0.001428432,0.05127256,0.1078254,0.6788022,0.007768412,0.02882313,0.01181265,0.00708586,0.007034927,2.976891E-06,0.01051359,8.462151E-06,0.002423488,0.03549042,0.0005932669,0.003046278,0.0004280407,0.004559682,2.607983E-05,0.005874955,0.0002546716,0.003348517,0.007236466,0.000162356,0.002255573,0.00829692,0.008806054,0.004098802,0.006767924,0.02026195,0.03151124,0.08138116,0.02243524,0.02057025,0.08013415,0.3605155,0.01604953,0.3781354,0.001024945,0.01412493,0.1062413,0.03847921,0.1422765,0.02620317,0.1009374,0.5002946,0.01689795,0.04317932,0.02424953,0.01414863,0.008149221,0.1319166,0.08102776,0.1422599,1.988603,0.04713503,0.03196143,0.237765,0.05213787,8.176847,9.047679,19.41332,17.43044,31.69524,8.840418,25.21911,57.45267
290,0.0205197,0.04327532,0.02845778,0.0114779,0.01290731,0.03593589,0.002473328,0.0009865551,0.0372414,0.02254787,0.009715175,0.00142698,0.05143744,0.1090961,0.6826624,0.007839161,0.02889196,0.0119369,0.006996603,0.006934816,2.093285E-06,0.01007643,7.536088E-06,0.002446449,0.03546652,0.0005610968,0.002970983,0.0004109028,0.004437382,2.517297E-05,0.005836255,0.0002513991,0.003350557,0.007099887,0.0001271526,0.002151097,0.008238819,0.008725219,0.004040984,0.006612527,0.02080035,0.03218834,0.08187626,0.02244478,0.02017617,0.07904366,0.3583626,0.01646141,0.3838425,0.001021896,0.01391102,0.1034312,0.03714474,0.1403886,0.0261714,0.09996488,0.5084904,0.01672705,0.03870719,0.02067857,0.01231073,0.006944971,0.1351805,0.08120555,0.143582,1.985634,0.04100325,0.03355763,0.2420406,0.05122549,8.451241,9.020358,19.17911,17.26946,31.04144,8.113156,24.50265,55.97049
291,0.02052018,0.04329737,0.02845081,0.01146891,0.01289606,0.03580927,0.002494465,0.0009954941,0.03729982,0.02257439,0.00969402,0.001424512,0.05158003,0.1103776,0.6864812,0.007907337,0.02895829,0.01215624,0.006918429,0.006887859,4.796751E-06,0.009735486,9.786246E-06,0.002525987,0.03547875,0.0005444385,0.002913896,0.0004078634,0.004360856,2.447476E-05,0.005814579,0.0002486124,0.003352892,0.006980124,0.0001209533,0.00215329,0.008239887,0.008656777,0.003980266,0.006459006,0.02129066,0.0327967,0.08233964,0.02248534,0.01980246,0.07874209,0.3597959,0.01681096,0.3893641,0.00101947,0.01369984,0.1018864,0.03577043,0.139905,0.0261401,0.09897824,0.5222944,0.01707224,0.04244431,0.02028759,0.01144741,0.006445836,0.1424293,0.08270969,0.1449265,1.962453,0.03586103,0.03504906,0.245241,0.0511902,8.615641,9.006762,18.80895,16.97296,31.30338,8.074561,24.79499,54.33265
292,0.02051126,0.04330172,0.02844434,0.01145805,0.01288428,0.03579896,0.002516278,0.001005302,0.03734863,0.0225964,0.009746689,0.001420915,0.05169556,0.1116807,0.6902111,0.007975616,0.02902256,0.0124176,0.006845803,0.006889302,1.030063E-05,0.009679337,1.194785E-05,0.002663807,0.03550989,0.0005529828,0.002884179,0.0004215162,0.004371902,2.424073E-05,0.005769181,0.0002477106,0.003355181,0.006943607,0.0001618132,0.002349622,0.008277963,0.008623458,0.003938918,0.00635959,0.02177171,0.03330011,0.08283256,0.02253079,0.01967798,0.08046013,0.3638859,0.01715297,0.3930944,0.001017026,0.01349244,0.1019716,0.034683,0.1405533,0.02611041,0.09804737,0.5386224,0.01764013,0.06631924,0.02528353,0.01280383,0.007179436,0.1511299,0.08462656,0.1463069,1.922152,0.03364158,0.03628629,0.2475448,0.05135046,8.730813,9.026705,18.53964,16.679,31.9775,8.526687,25.54871,54.3842
293,0.02050093,0.04329941,0.02843861,0.01144649,0.01287239,0.03581245,0.002537434,0.001014666,0.03739355,0.02261697,0.009824282,0.001417163,0.0518109,0.1130135,0.6940258,0.00804504,0.02908468,0.01268488,0.00677872,0.006898002,1.505321E-05,0.01017284,1.421125E-05,0.002850674,0.03553675,0.000568298,0.002866769,0.0004361957,0.004410518,2.456026E-05,0.00576054,0.000247867,0.003356812,0.006970151,0.0001995938,0.002525589,0.008322944,0.0086109,0.003923484,0.006331322,0.0220572,0.0337101,0.08322936,0.02257561,0.01980133,0.08297979,0.3681175,0.017347,0.3944269,0.001014878,0.01329194,0.1024594,0.03429238,0.1411347,0.02608436,0.09740064,0.5541166,0.01783863,0.09703612,0.03323847,0.01487119,0.008575965,0.1596037,0.0867616,0.1475451,1.884288,0.03397312,0.03753747,0.251277,0.05138779,8.835741,9.045981,18.51062,16.53976,32.41075,9.17511,25.92969,55.73644
294,0.02049337,0.0432981,0.02843325,0.01144165,0.01286297,0.03587353,0.002557906,0.001023788,0.03744956,0.02264076,0.009924968,0.001416339,0.05204089,0.1144517,0.6988564,0.008103415,0.02913404,0.0124651,0.006761304,0.0069156,1.87049E-05,0.01086913,1.412551E-05,0.002666732,0.03556444,0.0005889385,0.002881069,0.0004520768,0.004469327,2.528154E-05,0.005754073,0.0002482873,0.003360149,0.007028656,0.0002088045,0.002629662,0.008403148,0.008617044,0.003929856,0.006360106,0.0214996,0.03332395,0.08303002,0.02264369,0.02000413,0.08263148,0.3692494,0.01700235,0.3926544,0.001013694,0.01310576,0.1032026,0.03457808,0.142312,0.02607789,0.09781771,0.5435526,0.01767168,0.1114228,0.04088272,0.01592024,0.0097282,0.1526971,0.08508343,0.1477251,1.885267,0.03594891,0.03932204,0.2544325,0.05191861,8.774457,9.141623,18.75942,16.60374,32.29467,10.00098,25.76403,56.87038
295,0.02049146,0.04331145,0.0284303,0.01144018,0.01285675,0.03591631,0.002570152,0.001029345,0.03752137,0.02266791,0.009981882,0.001417418,0.05233955,0.1159817,0.7049363,0.008123762,0.02912006,0.01200708,0.006756789,0.006910291,1.983873E-05,0.01146058,1.202368E-05,0.002442198,0.03557884,0.000606412,0.002894978,0.000462674,0.004519566,2.573353E-05,0.00573703,0.0002485999,0.003364565,0.007083619,0.0002065583,0.002676745,0.00846943,0.008631718,0.003948392,0.006418556,0.02065036,0.03251137,0.08278454,0.02272103,0.02004814,0.08030304,0.3683287,0.01643105,0.3891346,0.00101315,0.01291805,0.103335,0.03527641,0.1416546,0.02609926,0.09880325,0.5249823,0.01730579,0.104617,0.04132838,0.01531303,0.009613647,0.1399206,0.08170214,0.1448199,1.911535,0.03871006,0.04091805,0.2529523,0.05260255,8.610639,9.21155,19.05421,16.78389,32.44414,11.03049,25.97459,57.10129
296,0.02048882,0.04332822,0.02843024,0.01143986,0.01285137,0.03600353,0.00258177,0.001035044,0.03759456,0.02270287,0.01004843,0.001418639,0.05264944,0.1175661,0.7113291,0.008140719,0.02909322,0.01148936,0.00674436,0.006923904,2.442695E-05,0.01232441,1.362812E-05,0.002241251,0.03552921,0.0006184129,0.002899742,0.000467431,0.004543588,2.584606E-05,0.005701166,0.0002483579,0.003369592,0.007118034,0.0001884898,0.002597232,0.008472851,0.008641887,0.003972516,0.006490341,0.01973102,0.03141407,0.0824875,0.02274558,0.02007759,0.07733791,0.3647532,0.01578871,0.3830954,0.001012236,0.01273345,0.103963,0.0361623,0.1409423,0.02612495,0.09995046,0.5043232,0.01800928,0.1068214,0.04110897,0.01551766,0.0096825,0.1259732,0.07780312,0.140877,1.952837,0.04192645,0.04250689,0.2445009,0.05359349,8.338354,9.161962,19.33254,17.05755,32.67691,11.52993,26.13093,57.73164
297,0.02048391,0.04333889,0.02843215,0.01143958,0.01284471,0.03612817,0.002598841,0.001043345,0.03766102,0.02274127,0.01015802,0.00141907,0.05293509,0.1191339,0.7171243,0.008189631,0.02911102,0.01104544,0.006718338,0.006956527,2.928907E-05,0.01315136,2.133865E-05,0.002261933,0.03542768,0.0006260343,0.002897651,0.0004700433,0.004554864,2.597432E-05,0.005713665,0.0002475255,0.00337268,0.007146587,0.000159546,0.002404477,0.008380756,0.00863368,0.0040063,0.006578551,0.01885677,0.03033822,0.08203231,0.02267371,0.02022885,0.07487109,0.3590404,0.01520346,0.3752846,0.001010549,0.01256747,0.1052481,0.03717348,0.1416971,0.02613422,0.1009495,0.4834958,0.01879025,0.1271729,0.04468333,0.01691797,0.01056087,0.113348,0.07440537,0.138618,1.996944,0.04607604,0.04438803,0.2323808,0.05489437,8.003399,9.046664,19.53303,17.36153,33.00088,11.78354,26.45313,58.30204
298,0.02047599,0.0433452,0.028436,0.01143564,0.01283548,0.03625261,0.002619843,0.001053519,0.03771901,0.02278051,0.01028621,0.001418108,0.05317642,0.1206683,0.722284,0.008257108,0.02916628,0.01095947,0.006664958,0.00699442,3.196958E-05,0.01383585,2.73623E-05,0.002568538,0.03537352,0.0006341484,0.002884315,0.0004721585,0.004577953,2.588598E-05,0.005734607,0.0002468219,0.003371331,0.007197108,0.0001471968,0.002161771,0.008269904,0.00861259,0.004045923,0.006673681,0.01853128,0.02991647,0.08154521,0.02251488,0.02046512,0.07504463,0.3544054,0.01498811,0.3680756,0.001007679,0.01242532,0.1067596,0.03821939,0.1432275,0.02613025,0.1016986,0.4722317,0.01832231,0.1550087,0.05524782,0.01897902,0.0121014,0.1096129,0.07427947,0.1387901,2.016075,0.05097536,0.0463443,0.2288751,0.05613864,7.774947,9.077332,19.61403,17.53669,33.03732,11.65667,26.58516,58.91451
299,0.02046565,0.04334976,0.02844327,0.01142807,0.01282323,0.0363556,0.002642133,0.001064248,0.03777023,0.02281827,0.01040848,0.001415239,0.05334352,0.1221572,0.7267701,0.008334558,0.02923615,0.01114577,0.006588407,0.00702876,3.197535E-05,0.01438624,2.921783E-05,0.002772605,0.03538418,0.0006407904,0.002867056,0.0004716068,0.004617308,2.5784E-05,0.005764798,0.0002469785,0.003361587,0.007261758,0.0001872336,0.002165267,0.008291841,0.008608929,0.004085789,0.006760747,0.01887617,0.03025052,0.08139747,0.02242018,0.02070704,0.07723562,0.357124,0.01517803,0.3676269,0.001004432,0.01229062,0.1081233,0.03902039,0.144508,0.02611681,0.1018492,0.4772353,0.01632171,0.1702892,0.07321758,0.02105134,0.01368543,0.1146549,0.07634969,0.1397939,1.999979,0.05540445,0.04767895,0.2354004,0.05692946,7.868851,9.206954,19.55116,17.54791,32.70522,11.36881,26.254,59.1263
300,0.02046024,0.04335595,0.02845267,0.0114203,0.01281015,0.03637714,0.002668017,0.001075362,0.03782264,0.0228546,0.01052519,0.001411625,0.05345812,0.1236122,0.7307652,0.008414375,0.02930983,0.01140188,0.006522695,0.007048984,2.728508E-05,0.01441093,2.817584E-05,0.002920482,0.03542515,0.0006405773,0.002878232,0.0004671495,0.004677939,2.569697E-05,0.005794796,0.0002454856,0.003352959,0.007275597,0.0001924586,0.002336168,0.00838386,0.008630644,0.004117154,0.006773388,0.01942758,0.03089661,0.08171646,0.0224086,0.02071121,0.0791236,0.360782,0.01550255,0.3711667,0.0009982417,0.01225874,0.1081588,0.03911412,0.1449615,0.02609896,0.1013941,0.4881585,0.01541432,0.1567371,0.09361368,0.02257456,0.01466192,0.1221058,0.07852156,0.1408253,1.977194,0.05556878,0.04996002,0.2456698,0.05818789,8.088791,9.339699,19.41361,17.4723,32.01733,10.79817,25.53269,58.55952
301,0.02046306,0.04337132,0.02846048,0.01141324,0.01279799,0.03627984,0.002694665,0.001085842,0.03788396,0.02288965,0.01058067,0.001408952,0.0535771,0.1250632,0.7346787,0.008491341,0.0293832,0.01164533,0.006466189,0.007035792,2.058906E-05,0.01424991,2.46061E-05,0.002978301,0.03545257,0.0006240357,0.002872187,0.000453967,0.004670082,2.541152E-05,0.005814571,0.0002423106,0.00334969,0.007209327,0.0001638413,0.002355774,0.008439276,0.008638262,0.004116434,0.006702905,0.02000359,0.03163137,0.08221536,0.02242524,0.02045556,0.07948092,0.3623239,0.01586743,0.3763908,0.0009914228,0.01226095,0.1066252,0.03844363,0.144204,0.0260803,0.1007009,0.4995151,0.01693734,0.1261612,0.1036264,0.02263994,0.01430088,0.1292741,0.08031523,0.1417952,1.963074,0.05199514,0.05191591,0.2547624,0.05902085,8.347788,9.385345,19.20156,17.35311,31.17054,10.02085,24.62218,57.15942
302,0.02046838,0.0433914,0.02846666,0.01140623,0.01278683,0.03613143,0.002721659,0.001095941,0.03795052,0.02292351,0.01060311,0.001407045,0.05370742,0.1265108,0.7385996,0.008565697,0.029455,0.01188661,0.006420538,0.007007538,1.506971E-05,0.01404242,2.036413E-05,0.002946201,0.03547638,0.0006046528,0.002859306,0.0004401036,0.004639992,2.496081E-05,0.005834019,0.0002382153,0.003349218,0.007100756,0.0001393309,0.002338878,0.008491542,0.008635246,0.004088588,0.00658921,0.02056104,0.03237618,0.08271441,0.02246654,0.02008955,0.07898694,0.3631782,0.01623956,0.3823939,0.0009849587,0.0122726,0.1043855,0.03737404,0.1428867,0.02606121,0.09990722,0.5108558,0.01977274,0.1080389,0.1094538,0.02293223,0.01388549,0.1365766,0.08207668,0.1426591,1.950341,0.04664877,0.05353579,0.2625746,0.05978647,8.570904,9.380169,18.87202,17.14562,30.46776,9.435621,23.97633,55.23404
303,0.02046703,0.04340067,0.02847125,0.01139799,0.01277614,0.03606007,0.002748686,0.001106237,0.03801418,0.02295664,0.01065864,0.001404871,0.05383249,0.1279657,0.7425272,0.008634128,0.02952457,0.01217351,0.00638377,0.007004838,1.183413E-05,0.01365623,1.624091E-05,0.002847373,0.03552347,0.0006023669,0.002861871,0.0004397804,0.004660713,2.468709E-05,0.005851186,0.0002349873,0.003350159,0.007028653,0.0001392406,0.00242,0.008574611,0.008647805,0.00406267,0.006488241,0.02108591,0.03302668,0.08318065,0.02253476,0.01967196,0.07830823,0.3662839,0.01659297,0.3878877,0.0009790021,0.01228225,0.1026421,0.03635623,0.1420896,0.02604297,0.09910689,0.5249904,0.02196326,0.08987787,0.1091516,0.02269157,0.01324837,0.1454284,0.08417993,0.1438348,1.925608,0.04244195,0.05492762,0.2685939,0.06113108,8.706367,9.385052,18.45005,16.8187,31.21566,9.533891,25.08414,53.6287
304,0.02045927,0.04339707,0.02847423,0.01138861,0.0127654,0.03607512,0.002775843,0.001116723,0.0380706,0.02298916,0.01078024,0.001401957,0.0539378,0.1294402,0.7463985,0.00870225,0.02959189,0.01247458,0.006350905,0.007035034,9.889577E-06,0.01327084,1.252166E-05,0.002712063,0.03557419,0.0006097541,0.002874059,0.0004465036,0.004730496,2.453377E-05,0.005853588,0.0002331104,0.003351882,0.007029959,0.0001719728,0.00259565,0.008666283,0.00867293,0.004049683,0.006441776,0.02155633,0.03356611,0.08366996,0.02258803,0.01947475,0.07973706,0.3707377,0.01689401,0.3918558,0.0009730845,0.01228834,0.1025356,0.0357533,0.1423187,0.02602427,0.0983246,0.5405328,0.02048387,0.07257055,0.1050579,0.02182692,0.01247061,0.1548796,0.08647228,0.1452037,1.88849,0.04113112,0.05614742,0.2740657,0.06249427,8.808984,9.426374,18.30585,16.54247,32.489,10.30264,26.51579,54.92025
305,0.02044978,0.04338656,0.0284752,0.01137897,0.012755,0.03612759,0.002802848,0.001127106,0.03812381,0.02302136,0.0109335,0.00139904,0.05404624,0.1309539,0.75035,0.008770118,0.02965726,0.01278147,0.006321576,0.007081568,7.724208E-06,0.01290881,9.449965E-06,0.002579522,0.03563017,0.000620195,0.002889878,0.000453513,0.004808338,2.452766E-05,0.005849203,0.0002319043,0.003353608,0.007076629,0.0001980061,0.00275256,0.008762113,0.008706003,0.004053115,0.006449573,0.02195002,0.03405086,0.08407453,0.02263151,0.01956242,0.08214775,0.3755386,0.01713871,0.3945993,0.0009674536,0.01229957,0.1030667,0.03573409,0.1427825,0.02600507,0.09772146,0.5560587,0.01518223,0.05750133,0.09731309,0.02101477,0.01159728,0.1648113,0.08898889,0.1467169,1.851404,0.04207753,0.05765372,0.2816717,0.06375591,8.934564,9.514237,18.5507,16.45637,33.49707,10.94287,27.44483,57.69838
306,0.02044332,0.04337469,0.0284735,0.01137589,0.01274638,0.03623482,0.002830899,0.001137777,0.03818586,0.02305682,0.0111158,0.001398836,0.05426607,0.1325736,0.7551977,0.008838404,0.02971952,0.01264006,0.006330959,0.007141527,6.404148E-06,0.01266742,7.426387E-06,0.002396602,0.03568351,0.0006351229,0.002928086,0.0004630438,0.004901113,2.496445E-05,0.005887826,0.0002308353,0.003355382,0.007145878,0.0002004052,0.002764669,0.008884801,0.008755731,0.004079239,0.006519376,0.0214087,0.03359264,0.0838187,0.0226934,0.01977817,0.08239138,0.3760493,0.01679792,0.3926172,0.0009630517,0.0123217,0.1040887,0.03644256,0.1443174,0.02599413,0.09807049,0.5475065,0.01067101,0.04313435,0.08555067,0.02031871,0.01048591,0.1581451,0.08731195,0.1476164,1.855735,0.04550237,0.0600169,0.2856203,0.065712,8.862715,9.673503,19.1719,16.64139,33.76204,11.33872,27.47544,60.02657
307,0.02044267,0.04337441,0.0284706,0.01137748,0.0127411,0.03634659,0.002853113,0.001145603,0.03826047,0.02309402,0.01126139,0.001400658,0.05455185,0.1342933,0.760904,0.008891087,0.02975368,0.01219671,0.006359415,0.007189956,5.294209E-06,0.01236462,5.25359E-06,0.002212336,0.03567654,0.0006459547,0.002967957,0.000468519,0.004966225,2.522861E-05,0.005886133,0.0002292216,0.003357684,0.007196686,0.0001820694,0.002645439,0.008953129,0.008811126,0.004120192,0.006614479,0.02055994,0.03260971,0.08344214,0.02272366,0.01989594,0.08033558,0.3730914,0.01622208,0.3877035,0.0009590895,0.01232375,0.1048602,0.03750795,0.1445789,0.02599661,0.09883501,0.5294262,0.009213972,0.03228319,0.07367928,0.01859987,0.009406592,0.144941,0.08377273,0.1456022,1.895198,0.05005484,0.06198667,0.2795852,0.06792654,8.630503,9.693563,19.82907,17.03604,34.01083,11.83213,27.57613,60.78956
308,0.02045077,0.0434049,0.02846836,0.01138269,0.0127408,0.03637413,0.002860807,0.001147627,0.03836484,0.02313764,0.01130907,0.00140504,0.05491094,0.1360771,0.7683353,0.008886244,0.02969765,0.01169829,0.006387144,0.007188102,4.392364E-06,0.01214343,3.614569E-06,0.002051304,0.03562817,0.0006516638,0.003000558,0.0004691779,0.005010422,2.521589E-05,0.005860582,0.0002271758,0.003361807,0.007217422,0.0001605461,0.002504082,0.008974451,0.00886785,0.004166309,0.006704276,0.01966234,0.03142521,0.08323273,0.02273801,0.01979988,0.07755061,0.3681767,0.01559293,0.3817413,0.000955911,0.01229303,0.1046494,0.03869436,0.1422929,0.02603265,0.100007,0.5103139,0.009912257,0.02541493,0.06320331,0.01578031,0.008390367,0.1309312,0.07982442,0.1405555,1.959483,0.05450206,0.06268081,0.2665201,0.06976467,8.321159,9.556933,20.37655,17.53395,34.21365,12.0671,27.6272,61.25411
309,0.02045345,0.04342382,0.02846755,0.0113877,0.0127383,0.03649669,0.002878783,0.00115427,0.03845412,0.02318217,0.01144024,0.001408112,0.05523781,0.1378756,0.7748615,0.008922789,0.02969704,0.01120525,0.006404502,0.007237693,6.021827E-06,0.01202074,4.13193E-06,0.001902805,0.03549834,0.0006503992,0.003021494,0.0004683781,0.005043556,2.517066E-05,0.005911449,0.0002245165,0.003362491,0.007222825,0.0001325219,0.002269123,0.008883342,0.008903989,0.004218839,0.006810362,0.01876703,0.03019806,0.08281541,0.02265342,0.01987677,0.0747826,0.3612269,0.0149761,0.3742983,0.0009524138,0.01228592,0.1058609,0.03992455,0.142375,0.02605012,0.100978,0.4901981,0.0125263,0.02288921,0.0553612,0.01360832,0.007674965,0.117363,0.07591402,0.1374616,2.027867,0.06017106,0.06426514,0.2480335,0.07264107,7.940525,9.337812,20.73765,18.01015,34.34667,12.18957,27.59152,61.56915
310,0.02044999,0.0434348,0.02846941,0.01138805,0.01273173,0.03664507,0.002906225,0.00116532,0.03853043,0.0232284,0.0116322,0.001409539,0.05551925,0.1396271,0.7805107,0.008993929,0.02974856,0.01112784,0.00639702,0.007317402,9.406009E-06,0.01192803,1.033759E-05,0.001807796,0.03545323,0.0006573777,0.003033695,0.0004726617,0.005109203,2.475616E-05,0.005955999,0.0002225279,0.00335687,0.007271727,0.0001361846,0.002026989,0.008803523,0.008923844,0.00427237,0.006919115,0.01866163,0.02992905,0.08221158,0.02245872,0.02013367,0.07518744,0.3568425,0.01484832,0.3689433,0.0009469776,0.01231777,0.1077153,0.04111052,0.1446387,0.02605243,0.1017329,0.479582,0.01573761,0.03062731,0.05640979,0.01496563,0.007823969,0.1147375,0.07616742,0.1382252,2.059522,0.06605987,0.06630558,0.2422027,0.07562109,7.742566,9.359542,20.85351,18.22729,34.23886,11.82607,27.44767,61.54825
311,0.02044334,0.04344546,0.02847497,0.0113849,0.01272204,0.03678266,0.002936785,0.001177852,0.03859748,0.02327179,0.01183183,0.001408472,0.05570076,0.141297,0.7852145,0.009078589,0.02982054,0.0113445,0.006366886,0.007401857,1.278358E-05,0.01191417,1.508669E-05,0.001907147,0.03548748,0.0006616027,0.003040531,0.0004734207,0.005192966,2.479811E-05,0.006004185,0.0002216353,0.0033483,0.00733116,0.0001881201,0.002215003,0.008892884,0.008984222,0.004321807,0.006993693,0.01915914,0.03037478,0.08206338,0.0224237,0.02038048,0.0777285,0.3602454,0.01508515,0.3707985,0.0009438099,0.01235583,0.1094445,0.04185025,0.1470057,0.02604452,0.101718,0.4879256,0.01891769,0.04703093,0.06342947,0.02013335,0.00871326,0.1211703,0.07847417,0.1402462,2.04954,0.06930703,0.06764511,0.2492685,0.07802726,7.87349,9.507045,20.74587,18.21894,33.72911,10.67495,27.04881,61.16169
312,0.02044519,0.04346524,0.02848197,0.01138221,0.01271212,0.03679033,0.002970901,0.001189042,0.03866921,0.02331293,0.01195204,0.00140727,0.05583061,0.1429305,0.7893969,0.009168251,0.02989889,0.01160892,0.006368716,0.007423644,1.672849E-05,0.01205613,1.847734E-05,0.002131193,0.0355309,0.0006461331,0.003000756,0.0004640695,0.005157119,2.471451E-05,0.006047267,0.0002195137,0.003345073,0.007291462,0.0001803658,0.00229501,0.008958879,0.009059736,0.004330002,0.006955123,0.01987528,0.03105923,0.08230977,0.02246173,0.02035613,0.07959256,0.3619258,0.01547463,0.3757837,0.0009485918,0.01249709,0.1092477,0.04147504,0.1481779,0.02603087,0.1011534,0.500732,0.02077951,0.06735415,0.06694,0.02829086,0.009876153,0.1287045,0.08020373,0.1421921,2.038105,0.06616608,0.06650729,0.2575483,0.07822598,8.129836,9.623304,20.49795,18.11628,32.96732,9.329412,26.44068,60.13825
313,0.02045074,0.0434934,0.02848739,0.01137964,0.01270278,0.03673661,0.003006693,0.001199844,0.03874811,0.02335186,0.01202004,0.001406827,0.05595693,0.1445581,0.7934579,0.009257834,0.02997785,0.01190075,0.006385415,0.007418592,2.004516E-05,0.01218894,2.005509E-05,0.002355922,0.03558815,0.0006287586,0.002953075,0.0004528971,0.005081007,2.426556E-05,0.006068253,0.0002165211,0.003346927,0.007195714,0.0001596318,0.002314395,0.009018218,0.009121241,0.004298603,0.006842924,0.02069022,0.03177712,0.08267792,0.02253425,0.02009508,0.08008237,0.3625817,0.01592216,0.3823677,0.000955758,0.01266731,0.1079173,0.04034446,0.1485917,0.02601277,0.1003445,0.5145692,0.02079181,0.08710752,0.06414142,0.03645554,0.01088457,0.1367524,0.08193495,0.1439113,2.023424,0.05952069,0.0647264,0.2648703,0.07802271,8.381714,9.695353,20.12861,17.87354,32.42746,8.589696,25.91274,58.58072
314,0.02045847,0.04352652,0.0284893,0.01137661,0.01269442,0.03662856,0.003042696,0.001210248,0.03883251,0.02338893,0.01204717,0.001407239,0.0560965,0.1462088,0.7975616,0.009345637,0.03005407,0.01218458,0.006408094,0.007391057,2.080792E-05,0.01209128,1.923433E-05,0.002490356,0.03563517,0.0006060238,0.002894988,0.0004400451,0.004962965,2.342539E-05,0.006048801,0.000212632,0.003351945,0.007065942,0.0001322909,0.002258357,0.009053045,0.009147906,0.004233688,0.00668262,0.02149895,0.03245683,0.08315626,0.02259564,0.01972335,0.07965741,0.3619555,0.0163708,0.389081,0.0009630173,0.01283912,0.1059172,0.03879312,0.1484269,0.02599144,0.09945546,0.5281894,0.01840656,0.1021651,0.05786055,0.04095539,0.01150205,0.1443413,0.08329955,0.1450297,2.007382,0.05123711,0.06253153,0.2685803,0.07739273,8.596247,9.683988,19.75451,17.57166,31.80933,8.176758,25.11583,57.22828
315,0.02045619,0.04354669,0.02848834,0.01137146,0.01268587,0.03663488,0.003078983,0.001221119,0.03891068,0.02342472,0.01214244,0.001406943,0.05622024,0.14789,0.8016366,0.009434372,0.03012763,0.01252167,0.006435071,0.007405925,2.044513E-05,0.01198892,1.761049E-05,0.002557552,0.03570502,0.0006010845,0.00285534,0.0004437714,0.0049006,2.275101E-05,0.006020283,0.000209603,0.003357858,0.006968314,0.0001399323,0.002340152,0.009130363,0.009179859,0.004167582,0.006530225,0.02222585,0.03301898,0.08365154,0.02267751,0.01939929,0.08009768,0.3649476,0.01678409,0.3948669,0.0009703012,0.01299815,0.1052627,0.03723932,0.149415,0.02596752,0.09855091,0.545396,0.01537928,0.112071,0.05036096,0.04339572,0.01183117,0.1532641,0.08503189,0.1457153,1.972371,0.04431852,0.06027965,0.2690128,0.07765378,8.716285,9.648913,19.32945,17.19376,31.94509,8.390473,25.3488,55.65751
316,0.02044703,0.04355458,0.02848575,0.0113639,0.012677,0.03671477,0.003114862,0.001232062,0.03898008,0.02345967,0.01230643,0.001405651,0.05632677,0.1496017,0.8056951,0.00952231,0.03019984,0.01287271,0.006465251,0.007456876,1.877363E-05,0.01177114,1.587166E-05,0.002587391,0.03577396,0.0006126802,0.002838672,0.0004590688,0.004933638,2.28625E-05,0.00600811,0.0002082455,0.003362951,0.006971255,0.0001886006,0.002563925,0.009221895,0.009236423,0.004132702,0.006463328,0.02287632,0.03346195,0.08411472,0.02275263,0.01944554,0.08263573,0.36915,0.01716533,0.3986289,0.0009774071,0.0131407,0.1060564,0.03634991,0.1510507,0.02594291,0.09772653,0.5633088,0.01285098,0.1140117,0.04405768,0.04405942,0.01193079,0.1622416,0.08681556,0.1462516,1.924985,0.04200453,0.05808464,0.2677727,0.07787042,8.792198,9.609649,19.02728,16.85619,32.13376,9.014215,25.61222,55.6741
317,0.02043448,0.04355535,0.0284824,0.01135471,0.01266802,0.03682197,0.003150526,0.001243022,0.03904558,0.02349486,0.01250036,0.00140452,0.05646225,0.1513753,0.810073,0.00960867,0.03027073,0.01321689,0.00649766,0.007526016,1.633186E-05,0.0114975,1.479568E-05,0.002546199,0.03583884,0.000628288,0.002829866,0.0004743499,0.004980281,2.330243E-05,0.005986187,0.0002076251,0.003366984,0.00703844,0.0002216595,0.002713061,0.009308755,0.009300167,0.004128291,0.006472137,0.02326383,0.03367891,0.08434702,0.0228087,0.01969489,0.08578565,0.3723833,0.0173673,0.3997697,0.0009841395,0.0132702,0.1073545,0.03629937,0.1528667,0.02592294,0.09736628,0.5783266,0.01138871,0.109229,0.0414619,0.04320735,0.01213094,0.170183,0.08850415,0.1466866,1.88168,0.0427413,0.05647589,0.2675712,0.07804482,8.810462,9.593692,18.88642,16.62438,32.17288,9.945244,25.75062,56.29453
318,0.02042435,0.04355561,0.02848038,0.0113513,0.01266031,0.03697299,0.003186343,0.001253773,0.03911922,0.02353397,0.01271597,0.001405665,0.05670097,0.1532594,0.8152972,0.009695416,0.0303378,0.0130799,0.006569936,0.007607361,1.430143E-05,0.0112891,1.299961E-05,0.002393384,0.03586925,0.0006469563,0.002846366,0.0004908125,0.005032133,2.386954E-05,0.005963382,0.0002070815,0.003372027,0.007125665,0.0002227958,0.002760529,0.009411284,0.009363582,0.004144982,0.006538393,0.02268288,0.03303877,0.08406834,0.02284749,0.02001697,0.08623767,0.3715007,0.01699853,0.3964853,0.0009904552,0.01338879,0.1089416,0.0369258,0.1551818,0.0259145,0.0978543,0.5679697,0.01128124,0.1009105,0.0407311,0.04021536,0.01243014,0.1621918,0.08645964,0.1462422,1.879282,0.04534899,0.0557225,0.2629454,0.07878853,8.646064,9.593532,18.96474,16.57728,32.21986,10.72849,25.92886,56.91111
319,0.02041851,0.04356747,0.02848171,0.0113508,0.01265523,0.03712088,0.003214596,0.001260991,0.03920445,0.02357606,0.0128823,0.001408284,0.05700308,0.1552796,0.8216013,0.00975861,0.03035782,0.0126236,0.006655083,0.007668322,1.281163E-05,0.01111368,1.068507E-05,0.002184994,0.03580388,0.000657582,0.002864846,0.0005005785,0.005071177,2.445897E-05,0.005986222,0.0002060008,0.003376655,0.007179289,0.0002028595,0.002656404,0.009452193,0.009426063,0.004177367,0.006630219,0.02178714,0.03193649,0.08372626,0.02286748,0.02020111,0.08397766,0.3673944,0.01640393,0.3906225,0.0009971259,0.01346357,0.1102104,0.03788592,0.1557097,0.02592841,0.09881592,0.5485869,0.01260217,0.08620128,0.03624226,0.03493078,0.01167463,0.1482748,0.08284276,0.1430566,1.909903,0.04911609,0.05482894,0.2490869,0.07959104,8.367244,9.42031,19.16945,16.7265,32.31783,11.09268,26.02527,57.55008
320,0.02041714,0.04359905,0.0284873,0.01135134,0.01265293,0.03722176,0.003231704,0.00126327,0.03930907,0.02362494,0.01296662,0.001412141,0.05735854,0.1573714,0.8292102,0.009778214,0.03031042,0.01211164,0.006732902,0.007685262,1.217205E-05,0.01095556,9.296339E-06,0.001993249,0.03565899,0.000657848,0.002874242,0.00050168,0.005080119,2.482748E-05,0.00598846,0.0002042668,0.003380925,0.00719611,0.0001732118,0.00248883,0.009412537,0.009476325,0.004217216,0.006717867,0.02083709,0.03070062,0.08349213,0.02285133,0.02020475,0.08098914,0.3616222,0.01575996,0.3840497,0.001003718,0.01347946,0.1107682,0.03889768,0.1539458,0.0259699,0.1001696,0.5280786,0.0155338,0.07299619,0.03211827,0.02965154,0.01027106,0.133735,0.07889879,0.1381341,1.960552,0.05324675,0.05330604,0.2298742,0.08001373,8.034891,9.101162,19.39881,16.99867,32.62995,11.49982,26.28145,57.96701
321,0.02041089,0.04362644,0.02849733,0.01135095,0.01265004,0.03737791,0.003254374,0.001268772,0.039407,0.02367689,0.01311852,0.001415018,0.05771255,0.1594859,0.8366621,0.00980849,0.03028219,0.01159667,0.006796443,0.007740824,1.247173E-05,0.01090805,9.287278E-06,0.001831232,0.0354773,0.0006569714,0.002873433,0.0005005987,0.00507282,2.49833E-05,0.006003221,0.0002020734,0.00338489,0.00720979,0.0001435666,0.002299768,0.009312706,0.009508353,0.004259015,0.006818779,0.01988557,0.02945778,0.08316673,0.0227684,0.02030277,0.07784154,0.3543352,0.01512603,0.3760059,0.001009485,0.01352711,0.1122909,0.03996312,0.1536671,0.02600795,0.101522,0.5070714,0.02002491,0.06151542,0.02943324,0.02502268,0.009000157,0.1197408,0.07497898,0.134441,2.009069,0.05810305,0.05325332,0.2119574,0.08135997,7.647997,8.833219,19.621,17.26507,32.51933,11.61264,26.00257,58.54934
322,0.02039867,0.04364334,0.02851132,0.01134668,0.01264374,0.03752141,0.003286472,0.001278108,0.03948921,0.02373002,0.01331427,0.001416331,0.05801812,0.1615503,0.8428974,0.009884506,0.03032908,0.01148753,0.006832215,0.007811399,1.427243E-05,0.01096068,1.278408E-05,0.001771927,0.03540405,0.000663198,0.002867521,0.0005061715,0.005095131,2.469663E-05,0.005945558,0.0002006485,0.003389465,0.007274817,0.0001606601,0.002132408,0.009278618,0.009525813,0.004294423,0.006910264,0.01974346,0.02916208,0.08266929,0.02260834,0.02055083,0.0775962,0.3510409,0.01496565,0.3713239,0.001012965,0.01361152,0.114054,0.04093048,0.1551453,0.02602264,0.1025919,0.4930947,0.02576735,0.06404309,0.03314792,0.02341831,0.009471624,0.1156909,0.07482372,0.13394,2.019637,0.0624033,0.05383325,0.2096512,0.08255883,7.507221,8.832021,19.64235,17.3237,32.46787,11.3629,25.92531,58.2081
323,0.02038345,0.04365596,0.02852787,0.01133926,0.01263254,0.0376284,0.003321158,0.001288521,0.03955954,0.02378023,0.01349936,0.001414741,0.05819976,0.1635147,0.847846,0.009976929,0.03040555,0.0116885,0.006831106,0.007871492,1.666711E-05,0.0110819,1.622947E-05,0.002131999,0.03538859,0.0006649973,0.002851527,0.0005067876,0.005127766,2.443735E-05,0.005920314,0.0001999925,0.003392444,0.007337562,0.0002023879,0.002354531,0.009335997,0.00954608,0.004321269,0.006956297,0.02017602,0.02949877,0.08280532,0.02253445,0.02074362,0.07957201,0.3535987,0.015142,0.3728563,0.001016379,0.01369917,0.1153513,0.04140932,0.1563555,0.02601942,0.1026557,0.4980349,0.0313688,0.07317048,0.04200946,0.02379298,0.01145098,0.1200481,0.07648164,0.1344556,1.9929,0.06396959,0.05407108,0.2146078,0.08302705,7.626814,8.920074,19.50362,17.24086,32.60061,10.96519,26.04731,57.869
324,0.02037626,0.04367299,0.02854487,0.01133173,0.01262041,0.03760169,0.003357892,0.001301856,0.03963254,0.02382849,0.01359627,0.001412897,0.05833584,0.1654405,0.8522738,0.01007421,0.03049083,0.01192922,0.006859051,0.007860505,1.947736E-05,0.0114236,1.858707E-05,0.002490117,0.03536623,0.0006460288,0.002815344,0.0004962424,0.005140305,2.427269E-05,0.005931666,0.0001975032,0.003395153,0.007297823,0.0001841063,0.002391074,0.009376035,0.009516545,0.00430902,0.006894293,0.02081502,0.03005515,0.08326548,0.02250618,0.02066925,0.08100108,0.3539154,0.01545593,0.3770845,0.001019628,0.013762,0.114846,0.04086621,0.1564118,0.02600829,0.1022163,0.5079273,0.03528262,0.08068572,0.05482262,0.02348536,0.01443042,0.1258139,0.07788716,0.1348593,1.968835,0.06058257,0.05671348,0.2207385,0.08153459,7.857036,8.989432,19.39795,17.18768,31.9269,9.955356,25.22913,57.88998
325,0.02037927,0.04370371,0.02856117,0.01132462,0.01260882,0.03741558,0.003393929,0.001314549,0.03971524,0.02387549,0.01360255,0.001412111,0.05847304,0.1673624,0.8565907,0.01016995,0.0305774,0.01212654,0.00690066,0.007790142,2.00948E-05,0.01125319,2.024055E-05,0.002809985,0.03534879,0.0006216188,0.002770112,0.00048377,0.005120515,2.388555E-05,0.00593831,0.0001939693,0.003398522,0.007210508,0.0001585455,0.002360904,0.009395329,0.009452637,0.004264319,0.006774908,0.02138387,0.03069027,0.08385614,0.02249997,0.02041406,0.0812536,0.3529449,0.01579906,0.3823995,0.001022858,0.01382183,0.1128027,0.03982652,0.1550534,0.02599463,0.1015779,0.517272,0.036358,0.07582156,0.05934202,0.01990909,0.01620094,0.1297302,0.07855459,0.1351042,1.954197,0.05534604,0.05993588,0.2269598,0.07950559,8.093528,9.012666,19.19167,17.10735,30.80275,8.900899,24.05237,56.44596
326,0.02038957,0.04374932,0.02857644,0.01131548,0.01259866,0.03710531,0.003428718,0.001325851,0.03980834,0.02392141,0.01353161,0.00141286,0.05864044,0.1693036,0.8610433,0.01025507,0.03066192,0.01225822,0.006950103,0.007676609,1.920045E-05,0.01097235,2.116457E-05,0.003142237,0.03530077,0.0005925368,0.002712266,0.0004680569,0.005054055,2.285593E-05,0.005864522,0.0001897569,0.003403846,0.007090927,0.0001344494,0.002296569,0.009381924,0.009344178,0.004187596,0.00661852,0.02184015,0.03117958,0.08455119,0.02247176,0.02004834,0.08031501,0.350874,0.01616827,0.3868585,0.001025208,0.01388228,0.1097352,0.0384712,0.1524057,0.02598143,0.1008698,0.5239358,0.03502199,0.06611832,0.05795527,0.01565316,0.01580656,0.1314796,0.07844376,0.1354232,1.951472,0.04901207,0.06225649,0.2285715,0.07706564,8.314577,8.918469,18.79821,16.96051,30.51248,8.355053,23.84791,54.01215
327,0.02038298,0.04376934,0.02858958,0.01130268,0.01258777,0.0369981,0.003465729,0.001339339,0.03988956,0.02396637,0.01355957,0.001412011,0.05877148,0.1712548,0.865339,0.01034472,0.0307445,0.01251228,0.007006929,0.007633003,2.201129E-05,0.01095086,2.106952E-05,0.003420388,0.03527454,0.000579594,0.002666979,0.0004653757,0.00502695,2.196974E-05,0.005824561,0.000186174,0.003409444,0.007001793,0.0001381326,0.002340706,0.00941473,0.00924863,0.004106822,0.006469801,0.02229515,0.03163001,0.0851941,0.02245521,0.01968426,0.0801865,0.3518017,0.01647848,0.3909424,0.001027947,0.01392935,0.1083389,0.03706354,0.1516214,0.02596728,0.1001251,0.5368365,0.03220024,0.07381774,0.06198291,0.01378645,0.01690103,0.137673,0.07967463,0.1359326,1.924894,0.04359959,0.06462692,0.231692,0.07573306,8.451842,8.865293,18.34847,16.67538,30.81298,8.336791,24.28179,52.939
328,0.02036878,0.04377245,0.02860028,0.01128799,0.01257647,0.03699142,0.003502236,0.001352947,0.0399616,0.02401049,0.01366361,0.001409935,0.05887458,0.1732185,0.8695531,0.01043372,0.0308259,0.01280409,0.007068576,0.007631938,2.284732E-05,0.01106734,1.985725E-05,0.003663491,0.03527006,0.0005863231,0.002645632,0.0004775326,0.005080512,2.170939E-05,0.005821755,0.000184041,0.003414531,0.006980199,0.0001802547,0.002527869,0.00948591,0.009193863,0.004042726,0.006370398,0.02267677,0.03203407,0.08575538,0.0224725,0.01952859,0.08190931,0.3551079,0.01675103,0.3935417,0.001031269,0.01397137,0.1082181,0.0359515,0.151444,0.02595217,0.09943611,0.5513744,0.0288186,0.07907209,0.06180016,0.01190739,0.01740225,0.1451457,0.08138786,0.1363579,1.885086,0.04089265,0.06699855,0.2361169,0.07482868,8.569757,8.86283,18.07908,16.40828,31.40438,8.510447,24.97918,53.3881
329,0.02035216,0.04376595,0.02860849,0.01127256,0.01256515,0.03702598,0.003538373,0.001366367,0.04002924,0.02405445,0.01380313,0.0014077,0.05899629,0.1752336,0.8740159,0.01052015,0.03090554,0.0131016,0.007135421,0.007646954,2.274712E-05,0.01161959,1.918047E-05,0.003849487,0.03527235,0.0006012109,0.002636269,0.0004921394,0.005162944,2.194697E-05,0.005804843,0.000182779,0.003418982,0.007018376,0.0002156527,0.002696109,0.00956184,0.0091694,0.004002628,0.006336168,0.02288388,0.03232278,0.0860476,0.02250738,0.01963609,0.08442285,0.3585367,0.01688821,0.3942648,0.001035187,0.01401386,0.1085796,0.03547889,0.1513688,0.02593746,0.09909844,0.564975,0.0254813,0.09059423,0.06724999,0.01181547,0.01853073,0.1528666,0.08330242,0.1367086,1.846892,0.04055402,0.06975261,0.2432635,0.07406323,8.672005,8.894086,18.06274,16.26754,31.9188,8.865019,25.49391,54.64455
330,0.02033658,0.04375499,0.02861421,0.0112621,0.01255511,0.03711953,0.003575249,0.001380001,0.04010265,0.02410165,0.01397445,0.001407453,0.05921919,0.1773617,0.8793447,0.01060318,0.03098231,0.01303388,0.007235536,0.007681096,2.246478E-05,0.01206703,1.926987E-05,0.003699641,0.03528508,0.0006213179,0.002647074,0.0005075009,0.005259245,2.283095E-05,0.00579794,0.0001818601,0.003424348,0.007092337,0.0002252902,0.002778261,0.009662124,0.00916626,0.003985078,0.006358938,0.02231715,0.03201201,0.08570129,0.02255059,0.01985067,0.08524352,0.3595007,0.01656927,0.3921562,0.001039495,0.01406408,0.10934,0.03567413,0.1522162,0.02592866,0.09954996,0.5570261,0.02302809,0.09951484,0.07013327,0.01234206,0.01904885,0.14762,0.08199874,0.1369336,1.839301,0.04207323,0.07343858,0.252045,0.07396595,8.625535,9.024343,18.32976,16.29815,32.18208,9.0831,25.75396,55.84129
331,0.02032554,0.04375532,0.02861802,0.01125731,0.01254991,0.03722206,0.003604054,0.001390633,0.04019145,0.02415162,0.01411499,0.001408921,0.05952862,0.179656,0.8861483,0.01065026,0.03099979,0.0126231,0.007353561,0.007700032,2.011469E-05,0.01228551,1.659723E-05,0.003444104,0.03527394,0.0006389261,0.00266609,0.000520027,0.005344362,2.388076E-05,0.005792803,0.0001808163,0.003430523,0.007158247,0.0002173776,0.00281232,0.009750101,0.009170957,0.003986592,0.006416094,0.0214491,0.03127588,0.08534878,0.02258064,0.0199811,0.08335388,0.3584852,0.01602362,0.3884593,0.001043698,0.01410954,0.1098345,0.03630704,0.1520681,0.02594113,0.1004922,0.5385947,0.02398902,0.09961805,0.06701571,0.01217699,0.01813028,0.135952,0.07891704,0.1350453,1.859678,0.04505937,0.07729752,0.256528,0.07437018,8.477224,9.141676,18.72683,16.47763,32.21287,9.394166,25.70739,56.58256
332,0.02032061,0.04377258,0.02862028,0.01125475,0.01254769,0.03729345,0.003621132,0.00139616,0.04030231,0.024208,0.01417279,0.001411805,0.05989351,0.1820163,0.8943279,0.0106546,0.03095097,0.0121187,0.007466012,0.00768143,1.567579E-05,0.01234871,1.257918E-05,0.003175284,0.03522274,0.0006506431,0.002680049,0.0005268125,0.005402568,2.477181E-05,0.005766338,0.000179429,0.003436994,0.007196274,0.0001988262,0.002741201,0.009791836,0.009176918,0.004000065,0.006486299,0.02052059,0.03028403,0.08511513,0.02258635,0.01993488,0.08048742,0.3553349,0.01540406,0.3832113,0.001047826,0.01413525,0.1097145,0.03718792,0.1499407,0.02597295,0.1017409,0.5184033,0.02675517,0.08296609,0.05618718,0.01103872,0.01572266,0.1228894,0.07525562,0.1309343,1.902531,0.04882764,0.08018877,0.2538647,0.07481961,8.233006,9.131231,19.08695,16.76419,32.46148,9.774239,25.96751,56.80868
333,0.02031355,0.04378441,0.02862141,0.01125281,0.01254474,0.03742059,0.003644085,0.001404429,0.04040221,0.02426381,0.01428435,0.001414015,0.06025545,0.1844403,0.9020941,0.01068697,0.03093545,0.01159969,0.007566074,0.007695666,1.210419E-05,0.01225302,1.366718E-05,0.002959792,0.03506039,0.0006514597,0.00268152,0.0005254912,0.005414437,2.528809E-05,0.005753142,0.0001771799,0.003442682,0.007200859,0.0001666124,0.002550854,0.009715803,0.009172849,0.004017876,0.006562549,0.01959684,0.02911745,0.08472636,0.02252682,0.0199785,0.07743111,0.3495537,0.01477954,0.3759271,0.001051957,0.01415139,0.1104553,0.03810968,0.1490683,0.02599166,0.1027965,0.4978305,0.03011392,0.07458162,0.05030853,0.01121914,0.01405509,0.1101734,0.07151805,0.1277485,1.957624,0.05295492,0.08308785,0.2401672,0.07585951,7.890024,8.917008,19.36679,17.14098,32.53791,9.940622,25.93047,57.40086
334,0.02030162,0.04378608,0.02862369,0.01124816,0.01253901,0.0375655,0.003677997,0.001417312,0.040488,0.02432056,0.01445677,0.001414622,0.06057325,0.1867888,0.9086353,0.01076855,0.03098753,0.01148391,0.007637179,0.007736189,9.586893E-06,0.01204412,1.787276E-05,0.002962146,0.03495114,0.0006590377,0.002676259,0.000531553,0.005453496,2.555712E-05,0.005780713,0.0001751021,0.003443703,0.00723714,0.0001530708,0.002278494,0.009590499,0.009142502,0.004044394,0.006651694,0.0193701,0.02869443,0.08414259,0.02232669,0.02019701,0.07733854,0.3451496,0.01460545,0.3695328,0.001053849,0.01420831,0.1118784,0.03909769,0.1503002,0.0259882,0.1035552,0.4842877,0.03284786,0.08070354,0.05103299,0.01332512,0.01403744,0.1069789,0.07137756,0.1279239,1.984243,0.05784919,0.08658651,0.2346135,0.07702842,7.670983,8.877366,19.43692,17.33852,32.36216,9.501659,25.73388,57.47621
335,0.02028655,0.04378485,0.02862711,0.01123824,0.01252804,0.03769633,0.003715439,0.001431775,0.04056287,0.0243735,0.01463635,0.001412338,0.06076995,0.1890287,0.9138612,0.01086711,0.03106378,0.01168281,0.007672735,0.007778771,7.998644E-06,0.01178224,1.897684E-05,0.003080689,0.0349271,0.0006648953,0.002664512,0.0005357738,0.005523891,2.600037E-05,0.005786062,0.0001741197,0.003440303,0.007296,0.00020738,0.002436304,0.00965336,0.009137491,0.004069936,0.006722599,0.01979017,0.02897924,0.08421312,0.02222791,0.02041241,0.0795199,0.3479886,0.01480183,0.3698905,0.00105588,0.01427297,0.11326,0.03980773,0.1517038,0.02596981,0.1033172,0.4895694,0.03246376,0.08901287,0.05138285,0.01668174,0.01428762,0.1123775,0.07326339,0.1291635,1.967988,0.06162491,0.08901317,0.2427213,0.07768437,7.779874,9.010514,19.29759,17.30586,31.63337,8.606143,24.96475,56.97121
336,0.02027324,0.04378255,0.0286301,0.01122745,0.01251556,0.03779854,0.003755041,0.001449184,0.04063648,0.02442398,0.01480826,0.001409254,0.06091923,0.1912368,0.9185516,0.01097145,0.03114665,0.01199313,0.007673119,0.007837694,7.201012E-06,0.01141823,1.893705E-05,0.003171031,0.03493752,0.0006643899,0.002599615,0.0005356824,0.00554261,2.623229E-05,0.005778978,0.0001748795,0.003437537,0.007307871,0.0002223591,0.002617985,0.009841614,0.00914223,0.004083881,0.006729865,0.02042278,0.02949991,0.08464037,0.02217462,0.02046223,0.08184028,0.3522783,0.01513552,0.3733509,0.001056103,0.01437895,0.113797,0.03988846,0.1527672,0.02594565,0.1026141,0.5015234,0.02827135,0.09100509,0.04957721,0.0202918,0.01390491,0.1205579,0.07560992,0.1307378,1.940145,0.06143492,0.09037868,0.2548155,0.07856309,7.96407,9.157529,18.97773,17.13278,30.93981,7.574072,24.47579,55.43377
337,0.0202727,0.04379172,0.02863276,0.01121779,0.01250364,0.03771324,0.003794629,0.001466363,0.04072013,0.02447266,0.01487038,0.001407412,0.06107339,0.1934401,0.9231205,0.01107593,0.03122998,0.01223767,0.007667472,0.007838877,5.079658E-06,0.01094031,1.690282E-05,0.003238871,0.03491535,0.0006342034,0.00251791,0.0005196737,0.005470118,2.593223E-05,0.005778483,0.0001747007,0.003437985,0.007225515,0.0001840968,0.002567512,0.009975149,0.009115761,0.004053911,0.006634452,0.02108311,0.03006618,0.08522353,0.0221422,0.0202516,0.08262894,0.3519577,0.01554374,0.3777339,0.001056264,0.01449678,0.1123218,0.03902227,0.1521882,0.02592064,0.1017234,0.5125918,0.0240996,0.0780157,0.04385612,0.02120226,0.01226295,0.1266076,0.07671088,0.1322032,1.925504,0.05645074,0.09014592,0.2631962,0.07786646,8.184488,9.170892,18.62317,16.9522,29.91436,6.637391,23.51002,53.99982
338,0.0202722,0.04380263,0.02863519,0.01120748,0.01249235,0.03760315,0.003834355,0.001483673,0.04080799,0.02451972,0.01489926,0.001406199,0.06123631,0.1956486,0.9277356,0.01117469,0.03131063,0.01250351,0.007667874,0.007830893,4.526061E-06,0.01049473,1.548884E-05,0.003234212,0.03490784,0.0006121842,0.002442009,0.0005077205,0.005407533,2.541024E-05,0.005781475,0.0001742607,0.003439718,0.007123667,0.0001617914,0.002554626,0.01012107,0.009079369,0.004001359,0.006505669,0.02172793,0.03062811,0.08581194,0.02213443,0.01992009,0.08235751,0.3516746,0.01593796,0.3828306,0.001056621,0.01460988,0.1103014,0.03779488,0.1512045,0.02589735,0.100816,0.5241427,0.02100177,0.06560358,0.04064342,0.02175526,0.01070671,0.1334914,0.07805835,0.1336969,1.905556,0.05038338,0.08948784,0.2704807,0.07744963,8.337672,9.151307,18.14274,16.63534,29.63591,6.295272,23.38146,51.95461
339,0.02026465,0.04380386,0.02863621,0.01119543,0.01248099,0.03756382,0.003874308,0.001501516,0.04089194,0.02456551,0.01496249,0.00140454,0.06139065,0.197873,0.9323418,0.0112704,0.03139048,0.01281521,0.00767482,0.007847565,4.711056E-06,0.01010364,1.370294E-05,0.003195196,0.03492132,0.0006066535,0.002385794,0.0005088012,0.005382115,2.502945E-05,0.005776449,0.0001744727,0.003441967,0.007047361,0.0001627802,0.002635781,0.01030218,0.009058328,0.003951559,0.006383717,0.02226502,0.03111828,0.08639228,0.02216052,0.01954152,0.082001,0.3540129,0.01628226,0.3869986,0.00105725,0.01470964,0.1088018,0.03657696,0.1507802,0.02587539,0.09992144,0.5381654,0.01742133,0.05803283,0.04000008,0.02223013,0.009425258,0.1416817,0.07974986,0.1351619,1.872435,0.04529076,0.08860469,0.2756472,0.07768154,8.421903,9.129851,17.72398,16.25776,29.87808,6.632583,23.76131,51.14371
340,0.02025449,0.04379568,0.02863649,0.01118237,0.01246998,0.037566,0.003911055,0.001517723,0.04097056,0.02461068,0.01508142,0.001402358,0.06152815,0.2001295,0.9369431,0.01136056,0.03146634,0.013113,0.007685827,0.00788267,4.666431E-06,0.009831011,1.189055E-05,0.003147925,0.03493631,0.0006112548,0.002343638,0.0005170034,0.005409736,2.486573E-05,0.005763931,0.000175735,0.003444173,0.007030999,0.0002008663,0.002815757,0.01048995,0.009049096,0.0039122,0.006309522,0.02259404,0.03156,0.08695047,0.02218814,0.01941709,0.08351567,0.3577665,0.01652682,0.3894118,0.001057788,0.01480014,0.1082445,0.03569072,0.150261,0.02585633,0.09912309,0.5518329,0.01555572,0.0554698,0.04139005,0.02253797,0.008576651,0.1489849,0.08161433,0.136376,1.833813,0.04319575,0.08766986,0.2803689,0.0778059,8.505232,9.100612,17.50198,15.95764,30.46378,7.227862,24.46908,51.65491
341,0.02024205,0.04377963,0.02863653,0.01116876,0.01245936,0.03760083,0.003947267,0.00153363,0.04104528,0.02465615,0.01523167,0.001400192,0.06167782,0.2024415,0.9417765,0.01143988,0.03153918,0.01340244,0.007699613,0.007929721,5.54025E-06,0.009801475,1.054618E-05,0.003099539,0.03494531,0.0006192605,0.00230979,0.0005252553,0.005454499,2.511942E-05,0.005773336,0.0001774954,0.003445319,0.007057721,0.0002275883,0.002955442,0.01067397,0.009048934,0.003892581,0.006292777,0.02272348,0.0318732,0.08733487,0.02220575,0.0195021,0.08569188,0.361169,0.0166274,0.3901075,0.001058165,0.01488634,0.1081914,0.03539297,0.1498113,0.02583966,0.09863815,0.5639035,0.01546925,0.05891725,0.04537458,0.0227706,0.008294856,0.156123,0.083551,0.1374888,1.798252,0.04372863,0.08724388,0.2868913,0.07777265,8.571206,9.096989,17.52675,15.80126,30.76462,8.191311,24.76501,53.03075
342,0.02023325,0.0437642,0.02863573,0.01116227,0.01245096,0.03767925,0.003982193,0.001548826,0.04113141,0.02470608,0.01539446,0.001400764,0.06196354,0.2049255,0.9478783,0.01150961,0.0315994,0.0131355,0.00776043,0.007983483,6.752213E-06,0.009985809,8.343171E-06,0.002856077,0.03493531,0.0006305326,0.002303703,0.0005354932,0.005515113,2.571271E-05,0.005796695,0.0001792446,0.003447249,0.007102242,0.0002244809,0.003003881,0.01088665,0.009062185,0.003893705,0.006332908,0.02204514,0.0313785,0.08711852,0.02223329,0.0196616,0.08483528,0.3612019,0.01621624,0.3874547,0.00105906,0.01497253,0.1084261,0.03573693,0.1499967,0.02583513,0.09911423,0.5516622,0.0168925,0.05337391,0.04341256,0.02083276,0.00761043,0.1477433,0.08145245,0.1373846,1.802912,0.04625025,0.08788294,0.2889951,0.07838064,8.459967,9.123865,17.81204,15.8546,31.12793,9.308332,25.23461,54.10308
343,0.02022646,0.04375644,0.02863496,0.01115847,0.01244478,0.03777888,0.004010519,0.001561484,0.04122779,0.02475955,0.01552714,0.001402707,0.06231453,0.2075696,0.9551729,0.01155016,0.03161561,0.01265148,0.007830954,0.00803446,8.072976E-06,0.01005826,6.503633E-06,0.002632068,0.03490179,0.0006382271,0.002296598,0.0005403929,0.005559168,2.596452E-05,0.005791671,0.0001807869,0.003450099,0.007145224,0.000213418,0.003008481,0.01107339,0.009079992,0.003903201,0.006395753,0.02113874,0.03054913,0.08678639,0.02225642,0.01975373,0.08235431,0.359463,0.01564321,0.3833163,0.001060139,0.01504593,0.1087506,0.03639825,0.1494222,0.02584554,0.1000093,0.5323532,0.01952674,0.04851447,0.03815761,0.01845529,0.006816004,0.1348346,0.07805385,0.1354024,1.82793,0.04927422,0.08867809,0.2874023,0.079234,8.270563,9.146493,18.20989,16.04541,31.30694,10.49718,25.40057,55.3085
344,0.02021669,0.04374824,0.02863493,0.01115471,0.01243999,0.03792336,0.004040476,0.001575458,0.04132668,0.02481746,0.01568999,0.001404542,0.06268729,0.2102661,0.9629456,0.01158773,0.03161979,0.01215262,0.007890178,0.008106166,1.181409E-05,0.01020249,8.724355E-06,0.002461444,0.03487362,0.0006440728,0.002283846,0.0005416291,0.005589909,2.604479E-05,0.005782636,0.0001822959,0.003453564,0.007199502,0.0002031757,0.003048368,0.01124196,0.009095159,0.003915948,0.006468936,0.02021355,0.02980392,0.08638427,0.02225042,0.01988738,0.0795904,0.3582141,0.01507055,0.3797036,0.001060505,0.01512873,0.1096641,0.03718322,0.1495864,0.02585736,0.1010239,0.5112643,0.02372053,0.04919312,0.03525553,0.01680419,0.006450658,0.1219428,0.07467568,0.1334231,1.854545,0.05274216,0.08998257,0.2901178,0.08042749,8.104859,9.255572,18.5471,16.23576,31.47013,11.76256,25.62134,56.10649
345,0.02020565,0.04373536,0.02863582,0.0111507,0.01243438,0.03808631,0.004076639,0.001592049,0.0414183,0.02487601,0.01589052,0.001405661,0.06303968,0.2129306,0.9700415,0.0116619,0.03166532,0.01181227,0.007937056,0.008186824,1.768299E-05,0.010526,1.543642E-05,0.0024449,0.03486887,0.0006492595,0.002272605,0.0005440483,0.005620463,2.629369E-05,0.005846264,0.0001835759,0.00344669,0.007259017,0.0001857647,0.0027607,0.01135308,0.009110041,0.00394419,0.006575296,0.01945796,0.02917011,0.08583071,0.02217856,0.02011775,0.07802395,0.3548368,0.0146676,0.3738222,0.001060305,0.01523308,0.1109694,0.03823813,0.1509354,0.02585561,0.101885,0.4909452,0.02785581,0.0782296,0.04348949,0.01798545,0.007141592,0.112497,0.0729195,0.1331281,1.87786,0.05792758,0.09178118,0.2949317,0.08198492,7.864756,9.415699,18.76021,16.38527,31.86481,12.44334,26.23256,56.92068
346,0.02019076,0.04371869,0.0286372,0.01114242,0.01242461,0.03824216,0.004116679,0.001610246,0.04150213,0.0249343,0.01610246,0.001405544,0.06334452,0.2155697,0.9764622,0.01175879,0.03173821,0.01187084,0.007947753,0.008272924,2.337036E-05,0.01091155,2.295525E-05,0.002842716,0.03488537,0.0006532071,0.002249904,0.0005462974,0.005657452,2.596626E-05,0.00585501,0.0001849484,0.003432849,0.007328877,0.0001909378,0.002465736,0.01141526,0.00911694,0.003974918,0.006676154,0.01959832,0.02921347,0.08525886,0.02199344,0.02038194,0.07937678,0.3548355,0.01473792,0.370551,0.001056982,0.01534299,0.112481,0.0391902,0.1523445,0.02584261,0.1025135,0.4867829,0.02985791,0.1185422,0.05627113,0.02048082,0.008743476,0.1154525,0.07439141,0.1341644,1.875371,0.06312051,0.09298588,0.3014928,0.08307428,7.82458,9.583253,18.86754,16.4725,32.05232,12.51695,26.41193,58.10777
347,0.02017527,0.04369985,0.02863895,0.01113281,0.01241267,0.03839079,0.004157906,0.001629115,0.04158055,0.02498884,0.01630602,0.001403337,0.06353892,0.218089,0.9818339,0.0118646,0.03181953,0.01212657,0.007940804,0.008353717,2.827771E-05,0.01131017,3.086388E-05,0.003344983,0.03492873,0.0006534399,0.00222765,0.0005445928,0.005711134,2.598523E-05,0.00589766,0.0001866964,0.003417286,0.007376853,0.0002077095,0.002641757,0.0115646,0.009133419,0.003999782,0.006734786,0.02014576,0.02967128,0.08522534,0.02193954,0.02055468,0.0818348,0.358889,0.015059,0.3720038,0.001056181,0.01545193,0.1137135,0.03968869,0.1533731,0.02581927,0.1022651,0.4951524,0.0274862,0.1559855,0.07404955,0.02332332,0.01111994,0.1235162,0.07698645,0.1350286,1.852232,0.06549188,0.09354785,0.3117038,0.08365177,7.999687,9.76802,18.8941,16.49881,31.62352,11.6692,25.81335,58.64008
348,0.02016825,0.04368455,0.02863936,0.0111244,0.01240063,0.03842924,0.004199642,0.001647338,0.0416641,0.02504065,0.01637851,0.00140116,0.06368591,0.220562,0.9866747,0.01197334,0.03190199,0.01241545,0.007907043,0.008411715,2.721129E-05,0.01110991,3.778399E-05,0.003919495,0.03496377,0.0006319227,0.002270999,0.0005310275,0.005741538,2.57466E-05,0.005913728,0.0001890474,0.003409965,0.007322477,0.0001842621,0.002675931,0.0116937,0.009030023,0.004006807,0.006682483,0.02085835,0.03031217,0.08557473,0.02192569,0.02046843,0.08341277,0.3602896,0.01549101,0.3762706,0.001051401,0.01565058,0.1132759,0.03908297,0.1533406,0.02578895,0.1014855,0.5065572,0.02186107,0.1453789,0.08136585,0.02343949,0.01272472,0.1323032,0.07925103,0.1356678,1.834063,0.06196326,0.09320194,0.3213519,0.08176385,8.251288,9.886675,18.8327,16.49683,30.63246,10.17851,24.78384,57.63413
349,0.02016786,0.04367557,0.02863728,0.01111647,0.0123891,0.0383708,0.004241237,0.001664807,0.04175497,0.02509042,0.01636008,0.001399732,0.06383133,0.2230485,0.9914092,0.01207922,0.03198269,0.01269322,0.007866196,0.00843974,2.566493E-05,0.01117341,4.059173E-05,0.00448021,0.03500675,0.0006136803,0.002308258,0.000519108,0.005742625,2.526092E-05,0.005912326,0.0001914778,0.003407202,0.007231393,0.0001603843,0.00267386,0.0118137,0.008879818,0.003994889,0.006577087,0.02160252,0.03097662,0.08609483,0.02192121,0.0201834,0.08363723,0.3611125,0.01595592,0.3815568,0.001044996,0.01587377,0.1115546,0.03799085,0.1522939,0.02575624,0.1005477,0.5176826,0.01787633,0.1368375,0.08746129,0.02489219,0.01402495,0.1405446,0.08106171,0.1362417,1.819824,0.05639844,0.09232717,0.3282587,0.0795123,8.463149,9.936806,18.56713,16.36686,30.33564,9.543657,24.61646,55.39801
350,0.02016922,0.04366878,0.02863334,0.01110828,0.0123782,0.03827396,0.004282978,0.001681931,0.04185099,0.02513887,0.01629493,0.001399081,0.06399044,0.2255644,0.9961823,0.01218285,0.03206116,0.01296654,0.00782792,0.008452416,2.459691E-05,0.01132009,3.940143E-05,0.004944385,0.03503229,0.0005856066,0.002325376,0.000500115,0.00567432,2.419436E-05,0.005854322,0.0001930562,0.003407416,0.007102831,0.0001295347,0.002576309,0.01189698,0.008687391,0.003950512,0.006426372,0.0223624,0.03160302,0.08668934,0.0219051,0.01980059,0.08305479,0.360704,0.01644563,0.3868678,0.001037896,0.01609414,0.1092778,0.03653603,0.1507598,0.02572489,0.09958145,0.52837,0.01577808,0.1331607,0.08713223,0.02639399,0.01489033,0.1487646,0.08265805,0.1364904,1.806462,0.04908779,0.09097782,0.3309968,0.07705265,8.638912,9.89244,18.29112,16.18678,29.92108,9.234678,24.07286,54.42109
351,0.0201617,0.04364861,0.02862943,0.01109868,0.01236702,0.03827478,0.004324796,0.001699378,0.04194217,0.02518644,0.01629323,0.001397696,0.06411611,0.2280902,1.000831,0.01228591,0.03213638,0.01328884,0.007798364,0.008499263,2.844647E-05,0.01182506,3.656475E-05,0.005211754,0.03507531,0.0005700392,0.002349526,0.0004921973,0.005633128,2.331659E-05,0.005836219,0.0001949816,0.003408158,0.006983373,0.0001311315,0.002595495,0.01202598,0.008505286,0.003894967,0.006273649,0.02296973,0.03213467,0.08725198,0.02191948,0.01942109,0.08289641,0.3636695,0.01684776,0.3916587,0.001031281,0.01630007,0.108141,0.03498336,0.1501772,0.02569561,0.09862255,0.5420903,0.0151126,0.148543,0.1022922,0.0321849,0.01716897,0.1580635,0.08467149,0.1365608,1.779306,0.04225137,0.0895277,0.3314428,0.0755772,8.745163,9.84035,17.94007,15.93115,29.76549,9.035227,23.93167,53.40079
352,0.02014865,0.04361646,0.02862549,0.01108765,0.01235556,0.03833733,0.004365155,0.001716283,0.04202622,0.0252333,0.01635844,0.001395288,0.06420018,0.2306396,1.005342,0.01238267,0.03221032,0.01361957,0.00777474,0.008569062,3.00983E-05,0.01233811,3.164966E-05,0.005329092,0.03511719,0.0005742896,0.002395553,0.0005016677,0.005717806,2.3157E-05,0.00582628,0.0001985535,0.003408311,0.006946729,0.0001837294,0.002789307,0.01217907,0.008362337,0.003862797,0.006183964,0.02344438,0.03258476,0.08778244,0.02193903,0.01921257,0.08434656,0.3679616,0.0171832,0.3947229,0.001024946,0.01648919,0.108087,0.03389906,0.149957,0.02566896,0.09774274,0.556199,0.01566642,0.1562299,0.1158866,0.03839677,0.01891322,0.1672583,0.08674315,0.1367005,1.744424,0.03903709,0.08781057,0.3306906,0.07424216,8.814398,9.777263,17.64522,15.68227,30.04736,9.515306,24.31863,52.89828
353,0.0201351,0.04357862,0.02862161,0.01107606,0.01234426,0.03840386,0.004402972,0.001731947,0.0421081,0.02528072,0.01644496,0.001393039,0.06431763,0.233291,1.010285,0.01247243,0.03228108,0.01391549,0.007757217,0.008641829,2.790546E-05,0.01286811,2.606659E-05,0.005263872,0.03514875,0.0005843161,0.002447449,0.0005130652,0.005819301,2.349242E-05,0.005813177,0.0002029544,0.003407403,0.006977184,0.0002267422,0.002927061,0.01233221,0.008240619,0.003861358,0.006177714,0.02353898,0.03285193,0.08804938,0.02195263,0.01927029,0.08642055,0.3712513,0.01728095,0.3950969,0.001018901,0.01666448,0.1082836,0.0337439,0.1494641,0.02564878,0.09738834,0.5673582,0.01721457,0.1549451,0.1269919,0.04433748,0.02002336,0.1745465,0.08868502,0.1368576,1.717154,0.03917404,0.08644062,0.330417,0.07287876,8.818751,9.702859,17.53519,15.53246,30.40836,10.13393,24.73101,53.51
354,0.02012307,0.04354131,0.02861743,0.01107003,0.01233488,0.03852395,0.004438086,0.00174694,0.04219976,0.02533305,0.01655622,0.001392959,0.06456478,0.2361182,1.0165,0.01254669,0.03234029,0.01377313,0.007783042,0.008732218,2.433723E-05,0.01327989,2.071248E-05,0.00487037,0.03517682,0.0005985171,0.002518618,0.0005264001,0.005936748,2.393088E-05,0.00580212,0.000207544,0.003407761,0.007046432,0.000236882,0.002974829,0.01251365,0.008135016,0.003879178,0.006227198,0.02288698,0.03243394,0.08777975,0.02197097,0.01941868,0.08643898,0.3718861,0.01693413,0.3927878,0.001013414,0.01683571,0.1088389,0.03420338,0.1497498,0.02564264,0.09789808,0.5562809,0.0205519,0.1374188,0.1302209,0.04689996,0.01983706,0.16741,0.08706174,0.1367797,1.718472,0.04125081,0.08656301,0.3286975,0.07221939,8.671109,9.729907,17.7128,15.52857,30.55837,10.72353,24.9235,54.47004
355,0.02011226,0.04351389,0.02861447,0.01106639,0.01232778,0.03867205,0.004465336,0.001759355,0.04230655,0.02539005,0.01664102,0.001394088,0.06490236,0.2391288,1.024476,0.01257831,0.03234074,0.01334227,0.007823366,0.008829748,1.860559E-05,0.01333048,1.516227E-05,0.004470581,0.03517283,0.0006096471,0.002588348,0.0005356384,0.006049096,2.421502E-05,0.005797516,0.000212039,0.003409272,0.00712046,0.0002342445,0.003041354,0.01268109,0.008041067,0.003905264,0.006294387,0.0220042,0.03166041,0.08742161,0.02199224,0.01951924,0.08441977,0.3708718,0.01640879,0.3895752,0.001008521,0.01698441,0.1097114,0.03489458,0.1495006,0.02565657,0.09886768,0.5376449,0.02393592,0.1009263,0.1184584,0.04194445,0.01755483,0.1551809,0.08400354,0.1338764,1.739085,0.04414823,0.08698178,0.3236142,0.07184455,8.47727,9.749523,18.03123,15.65104,30.56137,11.39085,24.93218,55.14066
356,0.02010554,0.04350128,0.02861338,0.01106528,0.0123241,0.03881176,0.004483265,0.001768191,0.04243368,0.02545376,0.01667577,0.001396266,0.06530366,0.2422345,1.033936,0.01257086,0.0322874,0.0128119,0.00785704,0.008904935,1.258666E-05,0.0131012,1.099021E-05,0.00411903,0.03509331,0.0006134227,0.002650574,0.0005386209,0.006133189,2.448157E-05,0.005804657,0.0002159307,0.003410686,0.007170254,0.0002117764,0.002941017,0.01277034,0.007949882,0.003941012,0.006373741,0.02104816,0.03058741,0.08713573,0.02198786,0.01953332,0.08164807,0.3672483,0.01580554,0.3844159,0.001003946,0.01708913,0.1104516,0.03575602,0.1482217,0.02568774,0.1001076,0.5172489,0.02373601,0.0764503,0.1047944,0.03650659,0.01527001,0.1412335,0.08032577,0.1286836,1.780405,0.04793257,0.08682395,0.3083307,0.07152864,8.198423,9.606543,18.32823,15.89069,30.86957,11.74157,25.32277,55.52552
357,0.02009699,0.04348322,0.02861372,0.0110647,0.01231965,0.03899014,0.004508638,0.001780062,0.04254945,0.02551713,0.01676428,0.001397556,0.06570028,0.2453812,1.042838,0.01259652,0.03227087,0.01226117,0.007874875,0.008996227,8.835351E-06,0.01277421,8.527991E-06,0.003808283,0.03492229,0.0006106125,0.002699909,0.0005376319,0.006179749,2.451666E-05,0.005799918,0.0002188063,0.003411255,0.007192578,0.0001716451,0.002696319,0.01268919,0.007839563,0.00398317,0.006464518,0.0200857,0.02936084,0.08674789,0.02188398,0.01963921,0.07873984,0.3604472,0.01519928,0.3768625,0.0009986587,0.0171934,0.111902,0.03672156,0.1483082,0.02570724,0.1012374,0.4963937,0.01958838,0.0592362,0.09210787,0.03157428,0.0131991,0.1271153,0.07650605,0.1244553,1.829784,0.05266888,0.08756795,0.2830425,0.07189305,7.814724,9.34787,18.60024,16.18474,31.15948,11.64053,25.63359,56.32294
358,0.02008349,0.04345938,0.02861583,0.01105916,0.01230949,0.03914152,0.004543531,0.001795165,0.04264922,0.02558029,0.01688147,0.001397289,0.06605712,0.2484711,1.05048,0.01267406,0.03231518,0.01206732,0.007871808,0.009086262,6.735031E-06,0.01236851,7.957594E-06,0.003606636,0.03484064,0.0006146869,0.002745577,0.0005420793,0.006259051,2.450942E-05,0.005811478,0.0002221689,0.003409469,0.007240606,0.000173736,0.002457803,0.01267658,0.007737271,0.00402798,0.006557973,0.01982743,0.02893142,0.0862108,0.02171326,0.01984056,0.07800096,0.3560581,0.01501878,0.3711338,0.000992559,0.01733494,0.1132904,0.037721,0.1494274,0.02570891,0.102134,0.4812577,0.0147189,0.05031,0.08649219,0.02880382,0.01197145,0.1223034,0.07642983,0.1229686,1.851491,0.05764296,0.0887929,0.2744445,0.07217795,7.610045,9.302732,18.7579,16.32148,31.40135,11.56358,25.96397,56.86531
359,0.02006757,0.04342972,0.02862071,0.01104855,0.0122952,0.03923791,0.004581686,0.00181111,0.04273563,0.02564071,0.01698097,0.001394024,0.06628121,0.251407,1.056503,0.01277605,0.03239037,0.01220811,0.007833738,0.009159115,5.554134E-06,0.01191961,7.846113E-06,0.003576873,0.03481469,0.0006148115,0.002777381,0.0005432412,0.00635112,2.449519E-05,0.005835173,0.0002263411,0.003400561,0.007302279,0.000231567,0.002581145,0.01278944,0.007651728,0.004070939,0.006628217,0.02009311,0.02923408,0.08623806,0.02162617,0.019974,0.07951983,0.3586082,0.01519039,0.3715172,0.0009867684,0.01748059,0.1138953,0.03841971,0.1498515,0.02569532,0.102103,0.4843017,0.01162481,0.04491398,0.08394261,0.02915524,0.01147658,0.1266744,0.07835672,0.1235263,1.839448,0.06110908,0.08902752,0.2786995,0.0717364,7.695351,9.361561,18.80553,16.32787,31.78334,11.20325,26.33321,57.36987
360,0.02005995,0.04340518,0.02862739,0.0110374,0.01227978,0.03919034,0.004620613,0.001826576,0.04282425,0.02569989,0.0170017,0.001390283,0.066443,0.2542742,1.06174,0.01288647,0.03247527,0.01240755,0.007803841,0.009166657,5.31513E-06,0.01163917,8.215387E-06,0.003588271,0.03480687,0.0006065501,0.002837777,0.0005381643,0.006439143,2.439889E-05,0.005847643,0.0002311861,0.003394069,0.007294077,0.0002296156,0.002725477,0.01296761,0.007680904,0.004093901,0.006609269,0.02053247,0.02983839,0.08664053,0.0215947,0.01985023,0.0804585,0.3614099,0.01546392,0.3751146,0.0009848721,0.01767191,0.1128464,0.03829238,0.1492805,0.02567581,0.101542,0.4929782,0.01142067,0.03909862,0.07962632,0.03130498,0.01139674,0.132724,0.08005479,0.1246808,1.826152,0.05953699,0.09069116,0.2860631,0.07130734,7.886535,9.423792,18.90848,16.3533,31.00513,9.814705,25.31506,57.96335
361,0.02007196,0.04340928,0.02863505,0.01102896,0.01226637,0.03889557,0.004656876,0.001838613,0.04293179,0.02575813,0.0168836,0.00138897,0.06663576,0.2571399,1.066949,0.01298966,0.03256205,0.01248874,0.007782253,0.009087021,5.218263E-06,0.01137089,9.341498E-06,0.003602311,0.0347441,0.000573369,0.002860847,0.0005122681,0.006391812,2.354186E-05,0.005801332,0.0002343364,0.003392947,0.007193847,0.0001833392,0.002640266,0.01304758,0.00768953,0.004063256,0.006491,0.02074026,0.03020643,0.08726754,0.02155751,0.01952107,0.07971417,0.3608807,0.01579936,0.3788028,0.0009838217,0.01789097,0.1099941,0.03734011,0.1466208,0.02565631,0.1007852,0.498439,0.01349414,0.03389259,0.06968928,0.03152385,0.01141117,0.1340902,0.07991439,0.1257531,1.837553,0.05373423,0.09135973,0.2855901,0.06993773,8.134307,9.301644,18.85716,16.41725,30.78919,9.04857,24.93004,56.29279
362,0.02009378,0.04343536,0.02864095,0.01102155,0.01225511,0.03845027,0.004689413,0.001847591,0.04305376,0.02581566,0.01667826,0.001389732,0.06687692,0.2600542,1.072469,0.01307115,0.03264863,0.01246274,0.007772415,0.008953648,6.415901E-06,0.01113903,1.171236E-05,0.003616051,0.03468991,0.000544483,0.002877115,0.0004901337,0.006311201,2.226388E-05,0.005716324,0.0002366423,0.003394833,0.007063637,0.0001480739,0.002536681,0.01313019,0.007678041,0.004003975,0.006328692,0.02083328,0.03064176,0.08801575,0.02152315,0.01911377,0.078018,0.3598038,0.0161045,0.3828628,0.0009826069,0.01812014,0.1062441,0.03603403,0.1425801,0.02563984,0.1000253,0.4995599,0.01695706,0.02861402,0.0575429,0.02859387,0.01117314,0.1320205,0.0788969,0.1264503,1.856811,0.04660627,0.09184425,0.2826803,0.06849849,8.367716,9.141949,18.75673,16.43565,30.84181,8.988483,24.83341,55.07322
363,0.02010555,0.04345605,0.02864567,0.01101165,0.01224409,0.03809517,0.004725195,0.001858955,0.04317293,0.02587337,0.01648231,0.001390326,0.06712387,0.2630042,1.078045,0.01314094,0.03273555,0.01254041,0.007768256,0.008845696,1.06817E-05,0.01106661,1.489223E-05,0.003640465,0.03466576,0.0005209037,0.002885906,0.0004729758,0.006213297,2.059417E-05,0.005597635,0.0002387512,0.003398567,0.006936047,0.0001318134,0.002479643,0.01322837,0.007661816,0.003929031,0.006154534,0.02121809,0.03116017,0.08879337,0.02148478,0.0186618,0.07584465,0.3599023,0.01642488,0.387861,0.0009808686,0.01834374,0.1026608,0.03459065,0.1393302,0.02562468,0.09926141,0.5040876,0.02049296,0.04090969,0.05458038,0.02954297,0.01237582,0.1352215,0.07943479,0.127753,1.859089,0.03960089,0.09298812,0.2838801,0.06769135,8.539395,9.07516,18.62635,16.34865,31.0378,9.03415,24.86576,54.7025
364,0.02009799,0.04344357,0.02864909,0.01099948,0.0122316,0.03800014,0.004763483,0.001872824,0.0432732,0.02593104,0.01646878,0.001388172,0.06727869,0.2659559,1.083123,0.01322952,0.03282222,0.01274563,0.007770087,0.008838532,1.585577E-05,0.01129984,1.848114E-05,0.003723993,0.03466317,0.0005159867,0.002915765,0.0004746609,0.006208297,1.953642E-05,0.005533531,0.0002422262,0.003402478,0.006869296,0.0001628722,0.002591578,0.01340776,0.007681313,0.003863749,0.00601986,0.02155908,0.03162656,0.08945855,0.02148005,0.0183733,0.07643057,0.3628934,0.0166925,0.3913559,0.0009806247,0.01855567,0.1019815,0.03327895,0.1389738,0.02560864,0.09849011,0.5169497,0.02262663,0.0595639,0.0552477,0.03131096,0.01419654,0.142316,0.0810943,0.1294694,1.836704,0.03518554,0.09435508,0.2865019,0.06756075,8.656251,9.076466,18.50888,16.22467,31.48003,9.522103,25.31267,54.7705
365,0.02008409,0.04342043,0.02865108,0.01098699,0.01221917,0.03800045,0.00480021,0.001886772,0.04336851,0.02598983,0.01653197,0.001385758,0.06744694,0.2690078,1.088564,0.0133197,0.0329041,0.01296267,0.007779714,0.008866909,1.963E-05,0.01170094,1.997546E-05,0.003765467,0.03467616,0.0005260875,0.002968241,0.0004871081,0.006297829,1.920196E-05,0.005482789,0.000247149,0.00340646,0.006869655,0.000212003,0.002769675,0.01361786,0.007739417,0.003822798,0.005955742,0.0216215,0.03183386,0.08972579,0.02150876,0.01842621,0.07848175,0.3659985,0.01673515,0.3926432,0.0009817983,0.01876473,0.1023436,0.03261397,0.1394169,0.02559905,0.09824247,0.5285746,0.02112027,0.08072945,0.0522405,0.03214516,0.01575542,0.1492786,0.08267705,0.1309863,1.815381,0.03405922,0.09608999,0.290856,0.06773946,8.706546,9.119232,18.52579,16.17323,31.71121,10.10216,25.52456,55.62144
366,0.02007354,0.04340559,0.02865221,0.01098111,0.01221004,0.03805159,0.004829374,0.001898095,0.04347992,0.02605346,0.01660182,0.001386028,0.06775658,0.2723603,1.09601,0.01337118,0.03294297,0.01262317,0.007831812,0.008901584,1.970049E-05,0.01193826,1.703066E-05,0.003563001,0.0346797,0.0005432316,0.003049016,0.000503603,0.006419576,1.899723E-05,0.005404345,0.000252699,0.003412993,0.00690002,0.0002347886,0.002915523,0.01387314,0.007819857,0.003802845,0.005937909,0.02095813,0.03133678,0.08957327,0.0215493,0.01851876,0.07726355,0.3666578,0.01629542,0.390977,0.0009832851,0.01896629,0.1028824,0.03253437,0.1397814,0.02561094,0.09893741,0.517418,0.0166021,0.09378058,0.04519282,0.03118699,0.01589753,0.1412034,0.08044595,0.1299654,1.830993,0.03492678,0.09831814,0.2906832,0.06854729,8.626836,9.173717,18.74754,16.28695,31.73814,10.68877,25.54816,56.35686
367,0.02006818,0.04339923,0.0286527,0.01097849,0.01220361,0.03810984,0.004852147,0.00190659,0.04359879,0.02612008,0.01664605,0.001387221,0.06811759,0.2758839,1.104424,0.013409,0.03295311,0.01210823,0.007887695,0.00893033,1.552525E-05,0.0119125,1.210444E-05,0.003248441,0.03457995,0.000553108,0.003130726,0.00051321,0.006524403,2.01032E-05,0.005366895,0.000257696,0.003419446,0.006913478,0.0002165819,0.002821394,0.01399708,0.007906752,0.003817249,0.005969484,0.02008964,0.0303253,0.08928704,0.02153507,0.01854991,0.07476238,0.3631646,0.01569697,0.3859205,0.0009851728,0.01912413,0.1032348,0.03306825,0.1391636,0.02563002,0.09992439,0.4998032,0.01348248,0.08377548,0.03292428,0.02711727,0.01397335,0.1288105,0.07694736,0.1273548,1.874999,0.03749453,0.09998007,0.2762561,0.06960631,8.37149,9.011772,19.00899,16.56518,32.04635,10.94484,25.81321,56.79427
368,0.02006877,0.04342188,0.02865306,0.01097797,0.01220224,0.03811323,0.00485248,0.001907314,0.04375657,0.02619788,0.01659285,0.001390427,0.06855706,0.2795714,1.115372,0.01335817,0.03286253,0.01159665,0.0079345,0.008913182,1.264725E-05,0.01180624,8.296819E-06,0.002979613,0.03447647,0.0005621088,0.003209046,0.0005192349,0.006618155,2.09471E-05,0.005312769,0.000262638,0.003426985,0.006922378,0.0002071735,0.002770386,0.01414315,0.0079971,0.003844171,0.006013403,0.0192,0.02922578,0.0891572,0.02152869,0.01840916,0.07202458,0.3587985,0.0150721,0.3802145,0.0009873665,0.01924582,0.102847,0.03383872,0.1364424,0.0256802,0.1013137,0.4817498,0.01217065,0.07208695,0.02424378,0.02248725,0.01181775,0.1161089,0.07321586,0.122499,1.930992,0.04072206,0.1007015,0.2620391,0.07051619,8.079553,8.823746,19.29219,16.89906,31.84473,11.00916,25.40803,57.35233
369,0.02006452,0.04342889,0.02865386,0.01097698,0.01219771,0.03819856,0.004869348,0.001914508,0.04388888,0.02627273,0.0166363,0.001391797,0.06896399,0.2832556,1.125025,0.01337408,0.03284012,0.01108977,0.007965237,0.008945704,1.136726E-05,0.01156015,7.458847E-06,0.00279627,0.03425026,0.0005557277,0.003270388,0.0005165769,0.006666384,2.198068E-05,0.005307306,0.0002664537,0.003432701,0.006901924,0.0001656239,0.002545373,0.01406288,0.008054478,0.003886671,0.006076101,0.0183215,0.02802716,0.08882067,0.02140734,0.01842478,0.06929114,0.3519873,0.01445225,0.3728083,0.0009887761,0.01936707,0.1037126,0.03475113,0.1358539,0.02570528,0.102423,0.4631701,0.01222445,0.06282709,0.01955627,0.0187696,0.0100257,0.1039817,0.06951306,0.1194282,1.992356,0.04481415,0.1021592,0.2389643,0.07197443,7.701109,8.500445,19.42426,17.25031,32.02177,11.04665,25.58983,56.99313
370,0.02005216,0.04342144,0.02865521,0.01097005,0.01218674,0.03831337,0.004903667,0.001928422,0.04399778,0.02634575,0.01675287,0.0013905,0.06928159,0.2867773,1.132597,0.01346276,0.03290132,0.01106641,0.007957621,0.009014836,1.173945E-05,0.01133083,1.087946E-05,0.002671302,0.034122,0.0005636413,0.003323846,0.0005239071,0.006771198,2.242542E-05,0.00524316,0.0002712951,0.003437541,0.00693654,0.0001887201,0.00241253,0.01410315,0.008114113,0.003926431,0.006137642,0.01829949,0.02781472,0.08842523,0.02124268,0.01859965,0.07009419,0.3487481,0.01437134,0.368114,0.0009889835,0.01953742,0.1051077,0.03557431,0.1372081,0.02570138,0.1030725,0.4582717,0.01244403,0.0686486,0.02195559,0.01859463,0.009587776,0.1036265,0.07005455,0.1202142,2.005798,0.0490667,0.1043231,0.2348784,0.07339524,7.56655,8.484183,19.37504,17.33075,31.80431,10.66668,25.31816,57.00405
371,0.02003604,0.04340881,0.02865666,0.01096024,0.01217213,0.03842925,0.00494391,0.001944774,0.04409584,0.02641507,0.01688831,0.001386508,0.0694662,0.2901173,1.138525,0.01358066,0.03299055,0.01127397,0.007932144,0.009092136,1.217453E-05,0.01106388,1.319687E-05,0.002816569,0.03405905,0.0005680828,0.003376487,0.0005279435,0.006906289,2.324548E-05,0.005270182,0.0002772176,0.00343879,0.006988837,0.000259203,0.002655496,0.01429348,0.008188055,0.003969378,0.006184333,0.018764,0.028226,0.08856271,0.02116604,0.01878219,0.07239653,0.3518299,0.01459388,0.3690608,0.0009896619,0.01971767,0.1064491,0.03615041,0.1387818,0.02568008,0.1027715,0.4662224,0.01254362,0.07488789,0.02618846,0.01905396,0.01002521,0.1094855,0.07218664,0.122069,1.984731,0.05200731,0.1056259,0.2419086,0.07437723,7.687902,8.591535,19.16702,17.23708,31.13886,10.08238,24.69227,56.48185
372,0.02002904,0.04339898,0.02865736,0.0109509,0.01215705,0.03841691,0.004984814,0.001963314,0.04419805,0.02648199,0.01693545,0.001382574,0.06960008,0.2933564,1.143711,0.01370798,0.03308729,0.01150943,0.007954148,0.009089979,1.287669E-05,0.0107411,1.502255E-05,0.002932959,0.03399951,0.0005526795,0.003463937,0.0005165747,0.006880249,2.347477E-05,0.005266821,0.0002819755,0.003440491,0.006930205,0.0002345551,0.00273611,0.01439195,0.008074242,0.003983425,0.006124213,0.01939593,0.02880039,0.08901408,0.02113134,0.01868718,0.07378172,0.3525929,0.01494538,0.372707,0.0009895135,0.01973757,0.1058916,0.03567776,0.1392354,0.02565091,0.101919,0.4769137,0.01253012,0.0788523,0.02842119,0.01865643,0.01097139,0.1159679,0.0735753,0.1240151,1.966428,0.04884344,0.1036642,0.2501653,0.07342472,7.899806,8.664099,18.838,17.08912,30.39799,9.148712,24.11094,55.22381
373,0.02003943,0.04341245,0.02865684,0.01094331,0.01214381,0.03817994,0.005023137,0.001979374,0.0443169,0.02654669,0.01684785,0.001380972,0.06977945,0.2966048,1.148983,0.01383046,0.03318426,0.01164651,0.007993048,0.009001604,1.369557E-05,0.01043506,1.751134E-05,0.003051147,0.03389177,0.0005146448,0.003507346,0.0004857561,0.006712251,2.245923E-05,0.005226474,0.0002844089,0.003443641,0.006795098,0.0001769831,0.002594763,0.01438095,0.007851723,0.003941448,0.005980259,0.01988349,0.02926744,0.08962987,0.02109026,0.01837061,0.07333085,0.3501005,0.01536778,0.3762143,0.0009881957,0.01971424,0.1035057,0.03446921,0.1375086,0.02561967,0.1009322,0.4841214,0.01290487,0.07991701,0.0303228,0.01750289,0.01185721,0.1187933,0.07352225,0.1254769,1.966278,0.0423334,0.09988487,0.2534244,0.07106764,8.157165,8.578564,18.45593,16.94936,29.91736,8.222589,23.84938,53.76882
374,0.02005561,0.04343791,0.0286549,0.01093559,0.012132,0.03783879,0.005060119,0.001994301,0.04444468,0.02660961,0.01669573,0.00138084,0.06999739,0.2999119,1.154444,0.01394488,0.0332795,0.01173289,0.008036647,0.008882556,1.350048E-05,0.01008011,1.933702E-05,0.003172806,0.03375191,0.0004736723,0.003523194,0.0004543008,0.00648241,2.038564E-05,0.005091721,0.0002852429,0.003447774,0.006631033,0.000129455,0.002375074,0.01430853,0.007556757,0.003861719,0.005794384,0.02039792,0.02974059,0.09034105,0.02099552,0.01798697,0.07209314,0.3460049,0.0158047,0.3796992,0.0009842751,0.01967602,0.1004492,0.03298167,0.1348095,0.02558879,0.09995435,0.48939,0.01387365,0.06597975,0.02678762,0.01454565,0.01120786,0.1201444,0.07322072,0.1266819,1.969727,0.03515522,0.09541453,0.2530084,0.06812739,8.393512,8.400141,18.09027,16.7798,29.89411,7.768515,23.95435,52.75714
375,0.02005106,0.04343413,0.02865253,0.01092451,0.01211945,0.03773855,0.005098437,0.00201184,0.04455715,0.02667161,0.01667377,0.001378668,0.07015649,0.3032496,1.159694,0.01405858,0.03337213,0.01193909,0.008090626,0.008847047,1.667786E-05,0.01001551,2.13815E-05,0.003334588,0.03367341,0.0004508655,0.003550567,0.0004425382,0.006315807,1.870625E-05,0.005010192,0.0002865047,0.003451691,0.006494435,0.0001289948,0.002306633,0.01434829,0.007280591,0.003774128,0.005614355,0.02089804,0.03021915,0.09097736,0.02092608,0.01766168,0.07209222,0.3464563,0.01614351,0.3838807,0.0009812339,0.01961591,0.09947093,0.03141125,0.1344906,0.02556171,0.09901743,0.5019231,0.01404549,0.06987924,0.03197689,0.01387683,0.01203908,0.1259755,0.07435818,0.1279757,1.939202,0.02909124,0.09220997,0.2543917,0.06682327,8.499207,8.333342,17.77471,16.46787,29.94507,7.838378,24.01374,52.5497
376,0.02003609,0.04341383,0.02865033,0.01091116,0.01210534,0.03774611,0.005137252,0.002030129,0.04465875,0.02673361,0.01674378,0.001374959,0.07027867,0.3066106,1.16481,0.01417756,0.03346357,0.01218101,0.008151707,0.008853262,1.905628E-05,0.009989199,2.177323E-05,0.00352658,0.03361924,0.000457291,0.003620919,0.0004535335,0.006297367,1.819303E-05,0.004989855,0.00028993,0.003454701,0.006435195,0.0001910987,0.002505763,0.01448152,0.007082418,0.003708188,0.005500217,0.02132515,0.03063087,0.09144478,0.02092449,0.01768518,0.07413816,0.3494106,0.01640871,0.3862025,0.0009797756,0.01954168,0.09985695,0.03019029,0.1351112,0.02553802,0.09823698,0.5161568,0.0127668,0.06652245,0.03720254,0.0121158,0.01227817,0.1327498,0.07585314,0.1289313,1.894131,0.02649879,0.08931816,0.2549998,0.06611196,8.554753,8.293036,17.57694,16.17361,30.36512,8.544745,24.52835,52.64318
377,0.02001899,0.04338872,0.02864781,0.01089637,0.01209104,0.03776824,0.005173671,0.002047338,0.04475826,0.02679613,0.01683682,0.001371325,0.07043443,0.3100813,1.1704,0.01428757,0.03355176,0.01241503,0.00821994,0.008867298,2.19339E-05,0.01066443,2.142579E-05,0.003681534,0.03358003,0.0004785398,0.003712929,0.0004704546,0.00635817,1.900997E-05,0.004993131,0.0002948668,0.003456667,0.006434597,0.0002494448,0.002713039,0.01463691,0.006943071,0.003676375,0.005457691,0.02155567,0.03093828,0.09160735,0.02095573,0.01782362,0.07642338,0.3526803,0.01654938,0.3865344,0.0009792603,0.01946204,0.1003665,0.02966574,0.1355532,0.02552223,0.09796652,0.528092,0.01013736,0.06782161,0.04871825,0.01175785,0.01334835,0.1389014,0.07749458,0.1297509,1.851731,0.02650807,0.08708557,0.2562754,0.06564014,8.593752,8.284892,17.56063,15.98756,31.05249,9.434319,25.41726,53.60254
378,0.02000253,0.04336359,0.02864473,0.0108869,0.01207835,0.03784475,0.005207872,0.002063823,0.04486736,0.02686305,0.01695307,0.00136976,0.07070891,0.3137619,1.177366,0.01438155,0.03362278,0.0121562,0.008334348,0.008897452,2.464823E-05,0.01136008,2.004943E-05,0.003579412,0.03353025,0.0005065946,0.003839119,0.000491021,0.006492409,2.067687E-05,0.005051943,0.0003005575,0.003459235,0.006471349,0.0002676118,0.002872077,0.01483859,0.006844027,0.003674661,0.00546718,0.02094731,0.03045495,0.09122145,0.02100615,0.01800185,0.07598013,0.3524854,0.01616102,0.3835163,0.0009796284,0.0193814,0.1011702,0.02971019,0.1365795,0.02552051,0.09849218,0.516632,0.007366818,0.06518055,0.06045237,0.01096684,0.01420864,0.1317531,0.07559776,0.1293368,1.846215,0.02852199,0.08623378,0.255951,0.06581372,8.482491,8.342192,17.85544,16.00825,31.87218,10.66555,26.5575,55.40828
379,0.01998834,0.04335123,0.02864119,0.01087916,0.0120686,0.03792641,0.005229007,0.002075595,0.04499901,0.02693692,0.01702569,0.001369665,0.07105587,0.3176907,1.186345,0.01441424,0.03362056,0.01169433,0.00845554,0.008917271,2.623575E-05,0.01196626,1.823868E-05,0.003499699,0.03346751,0.0005336098,0.003966157,0.0005093225,0.006619888,2.243187E-05,0.00505938,0.0003064934,0.003462526,0.006530828,0.0002745322,0.003007594,0.01501831,0.006765587,0.003694625,0.005505897,0.0200986,0.02969459,0.09087335,0.02104782,0.01807144,0.07383153,0.3510145,0.01559698,0.3796437,0.0009800745,0.0192875,0.1018955,0.03015708,0.1363662,0.02554337,0.09948157,0.4983529,0.00635919,0.0623809,0.06677752,0.009879341,0.01456312,0.1205166,0.07250545,0.1262398,1.861982,0.03160249,0.08588506,0.2543147,0.06620508,8.345713,8.415934,18.37684,16.20503,32.39607,11.85784,27.11786,57.82627
380,0.01997982,0.04336315,0.02863739,0.01087294,0.01206326,0.03795302,0.005227744,0.002079708,0.04516562,0.02702031,0.01701459,0.001371486,0.07147966,0.3219572,1.198085,0.01435552,0.03350834,0.01121491,0.008569806,0.008890488,2.59127E-05,0.01245599,1.667606E-05,0.003454237,0.03340469,0.0005568929,0.004090193,0.0005244797,0.006733242,2.372441E-05,0.005056328,0.0003123705,0.003466429,0.006592318,0.0002655557,0.003078666,0.01516163,0.006698969,0.003726177,0.005554297,0.01921719,0.02884354,0.09072875,0.02108355,0.01800236,0.07128213,0.3487463,0.01500299,0.3755814,0.0009807632,0.01918194,0.1021103,0.03082711,0.1344945,0.02559866,0.100909,0.4793293,0.007147247,0.05991302,0.06875568,0.009043487,0.01434566,0.1090425,0.06919137,0.1209721,1.894231,0.03506861,0.08539522,0.2510552,0.06652714,8.202038,8.47775,18.95375,16.51398,33.20373,13.01989,27.96785,59.54948
381,0.01996461,0.04335606,0.02863334,0.01086613,0.01205351,0.03806701,0.005249673,0.002092788,0.0453001,0.0270982,0.01711779,0.001371448,0.07185183,0.3261035,1.207574,0.0144009,0.03350602,0.01078361,0.008667183,0.008922479,2.507983E-05,0.01287988,1.772738E-05,0.003202025,0.0333277,0.0005782017,0.004205649,0.0005378201,0.006825174,2.475685E-05,0.005047366,0.0003179004,0.003469555,0.006658825,0.0002389545,0.002990938,0.01522617,0.006636575,0.003770313,0.005627937,0.0184045,0.02802782,0.0902878,0.02104909,0.0181409,0.06914766,0.3445529,0.01450454,0.3693811,0.0009809249,0.01913082,0.1035512,0.03178637,0.1356084,0.02561936,0.1019318,0.459555,0.009251001,0.0537376,0.06471237,0.008378635,0.01323925,0.09878779,0.06667262,0.1176702,1.924634,0.03946599,0.08626839,0.2481382,0.0675474,7.986362,8.606308,19.54934,16.84227,33.78464,13.48745,28.37936,61.48618
382,0.01994348,0.04333972,0.02862966,0.01085412,0.01203919,0.03818468,0.005285018,0.002111043,0.04541526,0.02717318,0.01726597,0.001369401,0.07215145,0.3300604,1.215251,0.01451295,0.03357738,0.01077686,0.008726954,0.008978315,2.370257E-05,0.01299419,1.916052E-05,0.003262086,0.03329192,0.000597998,0.004303223,0.0005494542,0.006945245,2.530309E-05,0.005075594,0.0003239978,0.003468842,0.006741442,0.0002726326,0.002906983,0.01534634,0.0065886,0.003820484,0.005702498,0.01841994,0.02801294,0.08971931,0.02098476,0.01838036,0.07029341,0.3455307,0.0144885,0.3675173,0.000980528,0.01910853,0.1053809,0.03269307,0.1379049,0.02561531,0.1025382,0.4555133,0.01189638,0.05161874,0.06394771,0.008473665,0.01321581,0.09940729,0.06759429,0.1159524,1.925131,0.04378475,0.08635566,0.2502724,0.06825513,8.070969,8.808933,20.01452,17.08667,34.25412,13.50516,28.51051,62.6525
383,0.01992098,0.04332164,0.02862708,0.01084043,0.01202315,0.03829843,0.005324813,0.002131223,0.04552325,0.02724492,0.01742128,0.001365265,0.07232665,0.3338214,1.221325,0.01464871,0.03367466,0.01100175,0.008763463,0.009035544,2.164423E-05,0.01301455,2.039405E-05,0.003496319,0.03328542,0.0006137428,0.004396253,0.0005578287,0.007072436,2.581854E-05,0.005106735,0.0003304621,0.003464539,0.006801529,0.0002943964,0.00314496,0.01549867,0.00655047,0.003872879,0.005739909,0.01882361,0.0283642,0.08969016,0.02095464,0.01855624,0.07278378,0.3497011,0.01471882,0.36956,0.0009803461,0.01910119,0.1070933,0.03320096,0.1403042,0.02559678,0.1022223,0.4650923,0.01462668,0.04930428,0.0630949,0.009226555,0.01336866,0.1054408,0.06978861,0.1142476,1.907819,0.0453055,0.08555121,0.2536213,0.06881057,8.31846,9.029577,20.37351,17.26688,34.23646,12.57845,28.12024,63.16041
384,0.01990635,0.04330971,0.02862488,0.01082709,0.01200764,0.03829404,0.005363899,0.002150807,0.04563583,0.02731438,0.01748677,0.001361195,0.07245519,0.337503,1.226712,0.0147896,0.03377886,0.0112767,0.008795517,0.009066122,1.865007E-05,0.0126807,1.952779E-05,0.003542437,0.03329226,0.0006069433,0.004464977,0.0005549336,0.007060401,2.602553E-05,0.005154457,0.000336182,0.003461226,0.006765561,0.0002589638,0.003175574,0.01562626,0.006573564,0.003895583,0.005698939,0.01942188,0.02890567,0.09003307,0.02094602,0.01850383,0.07448883,0.3512418,0.01507099,0.3745471,0.0009799089,0.01926885,0.1070243,0.0329031,0.1417324,0.02557322,0.1014255,0.4782147,0.01708695,0.04606269,0.06122247,0.009832972,0.01339865,0.1127493,0.07185894,0.1129525,1.897051,0.04307354,0.08560029,0.2584363,0.06864175,8.621451,9.202588,20.59136,17.40474,33.43394,11.19547,26.92885,62.53018
385,0.01989597,0.04330415,0.0286221,0.01081343,0.01199302,0.03821827,0.005403077,0.002170098,0.04575388,0.02738235,0.01749503,0.001357755,0.07258985,0.3412036,1.231996,0.01492795,0.03388373,0.01156746,0.008827248,0.00907497,1.566714E-05,0.01227322,1.816722E-05,0.003524266,0.03330778,0.0006000522,0.004523666,0.0005492078,0.00700344,2.570393E-05,0.005140591,0.0003413823,0.003460056,0.006690059,0.0002217247,0.003166017,0.01573848,0.006602144,0.003894022,0.00561764,0.02009456,0.02947779,0.0905656,0.02093179,0.01827609,0.07524614,0.3516614,0.01545091,0.3806666,0.0009789639,0.01949063,0.1058787,0.03216347,0.1425641,0.02554874,0.1004786,0.4924055,0.01838346,0.03930537,0.053964,0.01003411,0.01239597,0.120455,0.07374895,0.1128372,1.890599,0.0397472,0.08626332,0.2620534,0.06841943,8.896998,9.308876,20.52118,17.41024,32.95921,10.17762,26.22743,60.28576
386,0.01988599,0.0432993,0.02861828,0.010799,0.01197913,0.03811923,0.00544204,0.002188914,0.04587419,0.02744927,0.01748156,0.001354655,0.0727293,0.3449313,1.237249,0.01506447,0.03398733,0.01187297,0.008865109,0.009076307,1.283091E-05,0.01178482,1.648536E-05,0.003491365,0.03333041,0.0005952437,0.004580081,0.0005466279,0.006945938,2.520508E-05,0.005149211,0.0003463476,0.003459537,0.006604462,0.0001954053,0.00315426,0.01586138,0.006628566,0.003877483,0.00551665,0.02069414,0.0300513,0.09114592,0.02093535,0.01798611,0.07554086,0.3528632,0.01581641,0.3866856,0.0009783872,0.0197202,0.1043771,0.03121511,0.1431201,0.0255239,0.09950143,0.5075958,0.02027403,0.0331541,0.04760897,0.01023308,0.01125088,0.1284165,0.07569224,0.1135185,1.882883,0.03613407,0.08686168,0.263776,0.06841768,9.119245,9.350664,20.27477,17.31178,32.66902,9.525222,25.87146,58.46138
387,0.01987084,0.04328488,0.02861414,0.01078355,0.01196537,0.03810366,0.005480241,0.002207309,0.04598935,0.02751571,0.01754747,0.001350906,0.07284753,0.3486598,1.242446,0.01519699,0.0340892,0.01219684,0.008911159,0.009110488,1.12281E-05,0.01131537,1.466386E-05,0.003433774,0.0333527,0.0006012513,0.004650561,0.0005556216,0.006963864,2.484372E-05,0.005180037,0.0003523082,0.003458852,0.006551249,0.0002158965,0.003264017,0.01601801,0.006667538,0.003862296,0.005435105,0.02114952,0.03055846,0.09166437,0.02097067,0.01781668,0.07713483,0.3567539,0.01610644,0.3909514,0.0009785304,0.01994042,0.1042641,0.03038431,0.1442905,0.02550013,0.09855641,0.5248099,0.02039815,0.03110221,0.04528591,0.01189587,0.01033544,0.1364867,0.07771524,0.1148102,1.865877,0.03380482,0.0869492,0.2637635,0.06861322,9.276104,9.351072,19.94969,17.14701,33.01552,9.60357,26.25049,57.41423
388,0.01985434,0.0432657,0.02861034,0.01076734,0.0119522,0.03811381,0.005516037,0.00222458,0.04610296,0.02758212,0.01764783,0.001347091,0.07297648,0.3524473,1.247883,0.01531702,0.03418793,0.01251812,0.008966051,0.009154665,9.180245E-06,0.01106496,1.306663E-05,0.003387708,0.03337374,0.0006187081,0.004739589,0.000571456,0.007053603,2.487243E-05,0.005216675,0.0003596552,0.003457575,0.006574632,0.0002666127,0.00345738,0.01619385,0.006723083,0.00386871,0.005419285,0.02148964,0.03101728,0.09203265,0.02102342,0.01788929,0.07959323,0.3615148,0.01635456,0.3935686,0.0009793211,0.02015313,0.1046423,0.03022555,0.1452934,0.02548126,0.09785496,0.5416331,0.01984495,0.02986108,0.0435993,0.01498123,0.009620833,0.1444655,0.07983416,0.1162655,1.84548,0.03432995,0.08713884,0.2646525,0.06870723,9.417716,9.360156,19.7532,17.01063,33.50139,10.23132,26.72314,57.81306
389,0.0198373,0.04324395,0.02860658,0.01075159,0.01193929,0.03815231,0.0055522,0.002241941,0.04621757,0.02764997,0.01777153,0.001344082,0.07316644,0.3563695,1.253969,0.01543402,0.034284,0.01279801,0.009029373,0.009213059,7.72212E-06,0.01084511,1.190639E-05,0.0033161,0.03339316,0.0006392043,0.004834976,0.000586327,0.007155448,2.494814E-05,0.005252616,0.000367624,0.003455784,0.006646553,0.0002967016,0.003563371,0.0163692,0.006786617,0.003895346,0.005454799,0.02145078,0.03113359,0.0920016,0.02108447,0.0180751,0.08235198,0.364491,0.01634044,0.3935358,0.0009804708,0.02036445,0.1054621,0.03071065,0.1466363,0.02546693,0.09771963,0.5538328,0.0178426,0.02882201,0.04103308,0.01892235,0.008988193,0.1505622,0.08141934,0.1180414,1.834047,0.03669891,0.08836269,0.2690059,0.06896178,9.468709,9.41848,19.76056,16.97337,33.6086,10.90791,26.75262,58.8676
390,0.01982149,0.04322111,0.02860212,0.01074153,0.01192737,0.03826639,0.005591416,0.002260348,0.04633949,0.02772201,0.01793234,0.001342892,0.07346638,0.3604842,1.261075,0.01555686,0.03437734,0.01269419,0.009128175,0.009306162,6.776126E-06,0.01066697,1.037517E-05,0.003132978,0.03339894,0.0006630659,0.004952211,0.000601719,0.007263384,2.511715E-05,0.005296399,0.0003756772,0.003455131,0.006746359,0.0002977761,0.003580951,0.0165671,0.006855763,0.003935334,0.005531956,0.02085406,0.03067234,0.09147567,0.02113855,0.01834506,0.08302592,0.3646319,0.01596715,0.3906079,0.0009817361,0.02057852,0.1069011,0.03164796,0.1490388,0.02545518,0.09820229,0.5450113,0.01508592,0.02571646,0.03525816,0.02153688,0.008005586,0.1450994,0.07999408,0.1195158,1.849374,0.04019499,0.09078246,0.2725207,0.06977245,9.358674,9.54633,19.9407,17.05459,33.82034,11.69184,26.99487,59.37585
391,0.01981016,0.04320818,0.02859612,0.01073607,0.01191861,0.03841272,0.005624616,0.002276609,0.04647425,0.02779582,0.0180765,0.00134316,0.07383573,0.364854,1.269383,0.01565748,0.03443893,0.01227493,0.009239009,0.009400225,6.030258E-06,0.01052821,7.97106E-06,0.002903588,0.03333804,0.0006823292,0.005071998,0.0006117148,0.007321786,2.508128E-05,0.005301598,0.0003830208,0.003455143,0.006825579,0.0002662199,0.003394671,0.01666944,0.006918211,0.003988581,0.005631572,0.02001675,0.02971118,0.0909555,0.02113559,0.01856898,0.08118683,0.3611304,0.01540254,0.3847843,0.0009825096,0.02077201,0.1084937,0.0328899,0.1508782,0.02545233,0.09898352,0.5263459,0.01252524,0.02292232,0.02845072,0.02121594,0.006830746,0.133456,0.07682395,0.1189911,1.891286,0.04470811,0.09288915,0.2658281,0.07084516,9.071644,9.565061,20.23363,17.29185,33.9015,11.78784,27.02491,60.09673
392,0.01980141,0.04321166,0.02858802,0.0107328,0.0119125,0.03856888,0.005646722,0.002289106,0.04662703,0.0278735,0.01818392,0.001344476,0.07425712,0.3695055,1.279343,0.0157089,0.03444378,0.0117744,0.009341939,0.009483013,6.069644E-06,0.01035365,6.635828E-06,0.002689454,0.03321968,0.0006952254,0.005178872,0.0006120577,0.007339112,2.4899E-05,0.005308689,0.000389708,0.003455269,0.00687704,0.0002306702,0.003185719,0.01669916,0.006971632,0.004050637,0.005737605,0.01914351,0.02857623,0.09054581,0.02108813,0.01869638,0.07848653,0.3556224,0.01479481,0.3777659,0.0009829656,0.02093844,0.1100462,0.03421011,0.15148,0.02546321,0.0999563,0.5060142,0.01138143,0.02168976,0.02287674,0.01971422,0.005801861,0.1209438,0.07326976,0.1165904,1.948266,0.0500759,0.09429215,0.2534497,0.07212148,8.704874,9.477729,20.48709,17.60674,34.00658,11.66835,27.13323,60.38866
393,0.01979132,0.04321183,0.02857928,0.01073038,0.01190496,0.0387501,0.005678834,0.002305711,0.04677224,0.02795213,0.01834531,0.001345155,0.07466627,0.3740953,1.288398,0.01580213,0.03449411,0.01132555,0.009429768,0.009577058,8.017007E-06,0.0101685,8.82916E-06,0.002531836,0.03307855,0.0007072979,0.005273885,0.0006129158,0.007335186,2.440401E-05,0.005344433,0.0003954445,0.003452098,0.006924411,0.0001773811,0.002857305,0.01653532,0.006989074,0.004120511,0.005857804,0.01832092,0.0275114,0.09002922,0.02092033,0.01893663,0.07619157,0.3480726,0.01427178,0.3693098,0.000981696,0.0211355,0.1121754,0.03563598,0.1537101,0.02545976,0.1007547,0.485318,0.01208502,0.02544515,0.02076642,0.01878516,0.00526557,0.1094028,0.07022564,0.1158532,2.002994,0.05623018,0.09656732,0.2397696,0.0739632,8.24142,9.392855,20.63685,17.88325,34.04319,11.71708,27.16021,60.57746
394,0.01977794,0.0432098,0.02857209,0.01072324,0.01189297,0.03890148,0.005718814,0.002325098,0.04690909,0.02803225,0.01852043,0.001344705,0.07503548,0.3786174,1.296472,0.01593133,0.03458318,0.011272,0.009482739,0.00966661,1.063233E-05,0.009962691,1.170595E-05,0.002703389,0.03300748,0.0007218273,0.005356678,0.0006170055,0.0073736,2.380604E-05,0.005332525,0.0004020452,0.003448296,0.00699727,0.0001950713,0.002580542,0.01648769,0.007006282,0.0041882,0.005965422,0.01828877,0.0272934,0.08946136,0.02069547,0.01922766,0.07680304,0.3439214,0.01421175,0.3633476,0.0009788643,0.02134,0.1141945,0.03692488,0.1564439,0.02544664,0.1014027,0.4750732,0.01402382,0.03997,0.02234109,0.01974693,0.005521842,0.1086495,0.07091331,0.1169512,2.027367,0.06194844,0.09822102,0.2373786,0.0753755,8.032733,9.427711,20.62686,17.99959,33.87236,11.72631,26.89119,60.59184
395,0.0197637,0.04320744,0.02856785,0.01071311,0.01187733,0.03903352,0.005761846,0.002345787,0.04703808,0.02810963,0.01868785,0.001341761,0.07525695,0.3829216,1.302953,0.01607367,0.03468746,0.01149082,0.009506595,0.009755928,1.393002E-05,0.009811581,1.460582E-05,0.003000117,0.03299182,0.0007333525,0.005431151,0.0006154734,0.007445174,2.350634E-05,0.005358825,0.000409995,0.003442474,0.007070202,0.0002800293,0.002874719,0.01663339,0.007041602,0.004246158,0.00603214,0.01876367,0.02768398,0.08950522,0.02061643,0.0194452,0.07922037,0.3469231,0.01444307,0.3643655,0.0009779221,0.0215352,0.1158498,0.03767376,0.1586946,0.02542518,0.1011708,0.4827142,0.01606015,0.05937433,0.02462897,0.02117461,0.006223291,0.1143561,0.07308314,0.1185024,2.014259,0.06489169,0.09866876,0.2433887,0.07617914,8.14782,9.535974,20.45409,17.953,33.18214,10.60857,26.06604,60.13305
396,0.01975162,0.04320496,0.02856581,0.01070269,0.01186071,0.03912609,0.005804154,0.002367259,0.04716774,0.02818601,0.0188083,0.001338073,0.07540849,0.3870958,1.308632,0.01622084,0.03479625,0.01180866,0.00950267,0.00981761,1.659082E-05,0.009592712,1.803852E-05,0.003328248,0.03300124,0.0007365932,0.005498033,0.0006086534,0.007477581,2.320749E-05,0.005433458,0.0004159729,0.003433777,0.007078482,0.0002993165,0.003084342,0.01672483,0.007089943,0.00428179,0.006032091,0.01943485,0.02828195,0.08986219,0.02061309,0.0194764,0.08144852,0.3509904,0.01478679,0.3686078,0.0009790693,0.02151656,0.1164441,0.03762219,0.1602766,0.02540173,0.1004659,0.4961548,0.01709727,0.06791391,0.02472927,0.02155716,0.006647479,0.1222628,0.07550178,0.119613,1.991127,0.06368269,0.09807608,0.2519316,0.0767473,8.339722,9.644255,20.12343,17.79178,32.11948,9.458984,25.08337,58.48746
397,0.01975255,0.04321704,0.02856455,0.01069325,0.01184552,0.03901893,0.005844873,0.002387128,0.04730906,0.02826128,0.01880089,0.00133577,0.07556703,0.3912881,1.314194,0.01636514,0.03490349,0.01206704,0.009494212,0.009806124,1.312588E-05,0.009279884,1.931892E-05,0.003724211,0.03298129,0.0007128441,0.005527041,0.0005871454,0.007391369,2.250987E-05,0.005450338,0.0004191479,0.003430029,0.007004205,0.0002499656,0.003027174,0.01673105,0.007103058,0.004269841,0.005946363,0.02010502,0.02896699,0.0904015,0.02060908,0.019302,0.08228583,0.3509707,0.01515965,0.3741177,0.0009804211,0.02143478,0.1149464,0.0367546,0.1598259,0.02537868,0.09962185,0.5079979,0.01792845,0.06181032,0.0218071,0.01940121,0.006414567,0.1279486,0.07683858,0.1205506,1.980322,0.0586746,0.0963463,0.2577263,0.07581728,8.562669,9.622962,19.66539,17.58511,31.00761,8.554572,24.08919,56.26442
398,0.01975182,0.04322731,0.02856223,0.01068261,0.0118308,0.03890358,0.005884779,0.002406668,0.04745261,0.02833542,0.01876645,0.001333735,0.07572245,0.3954773,1.319747,0.01649907,0.03501027,0.01235967,0.009492069,0.009782352,1.511019E-05,0.009150286,2.343182E-05,0.004193749,0.03298806,0.0007052507,0.005568945,0.0005752444,0.007334732,2.194578E-05,0.005487416,0.000421984,0.003428019,0.006920433,0.0002285052,0.003056849,0.01678484,0.007115942,0.00424513,0.005846068,0.02068205,0.02961867,0.09093463,0.02064145,0.01901704,0.08236576,0.3524619,0.01547634,0.3793965,0.0009821798,0.02132579,0.1129192,0.03566949,0.1589031,0.02535585,0.09872811,0.5205852,0.01827708,0.06258082,0.02056041,0.01828305,0.006545735,0.1346442,0.07845771,0.1215797,1.961852,0.05347429,0.09453084,0.2618659,0.07551046,8.702147,9.584827,19.05674,17.21375,30.54883,8.279563,23.85505,53.96118
399,0.0197478,0.04323331,0.02855857,0.01067043,0.01181618,0.0388043,0.00592496,0.002426315,0.04759641,0.028409,0.01872304,0.001331773,0.07587864,0.3996906,1.32528,0.01662463,0.03511555,0.01267323,0.009495934,0.009760682,2.07969E-05,0.009071438,2.7201E-05,0.004761973,0.03300477,0.0007048845,0.005614995,0.000569332,0.007278349,2.147269E-05,0.00550099,0.0004250646,0.003426934,0.006862577,0.0002232071,0.003128031,0.01684971,0.007130658,0.004217584,0.005752973,0.0212151,0.03020345,0.09150176,0.02068852,0.01863369,0.08153614,0.3552247,0.01576054,0.3836586,0.000983709,0.02120304,0.1107528,0.03459196,0.1578425,0.02533156,0.0978141,0.5337731,0.01799229,0.06679206,0.02216377,0.01719335,0.006995971,0.142027,0.0801215,0.1228894,1.933606,0.04897354,0.09248617,0.2640774,0.07546294,8.779543,9.540385,18.49931,16.78353,30.80823,8.763116,24.32926,52.95692
400,0.01973702,0.04322188,0.02855385,0.01065679,0.01180061,0.03879621,0.005964715,0.002445778,0.04773063,0.02848253,0.0187738,0.001328776,0.07598981,0.4039544,1.330625,0.01675412,0.03521886,0.01299261,0.009502289,0.009775035,2.922298E-05,0.009770594,2.965013E-05,0.005354829,0.03299824,0.0007178794,0.005676327,0.0005742691,0.007297177,2.119554E-05,0.005523968,0.0004296405,0.003425701,0.006859069,0.0002676159,0.003332495,0.01693333,0.007154281,0.00419745,0.005699747,0.02162224,0.03072687,0.09198853,0.02073444,0.01842886,0.08278162,0.3590169,0.01597681,0.3856768,0.0009850623,0.02107094,0.1103041,0.03374594,0.1573831,0.02530535,0.09702746,0.547643,0.01701116,0.08945962,0.02896914,0.01930372,0.00900469,0.1494114,0.0820011,0.124129,1.895517,0.04675765,0.09042627,0.2659838,0.07521933,8.848876,9.469117,18.15093,16.44509,31.37713,9.37009,25.0515,53.59502
401,0.0197257,0.04320243,0.02854818,0.01064263,0.01178524,0.03880038,0.006002184,0.002464082,0.04786212,0.02855646,0.01885433,0.001325576,0.07608064,0.4083198,1.336006,0.01687279,0.03531985,0.01329014,0.00951,0.009795146,3.474327E-05,0.01080425,3.126947E-05,0.005910367,0.03299198,0.0007372921,0.005750031,0.0005826487,0.007345291,2.119027E-05,0.005532765,0.0004351284,0.003423976,0.006912173,0.0003127083,0.003534714,0.01701842,0.007182972,0.004200163,0.005708572,0.02189121,0.03119813,0.09240712,0.02076046,0.01847424,0.08480205,0.3629478,0.01608741,0.3863165,0.0009858509,0.02094519,0.110368,0.03364445,0.1566892,0.02528104,0.09643039,0.5597734,0.01552508,0.1110763,0.03952868,0.02207006,0.01185424,0.156149,0.08405281,0.1250813,1.856677,0.04730667,0.08903968,0.2700455,0.07478632,8.928009,9.433179,18.08027,16.25308,32.09793,10.16801,25.84406,55.01625
402,0.01971884,0.04318272,0.02854217,0.01063457,0.01177222,0.03883088,0.006035475,0.002480441,0.04800545,0.02863548,0.01894204,0.001325101,0.07632119,0.4130067,1.343069,0.01697334,0.0354119,0.01313596,0.009560526,0.009823819,3.668939E-05,0.01197725,3.045658E-05,0.00559305,0.0329853,0.0007616598,0.005856714,0.0005938226,0.007415949,2.157522E-05,0.005582384,0.0004407835,0.003422687,0.006993715,0.0003188626,0.003606236,0.01714949,0.007220204,0.004226074,0.005776432,0.02132168,0.03085099,0.09214923,0.02080203,0.01858142,0.08457398,0.3635253,0.01572275,0.3837253,0.0009870013,0.02083404,0.1104843,0.03428365,0.1564598,0.02526996,0.09683306,0.5481318,0.01506092,0.118285,0.05137144,0.02360967,0.01451224,0.1489167,0.08228736,0.1253067,1.85541,0.05014849,0.08933883,0.2727157,0.07497196,8.826544,9.47126,18.38629,16.29739,32.28247,10.83241,25.96454,56.78074
403,0.01971159,0.04316294,0.02853724,0.01062978,0.01176123,0.03892125,0.006066855,0.002496377,0.04815498,0.02871791,0.01904341,0.001325582,0.07662757,0.4179069,1.351169,0.01705049,0.03548741,0.01269704,0.009625178,0.009872971,3.683521E-05,0.01297147,2.863887E-05,0.005182058,0.03293406,0.0007835325,0.005962074,0.000601208,0.007466797,2.185902E-05,0.005625741,0.0004459047,0.00342126,0.007071516,0.0002952588,0.003513387,0.01722932,0.007260972,0.004265275,0.005873331,0.02047529,0.03000306,0.09169488,0.02081662,0.01871999,0.08245897,0.3608196,0.0151822,0.3782671,0.0009882165,0.02072896,0.1111647,0.03527874,0.1566845,0.02526691,0.09760261,0.5275809,0.01679222,0.1145722,0.0630497,0.02349095,0.01576134,0.1363033,0.07897519,0.1242208,1.87791,0.05427499,0.09060419,0.2702381,0.07567611,8.58175,9.476946,18.79714,16.5041,32.04736,11.0303,25.61292,57.58499
404,0.01970595,0.04315224,0.02853318,0.01062685,0.01175257,0.03903409,0.006089304,0.002509137,0.04831622,0.02880379,0.01911347,0.001326829,0.07698143,0.4230673,1.360675,0.01709284,0.03551888,0.01215613,0.009685377,0.009919386,3.231872E-05,0.01364925,2.326178E-05,0.004737863,0.03281343,0.0007969022,0.006056161,0.0006001798,0.007479646,2.200704E-05,0.005672473,0.0004501053,0.00341865,0.007116877,0.0002536595,0.003295893,0.01721201,0.007298677,0.004311798,0.00597926,0.01957498,0.02890583,0.09124995,0.02078483,0.01879977,0.07944486,0.3557089,0.01458069,0.3713639,0.0009893359,0.02060518,0.1119785,0.03640385,0.1561042,0.02527595,0.09857809,0.5056556,0.020291,0.0969369,0.06680409,0.02084336,0.01505969,0.1228379,0.07520619,0.1214036,1.919847,0.05916923,0.09156734,0.2604672,0.07657543,8.245731,9.348576,19.10684,16.79127,31.86667,10.98265,25.44376,57.30015
405,0.01970026,0.04313961,0.02853008,0.01062489,0.01174362,0.03916923,0.006117024,0.002523807,0.04847427,0.02889185,0.01921193,0.001327786,0.0773466,0.4282622,1.369922,0.01716583,0.03556835,0.01160657,0.009726332,0.009980164,2.774498E-05,0.01403003,2.130127E-05,0.004354793,0.03256788,0.000791304,0.006117984,0.000589077,0.00740613,2.176126E-05,0.005689853,0.0004522697,0.003414067,0.007113076,0.000188638,0.002958832,0.01690393,0.007283225,0.004361173,0.00608279,0.01868486,0.02769783,0.09076548,0.02061803,0.01893486,0.07643117,0.3483908,0.01397881,0.3633487,0.000988299,0.02047163,0.113375,0.03750826,0.1562379,0.02527782,0.09950327,0.4842367,0.02445043,0.08805881,0.07035391,0.01887787,0.01432634,0.1100141,0.07140552,0.1195899,1.974323,0.06418066,0.0926244,0.2375957,0.07783756,7.826232,9.00925,19.24018,17.1138,32.08036,10.6745,25.72331,56.98257
406,0.01969061,0.04312105,0.02852755,0.01061899,0.0117307,0.03930258,0.006154698,0.002542327,0.04862241,0.02898189,0.01934431,0.001327459,0.07768481,0.4333676,1.378165,0.01728413,0.03565674,0.01144542,0.009739482,0.01005082,2.226363E-05,0.01407905,2.173667E-05,0.004233206,0.03240034,0.0008034945,0.006178665,0.0005903397,0.007383267,2.132091E-05,0.005705093,0.0004548536,0.003407616,0.007145035,0.0001668666,0.002628703,0.01663728,0.007249684,0.004408371,0.006179159,0.01847904,0.02735996,0.0901822,0.02034796,0.01915485,0.07618663,0.3428242,0.01382737,0.3564889,0.0009849918,0.02037897,0.1148285,0.03856041,0.157333,0.02526637,0.1002652,0.4702047,0.02727425,0.09213354,0.08209211,0.01870032,0.01475513,0.1067986,0.07152545,0.120385,2.000078,0.06893639,0.09393659,0.2289567,0.07896177,7.577708,8.873279,19.22446,17.24319,31.98577,9.919963,25.62917,57.14492
407,0.01967774,0.0430999,0.02852492,0.010609,0.01171317,0.03941117,0.006196104,0.002562446,0.04876125,0.02906951,0.0194707,0.001324574,0.07790027,0.4382454,1.384905,0.01742227,0.03576146,0.01160086,0.009722149,0.01011937,1.656611E-05,0.01387328,2.036133E-05,0.004219668,0.03231296,0.0008149491,0.006235653,0.0005888566,0.007419892,2.131834E-05,0.005758019,0.0004593811,0.003392352,0.007189672,0.0002705329,0.002788211,0.01670048,0.007256471,0.00444916,0.006241263,0.01887819,0.02774962,0.09006188,0.02024478,0.019326,0.0779924,0.3449849,0.01402183,0.3566831,0.0009832836,0.02029686,0.1157817,0.03917361,0.1580001,0.02524221,0.1002547,0.4738807,0.0258736,0.09206396,0.08999811,0.01820805,0.01484371,0.1114542,0.07345318,0.1219417,1.986232,0.07125789,0.09423955,0.2358153,0.07936883,7.677227,8.8798,19.07049,17.18322,31.57699,8.569623,25.21675,56.79303
408,0.01967199,0.04308383,0.0285214,0.0105987,0.0116946,0.03939762,0.006237213,0.002583319,0.0489033,0.02915516,0.01950358,0.001321213,0.07805154,0.4430092,1.390781,0.01756681,0.03587044,0.01183101,0.00970576,0.01013644,1.137626E-05,0.01342453,1.864702E-05,0.004105252,0.03225771,0.0008112305,0.006315988,0.0005814926,0.007436666,2.125317E-05,0.005790545,0.000464786,0.003380246,0.007167386,0.0002905713,0.002957654,0.01686617,0.007265116,0.004471255,0.006227811,0.01948364,0.02838784,0.09036093,0.02021592,0.01926594,0.07937297,0.346926,0.01434759,0.3605394,0.0009823719,0.02028611,0.1150704,0.03902828,0.1576681,0.02521086,0.09968152,0.4828141,0.02086018,0.08188114,0.08899508,0.01687413,0.01421363,0.1172854,0.07502834,0.1236486,1.965845,0.06908303,0.09270555,0.2448967,0.078582,7.887581,8.91562,18.8541,17.04173,30.70038,7.204532,24.36576,55.70712
409,0.0196808,0.04308826,0.02851654,0.01058998,0.01167789,0.03917081,0.006276181,0.002601875,0.04906082,0.02923899,0.01940355,0.001319636,0.07822467,0.4477456,1.396534,0.01770584,0.0359789,0.01198598,0.009694431,0.01007643,7.751244E-06,0.01283083,1.70356E-05,0.00398396,0.03217493,0.0007747968,0.006349092,0.0005584031,0.007337275,2.067943E-05,0.005780446,0.0004682998,0.003375225,0.007068936,0.0002418974,0.002898611,0.01694592,0.00723132,0.004441418,0.006125148,0.01988303,0.0287637,0.09091327,0.02019952,0.01898924,0.0791278,0.3459148,0.01473514,0.3643675,0.0009811722,0.02030318,0.1126134,0.0380476,0.155586,0.02517678,0.09882774,0.4900273,0.01600408,0.0634476,0.07945266,0.01510092,0.01266908,0.1197914,0.0749919,0.1252485,1.961586,0.06253512,0.08957854,0.2478305,0.07652161,8.139805,8.827246,18.54805,16.89083,30.09365,6.320789,23.81541,53.79649
410,0.01969309,0.04310037,0.02851147,0.01058122,0.0116628,0.03886889,0.006314263,0.002619273,0.04922615,0.02932136,0.01924683,0.001319219,0.0784257,0.4524674,1.402399,0.01783778,0.03608401,0.01211371,0.009690124,0.009989866,6.095522E-06,0.01225706,1.573302E-05,0.003853742,0.03203356,0.0007234433,0.006344502,0.0005313883,0.007193062,1.965121E-05,0.005730422,0.0004701265,0.003373879,0.006933683,0.0001881557,0.002721204,0.01692814,0.007144902,0.004368946,0.005969994,0.02031753,0.02916208,0.0914897,0.020162,0.01863865,0.07816863,0.3427059,0.01512938,0.3676128,0.0009793446,0.02032603,0.1097676,0.03661849,0.1528838,0.02514108,0.09790041,0.4966074,0.01233612,0.04883577,0.07025041,0.01301299,0.01107841,0.1217359,0.07471829,0.1268529,1.963303,0.05392154,0.0854901,0.2444541,0.07365429,8.395833,8.594159,18.19971,16.72843,29.77026,5.812737,23.54569,52.27949
411,0.0196967,0.0431031,0.02850507,0.0105699,0.01164743,0.03864067,0.006353114,0.002638012,0.04938707,0.02940257,0.01910716,0.001318189,0.07860992,0.4572337,1.408249,0.01796003,0.03618832,0.01230372,0.009694776,0.009926242,6.347226E-06,0.01173095,1.400246E-05,0.00372977,0.0319428,0.0006990659,0.006372642,0.0005236286,0.007098497,1.8928E-05,0.005693157,0.000472406,0.003373727,0.006813802,0.0001723903,0.002686566,0.01702224,0.007074599,0.004293974,0.005814325,0.02082667,0.02967453,0.09207638,0.02015299,0.01825622,0.07699914,0.3413309,0.01545775,0.3719965,0.0009777127,0.02033979,0.107139,0.03512969,0.1508225,0.02510619,0.0969805,0.5058196,0.01086468,0.03920648,0.06355388,0.01274234,0.01005805,0.1267969,0.07556181,0.1286763,1.945888,0.04624793,0.08296469,0.2458905,0.07189293,8.552535,8.466821,17.8373,16.43388,30.06005,5.933369,24.068,51.38733
412,0.01968786,0.04308178,0.02849571,0.01055633,0.01163107,0.03857781,0.006391017,0.002657271,0.04953442,0.02948358,0.01909035,0.001315521,0.07874964,0.4620877,1.413959,0.01807975,0.03629096,0.01254087,0.009704305,0.009923019,7.411651E-06,0.01141354,1.230907E-05,0.003642697,0.03188365,0.0007012063,0.006431258,0.0005342534,0.007073,1.841751E-05,0.005627228,0.0004765375,0.003374092,0.00674989,0.0002144465,0.002854874,0.01718954,0.007039061,0.004232149,0.005690891,0.02123091,0.03015365,0.09259015,0.02017724,0.01800595,0.07788937,0.3436072,0.01567882,0.3751752,0.0009764373,0.02034226,0.1064978,0.03380339,0.1502976,0.02507388,0.09617852,0.518755,0.01029803,0.03666179,0.06170839,0.01369406,0.009923317,0.133389,0.07696155,0.1305569,1.908397,0.04105789,0.08097927,0.2479657,0.07103729,8.639722,8.417667,17.61714,16.12512,30.87687,6.500897,25.03019,51.98863
413,0.01967652,0.04305196,0.02848437,0.01054151,0.0116144,0.03855588,0.006426452,0.00267554,0.04967761,0.02956457,0.01912089,0.001312295,0.07887965,0.4670343,1.419741,0.01819167,0.0363921,0.01278321,0.009718904,0.009935439,9.085757E-06,0.01133099,1.080851E-05,0.003571515,0.03183719,0.0007201054,0.00651589,0.0005524002,0.007114873,1.857181E-05,0.005596786,0.0004823468,0.003374116,0.006753326,0.0002776955,0.003086293,0.01737854,0.007032316,0.004197289,0.005635708,0.0215137,0.03057037,0.09298838,0.02021326,0.01802383,0.07977598,0.3468843,0.01580573,0.3768272,0.0009755522,0.02034419,0.1064864,0.03312776,0.1499609,0.02504474,0.09554596,0.5311187,0.0108633,0.03983304,0.06158157,0.01618726,0.01052124,0.1399708,0.07865602,0.1321647,1.868218,0.03943937,0.07958923,0.251518,0.07039449,8.725884,8.414893,17.67931,15.95297,31.64774,7.465905,25.81198,53.76939
414,0.01966715,0.04302163,0.02847099,0.01053117,0.01159979,0.0385727,0.006457731,0.002692334,0.0498292,0.0296498,0.01917675,0.001311257,0.0791625,0.4723525,1.427267,0.01828132,0.03648721,0.01269966,0.009766773,0.009959453,1.142226E-05,0.01147873,1.003985E-05,0.003420367,0.0317998,0.0007478867,0.006634437,0.0005738668,0.007180153,1.94053E-05,0.005587896,0.0004886879,0.003374872,0.006796238,0.0003006938,0.003228472,0.01759399,0.007045624,0.004192148,0.005645329,0.0210062,0.03031983,0.09273965,0.02026306,0.01812138,0.08031789,0.3477586,0.01550768,0.3752512,0.0009752623,0.02035674,0.1066461,0.03321774,0.1500881,0.02502947,0.09586,0.522898,0.01248704,0.04599276,0.06006178,0.01930177,0.01084444,0.1357578,0.07745497,0.1332869,1.861376,0.04053972,0.07954709,0.2564819,0.07034244,8.667846,8.482968,18.05546,16.00333,32.17223,8.592109,26.3019,55.66987
415,0.01965848,0.04300104,0.028457,0.01052428,0.01158863,0.03862705,0.006474664,0.002704536,0.05000369,0.02974215,0.01921133,0.001311843,0.07954736,0.4781387,1.437464,0.01829282,0.03650681,0.01228825,0.009834914,0.009983858,1.329685E-05,0.01166617,9.194676E-06,0.003305805,0.03174872,0.0007712477,0.006753139,0.0005881911,0.007224009,2.014262E-05,0.005563949,0.0004948842,0.003377309,0.006848542,0.0003004984,0.003333946,0.01780172,0.007068026,0.004201786,0.005686169,0.020213,0.0296736,0.09245168,0.02030776,0.01817368,0.07849075,0.3470187,0.01500388,0.3720086,0.0009751275,0.02036146,0.1069319,0.03369555,0.1494736,0.02504008,0.09671479,0.5057012,0.01496823,0.05477782,0.05637784,0.02236739,0.01065247,0.1256418,0.07463946,0.1318701,1.878532,0.04283752,0.08005832,0.2590522,0.07062385,8.515357,8.586338,18.5853,16.22537,32.22559,9.566165,26.17166,57.14479
416,0.01965176,0.04299849,0.02844372,0.01051939,0.01158277,0.03868735,0.006472644,0.002710517,0.05021616,0.02984685,0.01920294,0.001313652,0.08000058,0.4842172,1.450369,0.01822704,0.03643484,0.01179645,0.009902372,0.009990109,1.614541E-05,0.01191792,1.135385E-05,0.003216846,0.03167848,0.0007896245,0.006871858,0.0005972379,0.007258788,2.109287E-05,0.005576863,0.0005008075,0.003379731,0.00689389,0.0002855129,0.003355493,0.01797691,0.007098273,0.00422706,0.005751846,0.01935527,0.02881837,0.09225412,0.02034787,0.0181365,0.07587059,0.3449462,0.01444183,0.3676246,0.0009755564,0.02035574,0.1072075,0.0344831,0.147776,0.02507606,0.09790182,0.4865605,0.01828631,0.06776216,0.05343133,0.02564745,0.010341,0.1141611,0.07136052,0.1283785,1.913381,0.04616502,0.08057896,0.2577659,0.07105301,8.296561,8.641148,19.04692,16.53401,32.14728,10.2044,25.92765,57.57303
417,0.01964339,0.04298805,0.02843486,0.01051672,0.01157651,0.03880773,0.006484791,0.002721697,0.05040378,0.02994599,0.01925875,0.001314513,0.08042359,0.4903033,1.461907,0.01824214,0.03641643,0.01127402,0.009957957,0.01003401,1.939897E-05,0.01222805,1.386043E-05,0.002914915,0.03150468,0.0007922488,0.006973426,0.0005977946,0.007270793,2.195047E-05,0.005648308,0.0005051722,0.003377354,0.006909037,0.0002232558,0.003065446,0.01790453,0.007108088,0.004269338,0.005845712,0.01848755,0.02772706,0.0918567,0.02027538,0.0182056,0.07295884,0.3391842,0.01385635,0.3605736,0.0009754599,0.02035037,0.1084334,0.03549678,0.1475483,0.0250973,0.09892341,0.466842,0.02065657,0.07289185,0.04727468,0.02631661,0.009489466,0.1025646,0.06788222,0.1257147,1.961937,0.05091369,0.08170664,0.2423653,0.07219967,7.928837,8.512942,19.35354,16.89595,31.95103,10.49343,25.57348,57.52856
418,0.0196303,0.04296582,0.02842752,0.01050916,0.01156331,0.03893866,0.006516657,0.002740044,0.05056781,0.03004435,0.01937178,0.001313519,0.08078026,0.4961121,1.471086,0.01834964,0.0364859,0.01115502,0.009982344,0.01010456,2.038857E-05,0.01226179,1.625679E-05,0.002686877,0.03138824,0.0008056716,0.007066061,0.0006075067,0.007326474,2.233955E-05,0.005677503,0.0005100141,0.003374138,0.006957366,0.0002134891,0.002793925,0.01784244,0.007108414,0.004312923,0.005938916,0.01835556,0.02743317,0.0912506,0.02011954,0.01839683,0.07293577,0.3353037,0.0137233,0.3553319,0.0009743816,0.02037349,0.1099769,0.03650291,0.1488907,0.02509596,0.09966546,0.4560177,0.01995626,0.08158528,0.04433455,0.02742615,0.009044509,0.1005165,0.0680875,0.126348,1.981211,0.05580382,0.08308404,0.2370285,0.07329547,7.744455,8.53351,19.38506,17.04946,31.84514,10.26125,25.46492,56.97156
419,0.01961503,0.04293943,0.02842263,0.01049808,0.01154534,0.03903827,0.006556128,0.002761413,0.05071921,0.03013947,0.01947486,0.001309795,0.08097386,0.5015377,1.47794,0.01849655,0.03659089,0.01132834,0.009977548,0.01016978,1.9176E-05,0.01207931,1.556418E-05,0.002760941,0.03132647,0.0008124039,0.007148932,0.0006111136,0.007409941,2.275227E-05,0.00572148,0.0005160252,0.00336864,0.006992143,0.0002782804,0.003024833,0.0180098,0.007127016,0.004346416,0.00597871,0.01880323,0.02780926,0.09122531,0.02007577,0.0185205,0.07470732,0.3372109,0.01392744,0.3571128,0.0009740009,0.0203975,0.1108878,0.0369195,0.1500713,0.02507855,0.09946471,0.4615978,0.01767268,0.09144815,0.04614868,0.02944596,0.009073433,0.1054458,0.06994267,0.1279428,1.966049,0.0572194,0.08354279,0.2433724,0.07362828,7.886238,8.642266,19.22677,17.02465,31.49159,9.381371,25.22684,56.5395
420,0.01960324,0.04291497,0.02841861,0.01048658,0.01152649,0.03907153,0.006599838,0.002783183,0.05087189,0.03023239,0.01951195,0.001305649,0.08110525,0.5068467,1.483856,0.01865399,0.03670694,0.01160373,0.009944047,0.01020896,1.696638E-05,0.01183922,1.486298E-05,0.002817176,0.03129362,0.0008032296,0.007225405,0.0006071526,0.007409737,2.290584E-05,0.005752465,0.0005212574,0.00336491,0.006960861,0.0002782463,0.003160134,0.01810876,0.007139545,0.004354611,0.005953704,0.01944866,0.02840933,0.09159244,0.02007122,0.01840788,0.07601673,0.340054,0.01425534,0.3621657,0.0009733313,0.02043726,0.110461,0.03662257,0.1505109,0.02505416,0.09880635,0.4723518,0.01514379,0.09428249,0.04791706,0.03090806,0.009099067,0.1126414,0.07207964,0.129821,1.943378,0.05534329,0.08337552,0.2521007,0.07361698,8.099328,8.767729,18.95833,16.88089,30.92711,8.382288,24.85874,55.83675
421,0.01960481,0.04290728,0.02841422,0.01047617,0.01150898,0.03890047,0.00664373,0.002803126,0.0510378,0.03032384,0.01943216,0.001303005,0.08125174,0.5121374,1.48961,0.01881035,0.03682522,0.0118054,0.009905883,0.01018155,1.360087E-05,0.01133482,1.41171E-05,0.002812799,0.03123775,0.0007670369,0.007272266,0.0005901775,0.007337977,2.259995E-05,0.005759601,0.0005246658,0.003364252,0.006870408,0.0002356252,0.003109287,0.01814719,0.007123956,0.00432378,0.005863484,0.02005539,0.02902011,0.092118,0.02007496,0.01812095,0.07601101,0.3393769,0.01465259,0.3674405,0.0009724373,0.0204877,0.1083927,0.03571937,0.1492772,0.02502704,0.09799805,0.4816221,0.01386263,0.08364546,0.04141057,0.02868413,0.008716942,0.1171055,0.07273322,0.1316358,1.933741,0.05065045,0.08186136,0.256072,0.07218352,8.335642,8.777079,18.66443,16.72416,30.86576,7.756606,24.98934,54.8243
422,0.01960953,0.04290735,0.02841022,0.01046564,0.01149285,0.03866181,0.006688022,0.0028224,0.05121259,0.03041419,0.01929221,0.001301657,0.08143407,0.517495,1.495517,0.01895771,0.03694294,0.01199047,0.009870663,0.0101246,1.211586E-05,0.01089351,1.356701E-05,0.002785649,0.03117077,0.0007227054,0.007288723,0.0005676842,0.007182849,2.170266E-05,0.005712443,0.0005265675,0.00336541,0.006744168,0.000191338,0.002987958,0.01815706,0.007078988,0.004261652,0.005731989,0.02069715,0.02958525,0.09277593,0.02007227,0.01773622,0.07490102,0.337515,0.01506723,0.3724458,0.0009708639,0.02054092,0.1056719,0.03444245,0.1474323,0.02499953,0.09712928,0.4906095,0.01334499,0.0827364,0.03901928,0.02757763,0.008428168,0.1213583,0.07301239,0.1333967,1.925536,0.04439437,0.07995358,0.2568098,0.07042218,8.547193,8.731792,18.45539,16.55104,31.14684,7.32781,25.17384,54.5863
423,0.01960506,0.04289475,0.02840541,0.01045343,0.01147767,0.03853409,0.006732146,0.002842665,0.05138208,0.03050395,0.01920974,0.0012999,0.08160698,0.5229633,1.501569,0.01909665,0.03705952,0.0122543,0.009843567,0.01011214,1.098528E-05,0.01021862,1.343522E-05,0.002773444,0.0311007,0.0006756654,0.007285725,0.0005471185,0.00702221,2.057431E-05,0.005669549,0.0005276399,0.003367336,0.00661242,0.0001562838,0.002823529,0.01815977,0.007010509,0.004182188,0.005583117,0.02128167,0.03011977,0.09333576,0.02005723,0.01741873,0.07461758,0.3354831,0.01542199,0.3779344,0.0009694211,0.02059004,0.1039662,0.03304474,0.1466904,0.02497491,0.0963989,0.5037284,0.01368196,0.08223605,0.03600102,0.02570157,0.008624587,0.1283017,0.07433694,0.1352292,1.905004,0.0383646,0.078507,0.2581929,0.06893779,8.718194,8.677824,18.36881,16.39239,31.16418,6.998407,24.95101,54.77518
424,0.01959339,0.04286921,0.0283998,0.0104399,0.01146184,0.03850988,0.006774972,0.002862524,0.05154368,0.03059471,0.01922795,0.001297234,0.08176444,0.5285604,1.507759,0.0192302,0.03717517,0.01252925,0.009825047,0.0101392,1.111516E-05,0.009952145,1.333762E-05,0.002766678,0.03107166,0.0006718534,0.007343131,0.0005554085,0.006990678,2.002762E-05,0.005646253,0.0005307798,0.003369074,0.006555792,0.0001965702,0.00292161,0.01828482,0.006980833,0.004122241,0.005480846,0.02165728,0.03057416,0.09369718,0.02008606,0.01744415,0.0764697,0.3378592,0.01565359,0.381587,0.0009688452,0.02063416,0.1038055,0.03193968,0.1468195,0.02495441,0.0959147,0.5178056,0.01446246,0.08129003,0.0349228,0.02418074,0.009175788,0.1352455,0.07596138,0.1368353,1.872455,0.0354576,0.07740235,0.2597021,0.06833517,8.820936,8.686842,18.31021,16.2358,31.4925,7.281235,25.26623,54.45338
425,0.01958151,0.04283931,0.02839348,0.01042603,0.01144536,0.03849553,0.00681679,0.002881234,0.05170359,0.03068708,0.01926937,0.001294738,0.08196174,0.534373,1.514505,0.01936397,0.03728983,0.0127664,0.009813621,0.01016996,1.198124E-05,0.009883847,1.325301E-05,0.002731666,0.03103584,0.0006941633,0.007442434,0.0005755519,0.007030401,2.022685E-05,0.005624489,0.0005360902,0.00337072,0.00657083,0.000262702,0.003106469,0.01843377,0.006984932,0.004095568,0.005448199,0.02160586,0.03081829,0.09380515,0.02012722,0.0175755,0.07865803,0.340388,0.01565242,0.382305,0.0009687268,0.02066922,0.1037197,0.03159184,0.1469205,0.02493977,0.09591912,0.5268348,0.01590005,0.08099166,0.0380251,0.02310118,0.01025626,0.1406273,0.07741704,0.1383403,1.852176,0.0354428,0.0765793,0.2613128,0.06786378,8.85121,8.6738,18.35365,16.19378,31.93541,7.633,25.71889,54.93022
426,0.01957445,0.04281728,0.02838884,0.01041825,0.0114322,0.03849235,0.006850829,0.002896535,0.05188027,0.03078466,0.01930361,0.00129462,0.08229316,0.5405446,1.523069,0.01945828,0.03738731,0.01246445,0.009848361,0.0101967,1.363461E-05,0.01016531,1.236986E-05,0.002538595,0.03100562,0.0007248753,0.007584431,0.0005956945,0.007085576,2.127933E-05,0.005613532,0.0005419592,0.003374345,0.006619644,0.0002860512,0.003168726,0.0186202,0.007010546,0.004101519,0.005480891,0.02092264,0.03034365,0.0935166,0.0201764,0.01767793,0.07768639,0.3401257,0.01523491,0.3795603,0.000969136,0.02070805,0.1033592,0.03197728,0.1467375,0.02494164,0.09658621,0.5142645,0.01808712,0.07558914,0.04163194,0.02093278,0.01101989,0.1325305,0.07529067,0.138265,1.865513,0.03741382,0.07689156,0.2614668,0.06816939,8.711243,8.713742,18.61731,16.31041,32.43762,8.07173,26.24943,55.88081
427,0.0195677,0.04281138,0.0283867,0.01041244,0.01142317,0.03852149,0.00686455,0.002905109,0.05209475,0.03089532,0.01929889,0.001296192,0.08270898,0.5471804,1.534759,0.01944258,0.03738916,0.01201392,0.009890642,0.01021649,1.588042E-05,0.01040076,1.127937E-05,0.002568865,0.03097072,0.0007496938,0.007711588,0.0006079775,0.0071025,2.165865E-05,0.005530515,0.0005477764,0.003380162,0.00667399,0.0002934189,0.003276002,0.0187622,0.007036244,0.004110279,0.005522346,0.0201038,0.02965742,0.0932891,0.02021601,0.01766961,0.07551064,0.3394069,0.0147151,0.376323,0.0009689913,0.02073304,0.103159,0.0325402,0.1453743,0.02497203,0.09772935,0.4967081,0.0206988,0.08182839,0.05088503,0.02012143,0.01241379,0.1220183,0.07236835,0.135509,1.892819,0.03953936,0.07755174,0.2617115,0.06865873,8.543939,8.794194,19.01012,16.53918,32.79627,9.070007,26.43069,57.02924
428,0.01956067,0.04281584,0.02838667,0.01040899,0.01141759,0.03858268,0.006869236,0.002910739,0.05233642,0.03101796,0.01928412,0.00129811,0.0831499,0.5539539,1.54791,0.01938371,0.0373365,0.01151623,0.009931874,0.01024044,1.897272E-05,0.01089501,1.102855E-05,0.002522905,0.03092208,0.0007710935,0.007840144,0.0006160228,0.007136479,2.240734E-05,0.005552288,0.0005533633,0.003386198,0.006726345,0.0002873861,0.003337145,0.01889776,0.007073167,0.004127771,0.005581256,0.01923936,0.02885282,0.09302069,0.02026991,0.01763309,0.07283048,0.3379005,0.01415488,0.3722501,0.0009700093,0.02075215,0.1034639,0.03330875,0.1438427,0.02501542,0.09905036,0.4774055,0.0226367,0.0869146,0.05812949,0.01877619,0.01346843,0.1104317,0.06909242,0.1313291,1.929971,0.04242875,0.07871283,0.2618589,0.06943548,8.342133,8.8839,19.42442,16.83958,32.96859,10.01255,26.4039,57.89155
429,0.019551,0.04281131,0.02838764,0.01040661,0.01141098,0.03871465,0.006888655,0.002922441,0.05255535,0.03113616,0.01934971,0.001298914,0.08357165,0.5607331,1.559827,0.01940034,0.03733561,0.01103061,0.009956419,0.01030266,2.170559E-05,0.01147022,1.121408E-05,0.002338785,0.03080026,0.0007791007,0.007948353,0.0006146423,0.007140049,2.330988E-05,0.005600823,0.0005576179,0.003388854,0.006757954,0.0002364456,0.003099734,0.01883212,0.007097826,0.004166142,0.005672152,0.01839526,0.02785716,0.0925974,0.02022097,0.01773371,0.07020578,0.3327021,0.0136247,0.3651445,0.0009704676,0.02078843,0.1048391,0.03435144,0.1442125,0.0250418,0.100208,0.4575695,0.02478123,0.08276467,0.06017924,0.01673862,0.01341836,0.09911913,0.06589971,0.1288223,1.97611,0.04695546,0.08085796,0.2529546,0.07091322,7.992598,8.860325,19.75603,17.19401,32.79435,10.30425,26.05885,58.39476
430,0.01953683,0.04279539,0.02838998,0.01039936,0.01139751,0.03886333,0.006927995,0.002941978,0.052744,0.0312492,0.01947267,0.001297831,0.08391215,0.5672652,1.569089,0.01952445,0.03742564,0.01095227,0.009947877,0.0103933,2.503904E-05,0.0120047,1.543461E-05,0.002284042,0.03073311,0.0007962608,0.008053905,0.0006239084,0.007201297,2.380186E-05,0.005641701,0.0005624322,0.003386237,0.006820006,0.0002338808,0.002834042,0.01873958,0.007108526,0.004212702,0.005769628,0.01837251,0.02770158,0.0919904,0.02006231,0.01795278,0.07055735,0.3308553,0.01355759,0.3613989,0.0009690368,0.0208531,0.1066192,0.03542002,0.1461124,0.02504351,0.1010141,0.4485371,0.02689048,0.08536111,0.06853513,0.01636454,0.01430879,0.09796842,0.06629539,0.1293727,1.991238,0.05213469,0.08298008,0.2524265,0.0722537,7.870248,8.968918,19.79094,17.35857,32.5539,9.804991,25.82078,57.98005
431,0.01952232,0.04277816,0.02839339,0.0103893,0.01138018,0.03897137,0.006973017,0.002963389,0.05292027,0.03135827,0.01958849,0.001294786,0.08413789,0.5735918,1.576548,0.01968627,0.03754975,0.0111285,0.009914806,0.01046573,2.691086E-05,0.0123956,1.732697E-05,0.002809193,0.03070593,0.0008107336,0.008153998,0.000629448,0.00727083,2.427245E-05,0.005682724,0.0005683572,0.003375552,0.006887028,0.0002930101,0.002838178,0.01882656,0.007133986,0.004259583,0.005856345,0.01874909,0.02809659,0.09181894,0.01994438,0.01815261,0.07253383,0.3342286,0.01376079,0.3622617,0.0009666576,0.0209182,0.1075735,0.03627517,0.1472613,0.02503216,0.1012167,0.4524984,0.0279739,0.08972764,0.07918792,0.01727191,0.01584684,0.1031043,0.06833348,0.1308032,1.98309,0.05674526,0.08408207,0.2602322,0.07316595,7.982027,9.098994,19.60738,17.36594,32.2621,9.208376,25.63654,57.32159
432,0.01950994,0.04276111,0.02839796,0.01037879,0.0113618,0.0390464,0.007019126,0.002984802,0.05309528,0.03146617,0.01967415,0.001290749,0.08426628,0.5797119,1.582757,0.0198531,0.03768548,0.01140306,0.009883265,0.01051324,2.800449E-05,0.01278184,1.827011E-05,0.003208525,0.03069721,0.0008223552,0.008231086,0.0006316102,0.00734966,2.470967E-05,0.005736208,0.0005749008,0.003362928,0.006934397,0.0003273693,0.003080173,0.01896191,0.007167453,0.00429888,0.005909316,0.01922558,0.02869458,0.09208586,0.01991798,0.01821724,0.07470574,0.3398791,0.01404812,0.3652928,0.000965949,0.02094292,0.1077919,0.03674892,0.1475993,0.02501521,0.1008275,0.4625841,0.02784307,0.09443071,0.08818633,0.01858504,0.01739039,0.110226,0.07083662,0.1321833,1.963692,0.05904476,0.08477006,0.270752,0.07378724,8.188705,9.209352,19.32379,17.26534,31.65436,8.488708,25.09626,56.7001
433,0.0195091,0.04275482,0.02840319,0.01036916,0.01134411,0.03895163,0.007064759,0.003005062,0.05328091,0.03157337,0.01963664,0.001287553,0.08437579,0.5857422,1.588506,0.02001272,0.03782359,0.01164322,0.009856779,0.01049886,2.596029E-05,0.01261245,1.89496E-05,0.003506814,0.03070412,0.0008235684,0.008303284,0.0006280894,0.007390318,2.49205E-05,0.005781731,0.0005807949,0.003356174,0.00692313,0.0003142138,0.003256414,0.01909067,0.007197181,0.004318252,0.005904474,0.019629,0.02936458,0.09264087,0.01993979,0.01801093,0.07515804,0.3440105,0.01432063,0.3695049,0.000966067,0.02095372,0.1061599,0.03664647,0.1464933,0.02499712,0.1001326,0.4726324,0.03014932,0.09151269,0.08892435,0.01826682,0.01779394,0.1161312,0.07234653,0.1334221,1.949628,0.05807028,0.08478771,0.2796216,0.07361395,8.388353,9.270522,18.99401,17.10679,31.3638,7.988655,24.92468,55.54111
434,0.01950764,0.04274765,0.02840704,0.01035952,0.01132694,0.0388548,0.00711294,0.003026275,0.05347094,0.03168036,0.01956802,0.001284929,0.08449926,0.5917115,1.594172,0.02017042,0.03796135,0.01190645,0.009837285,0.01047565,2.503275E-05,0.01256224,2.039743E-05,0.003788916,0.03071442,0.000819686,0.008354913,0.0006173846,0.007384552,2.473932E-05,0.005809896,0.0005857632,0.003354751,0.006884474,0.0002844057,0.003360928,0.01920422,0.007218091,0.00431239,0.005860422,0.02015488,0.03000907,0.09325793,0.01998456,0.01765071,0.07455958,0.3473341,0.0146322,0.3740091,0.0009663267,0.02095765,0.1042585,0.03606312,0.1454783,0.02497824,0.09931458,0.4839126,0.0328367,0.09474974,0.09181922,0.01833687,0.01829361,0.1232194,0.07390025,0.1347221,1.930119,0.05480343,0.08462556,0.2871874,0.07327715,8.54513,9.324846,18.6955,16.88922,31.25689,8.064779,24.83775,54.82873
435,0.01950004,0.04272773,0.02840987,0.01034931,0.01131006,0.03885261,0.007160054,0.003047425,0.05365647,0.03178667,0.01957203,0.001281903,0.0846,0.5977127,1.599797,0.02032045,0.03809701,0.01220848,0.00982539,0.01048433,2.322472E-05,0.01252162,2.103109E-05,0.004050904,0.03072858,0.000824487,0.008413594,0.0006157667,0.007398975,2.451999E-05,0.005848194,0.0005911446,0.003355278,0.006863477,0.0002788896,0.003505438,0.01934318,0.00724137,0.004294931,0.005810022,0.02058055,0.03058933,0.09380458,0.02005121,0.01734951,0.0752232,0.3521045,0.01489771,0.3775952,0.0009670474,0.02095798,0.1035803,0.03526435,0.1452162,0.0249619,0.09855159,0.4974591,0.03544651,0.09483945,0.09167477,0.01784586,0.01844175,0.1313582,0.07595333,0.1360229,1.90106,0.05141183,0.08452467,0.2936852,0.07323903,8.661587,9.374466,18.47199,16.66124,31.38761,8.459779,25.12431,54.57464
436,0.0194924,0.04270249,0.02841169,0.01033885,0.01129358,0.03886591,0.007204402,0.003066867,0.0538406,0.03189289,0.01960608,0.001278734,0.08468752,0.6037954,1.60542,0.02046151,0.03822995,0.01250685,0.009819531,0.01049873,2.034407E-05,0.01249454,2.011595E-05,0.004192904,0.03073763,0.0008367393,0.008492604,0.0006207628,0.0074735,2.44675E-05,0.00588487,0.000597573,0.0033564,0.006879281,0.0003004952,0.003688952,0.01949961,0.007272613,0.004285409,0.005792604,0.02084724,0.03115318,0.09431352,0.0201169,0.01727186,0.07697506,0.3570496,0.0150985,0.3799957,0.0009681365,0.02095901,0.1032062,0.03476926,0.1446179,0.02494801,0.09789277,0.5107242,0.03708571,0.09391299,0.08859192,0.01840619,0.0183403,0.1391803,0.07815998,0.1372801,1.872971,0.05039973,0.08432736,0.2991034,0.07301919,8.778511,9.388561,18.36473,16.49605,32.42056,9.342419,26.45055,55.04523
437,0.0194864,0.04267629,0.02841183,0.01032887,0.01127822,0.03886555,0.007245774,0.003084705,0.05402741,0.03199985,0.01964064,0.001276298,0.08482488,0.6101159,1.611743,0.02058054,0.03835724,0.01276826,0.009820269,0.01051243,1.653991E-05,0.01229734,1.84354E-05,0.004167967,0.03073974,0.0008516493,0.008578999,0.0006256448,0.007542021,2.450535E-05,0.005914888,0.0006044187,0.003357901,0.00691915,0.0003120803,0.003806106,0.01966144,0.007309341,0.004290847,0.005811762,0.02078816,0.03155857,0.0945973,0.02017786,0.0173198,0.07890841,0.3611918,0.0151211,0.3808538,0.0009694155,0.02096332,0.1028124,0.03483071,0.1438177,0.02493908,0.0976286,0.5207913,0.03786991,0.0913059,0.08284998,0.02028689,0.01799724,0.1452015,0.08032083,0.1384258,1.855666,0.05149675,0.08430728,0.3049288,0.07270578,8.871181,9.394382,18.56908,16.49305,33.21532,10.16304,27.18986,57.37688
438,0.01948875,0.04265773,0.02840945,0.01032574,0.0112663,0.03884569,0.007280907,0.003099178,0.05423194,0.03211197,0.01965118,0.001276769,0.08514011,0.6169288,1.620209,0.0206616,0.03846686,0.01249896,0.009868045,0.01051981,1.224943E-05,0.01203043,1.495534E-05,0.003862495,0.03075209,0.0008712207,0.008702679,0.0006331883,0.007621988,2.480814E-05,0.005970419,0.0006111025,0.003360872,0.006970404,0.0003005667,0.003844291,0.01987793,0.007358962,0.004315166,0.005874489,0.02012947,0.03120705,0.09431534,0.02025786,0.01736415,0.07797505,0.3623821,0.01473245,0.3793358,0.000971454,0.02098336,0.1020759,0.03548318,0.1430361,0.02494154,0.09814478,0.5087979,0.03966558,0.08031494,0.0720137,0.02177807,0.01654109,0.137271,0.07838717,0.1385121,1.874769,0.05470778,0.08515748,0.3071674,0.07306159,8.816997,9.455862,19.08875,16.70022,33.47777,10.87251,27.29844,59.365
439,0.01949318,0.0426584,0.02840625,0.01032607,0.01125993,0.03885014,0.007288392,0.003104535,0.05449318,0.0322418,0.01960018,0.001279474,0.08556958,0.624273,1.63277,0.02061188,0.03845146,0.01204045,0.00992788,0.01050474,9.427936E-06,0.0117158,1.127308E-05,0.003581326,0.03075231,0.0008853863,0.00881786,0.0006341601,0.007673349,2.496338E-05,0.006004394,0.0006173201,0.00336482,0.00701134,0.0002792107,0.003807003,0.02005555,0.00741477,0.004351704,0.005957596,0.01931807,0.03046981,0.09410137,0.020338,0.01729335,0.0755837,0.3617224,0.01421806,0.3763738,0.0009740199,0.02098843,0.1013566,0.03648169,0.1410142,0.02497646,0.09922071,0.4910374,0.04084185,0.066967,0.05879543,0.02198517,0.01413976,0.1256223,0.07523209,0.1352936,1.915214,0.05910344,0.08564824,0.3041809,0.07354312,8.663488,9.5128,19.64854,17.02261,33.6483,11.60907,27.37415,60.18431
440,0.01949766,0.04266855,0.02840227,0.01032848,0.01125603,0.03889564,0.007286856,0.003107555,0.0547719,0.03237762,0.01954119,0.001282776,0.08603761,0.6318891,1.64674,0.02053287,0.03839552,0.01153776,0.009981982,0.01049731,7.192748E-06,0.01137764,9.046083E-06,0.003321258,0.03069767,0.0008927516,0.008919501,0.0006296168,0.007702809,2.50002E-05,0.006049522,0.000622631,0.003368209,0.007032616,0.0002436827,0.003609184,0.02013439,0.007469247,0.004396545,0.006052465,0.01848117,0.02945202,0.09387889,0.02037187,0.01720282,0.07273734,0.3580206,0.01366433,0.3711117,0.0009767362,0.02097964,0.1011278,0.03765754,0.1389424,0.02502011,0.1004283,0.4720945,0.0408463,0.05756308,0.04945605,0.02136831,0.01199633,0.1133341,0.0717014,0.1307045,1.971361,0.06455728,0.08610223,0.2936189,0.07435022,8.375649,9.46896,20.11447,17.41565,33.40749,12.11162,26.96045,60.6911
441,0.019504,0.04267414,0.0283969,0.0103321,0.01125168,0.0389442,0.007297667,0.003114385,0.0550267,0.0325065,0.01951225,0.001285474,0.08650266,0.6396624,1.659608,0.02052644,0.03838773,0.01103592,0.01001783,0.01050669,5.126004E-06,0.01104172,9.614548E-06,0.00308964,0.03046658,0.0008671639,0.008979236,0.0006108074,0.007635404,2.46516E-05,0.00604723,0.0006255975,0.003371314,0.006996257,0.0001888083,0.00328281,0.01991402,0.007477708,0.004444076,0.006131185,0.01766543,0.02827974,0.09353619,0.02029412,0.01718294,0.0698805,0.351788,0.01311235,0.3646666,0.0009783279,0.0208906,0.101319,0.03867349,0.1376703,0.02504987,0.1014802,0.4534634,0.03976205,0.05175617,0.04261141,0.02073337,0.01033613,0.1016866,0.06816687,0.1271788,2.047365,0.06955077,0.0851773,0.264934,0.07494862,7.996081,9.053381,20.35518,17.91403,33.97203,12.2121,27.49543,60.4506
442,0.01950456,0.04266651,0.02839204,0.01033319,0.01124135,0.03905127,0.007334423,0.003131016,0.05525059,0.03263108,0.0195721,0.001286195,0.08691752,0.647065,1.669851,0.0206425,0.0384766,0.0108279,0.01003595,0.01056274,5.230519E-06,0.01066406,1.448174E-05,0.002996766,0.03027132,0.0008706443,0.009055628,0.0006112129,0.007673069,2.43561E-05,0.006115195,0.000629201,0.00337144,0.006995552,0.0001691605,0.002964685,0.01974907,0.00747469,0.004492701,0.006215164,0.01726224,0.02785759,0.09293485,0.02015192,0.0173265,0.06891197,0.3460915,0.01287859,0.3580817,0.0009789818,0.02087566,0.1021612,0.03966014,0.1385867,0.02505252,0.102216,0.4381035,0.03677283,0.06155734,0.04257825,0.02287481,0.009727519,0.09617607,0.06806558,0.12728,2.100937,0.0749528,0.08603541,0.2488835,0.07611428,7.735776,8.799335,20.48825,18.26303,34.22908,11.9479,27.55335,61.11982
443,0.01950048,0.04265485,0.0283885,0.0103299,0.01122576,0.03916709,0.007382069,0.003152324,0.05545734,0.03275106,0.01966097,0.00128417,0.08719629,0.6541106,1.677858,0.02081071,0.03860982,0.01098796,0.0100185,0.01063429,6.40667E-06,0.01025804,1.705076E-05,0.003046078,0.0301728,0.0008798231,0.009124294,0.0006132533,0.007752887,2.398727E-05,0.006163764,0.00063474,0.003359894,0.00703439,0.0002533584,0.002845922,0.01981622,0.007496594,0.004539345,0.006293057,0.01756174,0.02823779,0.09273658,0.02002249,0.01750687,0.07057757,0.347269,0.01303594,0.3572984,0.0009779227,0.02089843,0.1031351,0.04043524,0.1398796,0.02503801,0.1022756,0.4422046,0.03240829,0.07649085,0.04460099,0.02564983,0.009756547,0.1004065,0.07035689,0.1287893,2.106642,0.07995272,0.08700176,0.2534576,0.07707405,7.809299,8.813643,20.47782,18.36485,33.66828,11.05277,26.81588,61.28418
444,0.01949687,0.04264126,0.02838553,0.01032594,0.01120819,0.03926549,0.007434024,0.003175576,0.05566089,0.03286873,0.01973171,0.001280851,0.08737344,0.6609105,1.684423,0.02099763,0.03875729,0.01127729,0.009989833,0.01069556,6.472977E-06,0.00984643,1.837836E-05,0.003140015,0.03013007,0.0008850204,0.009192589,0.0006129398,0.007833709,2.38323E-05,0.006214818,0.0006409855,0.003346809,0.007050127,0.0003085703,0.0030943,0.01995068,0.007529761,0.004574984,0.006322454,0.0181495,0.02894654,0.0929869,0.01999956,0.01758103,0.07273929,0.3515675,0.01336311,0.36124,0.0009782731,0.02093413,0.1036253,0.04070093,0.1411348,0.02501476,0.1017038,0.453813,0.02902685,0.07872535,0.04421723,0.02655424,0.009788642,0.107983,0.07314014,0.1303121,2.091134,0.08053811,0.08762829,0.265608,0.07770831,8.048232,8.935594,20.28148,18.28573,32.25647,9.420444,25.43551,59.95423
