TimeStep,"Blacktip Shark|Blacktip shark","Dusky Shark|Dusky shark","Sandbar Shark|Sandbar shark","Large Coastal Sharks|Large coastal sharks","Large Oceanic Sharks|Large oceanic sharks","Atlantic Sharpnose Shark|Atlantic sharpnose shark","Small Coastal Sharks|Small coastal sharks","Yellowfin Tuna|Yellowfin tuna","Bluefin Tuna|Bluefin tuna","Other Tunas|Other tunas",Billfish|Billfish,Swordfish|Swordfish,"Pelagic Coastal Piscivores|Pelagic coastal piscivores",Amberjack|Amberjack,Cobia|Cobia,"King Mackerel (1+)|King mackerel (1+yr)","Spanish Mackerel (0-1)|Spanish mackerel (0-1yr)","Spanish Mackerel (1+)|Spanish mackerel (1+yr)",Skates-rays|Skates-rays,"Gag grouper (0-3yr)|Gag grouper (0-3yr)","Gag grouper (3+yr)|Gag grouper (3+yr)","Red grouper (3+yr)|Red grouper (3+yr)","Yellowedge grouper (0-3yr)|Yellowedge grouper (0-3yr)","Yellowedge grouper (3+yr)|Yellowedge grouper (3+yr)","Goliath grouper|Goliath grouper","Deep-water grouper|Deep-water grouper","Shallow-water grouper|Shallow-water grouper","Red snapper (0yr)|Red snapper (0yr)","Red snapper (1-2yr)|Red snapper (1-2yr)","Red snapper (3+yr)|Red snapper (3+yr)","Vermilion snapper|Vermilion snapper","Mutton snapper|Mutton snapper","Other snapper|Other snapper","Inshore coastal piscivores|Inshore coastal piscivores","Sea trout|Sea trout","Oceanic piscivores|Oceanic piscivores","Benthic piscivores|Benthic piscivores","Reef piscivores|Reef piscivores","Reef invertebrate feeders|Reef invertebrate feeders","Demersal coastal invertebrate feeders|Demersal coastal invertebrate feeders","Red drum|Red drum","Benthic coastal invertebrate feeders|Benthic coastal invertebrate feeders",Tilefish|Tilefish,"Gray triggerfish|Gray triggerfish","Coastal omnivores|Coastal omnivores","Reef omnivores|Reef omnivores","Surface pelagics|Surface pelagics",Sardine-herring-scad|Sardine-herring-scad,"Menhaden (0yr)|Menhaden (0yr)","Menhaden (1yr)|Menhaden (1yr)","Menhaden (2yr)|Menhaden (2yr)","Menhaden (3yr)|Menhaden (3yr)","Menhaden (4yr)|Menhaden (4yr)",Anchovy-silverside-killifish|Anchovy-silverside-killifish,Mullet|Mullet,Butterfish|Butterfish,Cephalopod|Cephalopod,"Pink shrimp|Pink shrimp","Brown shrimp|Brown shrimp","White shrimp|White shrimp",Crab|Crab,"Sessile epifauna|Sessile epifauna","Mobile epifauna|Mobile epifauna",Zooplankton|Zooplankton
1,0.0003545598,0.0001084015,5.104041E-05,0.000504254,1.41818E-06,0.0003237949,8.408296E-05,0.003645681,1.559396E-05,0.002971573,0.0007147983,0.005732295,0.005213535,0.004384886,0.001240433,0.001581059,1.170537E-06,9.446314E-05,5.433018E-05,0.0001833749,0.001481743,0.001616837,2.210931E-09,0.0003918119,4.353586E-05,0.0005389758,0.00167673,1.346987E-09,0.0005326744,0.003148404,0.001264323,0.0008444936,0.00291339,0.006291898,0.01683404,0.0005062976,0.001950026,0.0004464321,0.005952215,0.0119032,0.003165532,0.009250257,3.550515E-05,0.001264049,0.009980764,0.0001224718,0.0004449411,0.0005240309,0.0001992021,0.01299231,0.006427045,0.0006546635,4.024663E-05,2.903963E-07,0.01986278,0.002679109,0.0005184555,0.01818898,0.1207534,0.05643777,0.08682941,0.02652897,0.03123755,0.00275817
2,0.0003546753,0.0001083171,5.136076E-05,0.000504287,1.417113E-06,0.000327919,8.407021E-05,0.003658432,1.587912E-05,0.00300355,0.0007154534,0.005749725,0.005480571,0.004379516,0.001229763,0.001478604,1.170157E-06,0.0001023517,5.45597E-05,0.0001781153,0.001474117,0.001595131,2.181592E-09,0.000402273,4.202081E-05,0.0005369463,0.001636899,1.151386E-09,0.0005286791,0.003136389,0.001264559,0.0008387414,0.002860125,0.006555611,0.01734371,0.0005151248,0.001948496,0.0004378943,0.006049457,0.01203725,0.003273957,0.009470231,3.536504E-05,0.001260296,0.009753761,0.0001198122,0.0004423138,0.000565024,0.0001733319,0.01324892,0.006452897,0.0006158074,4.241821E-05,3.128477E-07,0.02021201,0.002704206,0.0005195572,0.01623545,0.1189689,0.05763429,0.08496512,0.02755618,0.03133963,0.002634896
3,0.0003533391,0.0001083953,5.172032E-05,0.0005044413,1.415961E-06,0.0003303047,8.414327E-05,0.003672594,1.614954E-05,0.003037998,0.0007169842,0.005766728,0.005714662,0.004369071,0.001213277,0.001587243,1.165124E-06,0.0001076468,5.465927E-05,0.0001731668,0.001462079,0.001561986,2.108517E-09,0.0003984706,4.123064E-05,0.0005342764,0.001585779,9.444274E-10,0.0005129731,0.003120871,0.001264806,0.0008236917,0.002779283,0.006823561,0.0178464,0.0005238046,0.001953,0.00042561,0.006024507,0.01215158,0.003382992,0.009695978,3.5279E-05,0.001260748,0.009460204,0.0001156397,0.0004379073,0.0006045577,0.0001576606,0.01584241,0.007572158,0.0006593817,5.140775E-05,3.361988E-07,0.02054011,0.002732033,0.0005167946,0.01406648,0.1170332,0.05825247,0.08292484,0.02827881,0.03112951,0.002517853
4,0.0003520558,0.0001085373,5.199658E-05,0.0005045239,1.414752E-06,0.0003277729,8.417566E-05,0.003688339,1.642213E-05,0.003075915,0.0007187831,0.005784695,0.005780649,0.004351768,0.001208387,0.001738844,1.151649E-06,0.0001122071,5.455458E-05,0.0001713736,0.001454146,0.001542526,2.053438E-09,0.0003956318,4.112595E-05,0.0005316502,0.001549204,9.070941E-10,0.000519642,0.003118478,0.001263054,0.0008077853,0.002699855,0.007049695,0.01829368,0.0005323231,0.001954183,0.0004141149,0.006076134,0.01231893,0.003476506,0.009900168,3.519401E-05,0.001261725,0.009320501,0.0001113817,0.0004367012,0.0006364732,0.0001426504,0.01898118,0.009073869,0.0007282977,6.388774E-05,3.603223E-07,0.0210106,0.002757859,0.0005073859,0.01239984,0.1150109,0.05828062,0.08203046,0.02869536,0.03078062,0.002431057
5,0.0003527026,0.0001088411,5.236448E-05,0.0005044695,1.41351E-06,0.0003256773,8.413378E-05,0.003705814,1.669678E-05,0.003117625,0.0007209934,0.005803288,0.00586638,0.004335155,0.001215185,0.001754074,1.11998E-06,0.0001175892,5.47429E-05,0.0001709274,0.001453717,0.001553246,2.047625E-09,0.0003933706,4.173916E-05,0.0005293229,0.00154331,1.16772E-09,0.0005590721,0.00312338,0.001259731,0.0007961727,0.002648624,0.007215042,0.01869802,0.0005407485,0.00195234,0.0004123395,0.006292904,0.01250072,0.003549774,0.01007409,3.511232E-05,0.001262574,0.009331076,0.0001081254,0.0004371978,0.0006647988,0.0001295983,0.018491,0.009048413,0.000720073,7.133156E-05,3.839939E-07,0.02152605,0.002781415,0.0004951032,0.01165878,0.1131793,0.05817108,0.08134268,0.02911426,0.03040829,0.002397918
6,0.0003547906,0.0001094494,5.290442E-05,0.0005043639,1.412262E-06,0.0003262316,8.407892E-05,0.003727878,1.701473E-05,0.003170357,0.0007230933,0.005828468,0.00601477,0.004321583,0.001224224,0.001751097,1.274858E-06,0.000130542,5.515283E-05,0.0001721064,0.001456971,0.0015701,2.073148E-09,0.0003914916,4.267119E-05,0.000527424,0.001558608,1.372782E-09,0.0005888652,0.003129107,0.001256583,0.0007900272,0.002638988,0.007248607,0.01896139,0.0005483063,0.001950549,0.0004172441,0.006552175,0.01268118,0.003565422,0.01020564,3.504484E-05,0.001263668,0.00938627,0.0001072281,0.0004374126,0.0006897233,0.000119547,0.01763877,0.008986156,0.0007145676,7.859211E-05,4.059839E-07,0.02205578,0.002800248,0.0004849539,0.01164941,0.1123341,0.05850513,0.08070686,0.0292567,0.03018844,0.002426345
7,0.0003566412,0.0001101011,5.32885E-05,0.0005044311,1.411228E-06,0.0003271102,8.411948E-05,0.003761105,1.729948E-05,0.003229511,0.0007248487,0.005860336,0.005855673,0.004326511,0.001232435,0.00177824,1.206808E-06,0.0001322927,5.55568E-05,0.0001761446,0.001471456,0.00159483,2.118933E-09,0.0003912736,4.377624E-05,0.000526382,0.001583628,1.411647E-09,0.0005999509,0.003145436,0.001255629,0.00079003,0.002663403,0.006942686,0.01853752,0.0005405684,0.001954288,0.0004240581,0.006534022,0.01272055,0.003447266,0.01018807,3.501428E-05,0.001265575,0.00946827,0.0001084469,0.0004401232,0.0006507348,0.0001142457,0.01691119,0.008961347,0.0007201302,8.578489E-05,3.827894E-07,0.02136865,0.002803787,0.0004826343,0.01225678,0.113264,0.0592684,0.08114661,0.02832986,0.0304092,0.002519539
8,0.0003561869,0.0001103027,5.332628E-05,0.0005046581,1.410332E-06,0.000325893,8.422881E-05,0.003794897,1.739087E-05,0.003278042,0.0007251536,0.005874833,0.005255181,0.004342982,0.001232769,0.001774016,9.013137E-07,0.0001223727,5.6402E-05,0.0001800026,0.001484482,0.001613321,2.151396E-09,0.0003891936,4.481349E-05,0.0005260418,0.001610315,1.347484E-09,0.000593868,0.003150645,0.001256949,0.000794087,0.002706038,0.00653128,0.01779114,0.0005295941,0.001963864,0.0004284021,0.006203328,0.01265468,0.003273049,0.01005681,3.50234E-05,0.001268272,0.009534516,0.0001109425,0.0004401087,0.0005809946,0.0001141749,0.01764413,0.009071584,0.0007518161,9.50657E-05,3.416354E-07,0.02022696,0.002761238,0.000486765,0.01326795,0.1150009,0.05985418,0.08200956,0.02702418,0.03082422,0.002645439
9,0.0003545075,0.000109821,5.314095E-05,0.0005050091,1.40961E-06,0.0003230543,8.438563E-05,0.003821006,1.732728E-05,0.003309006,0.0007233637,0.00585688,0.004778509,0.004360706,0.001228162,0.001764306,7.775949E-07,7.962715E-05,5.766643E-05,0.0001841803,0.001493969,0.001622583,2.172716E-09,0.0003859442,4.558399E-05,0.0005263182,0.001633095,1.209301E-09,0.0005657378,0.003136043,0.001259956,0.0008007152,0.002758328,0.00611002,0.01684835,0.0005189235,0.001979382,0.0004302153,0.005795061,0.01244993,0.003085589,0.009798343,3.505985E-05,0.001270931,0.009584922,0.0001142431,0.0004368419,0.0005236277,0.000119314,0.01780823,0.008565878,0.0007420692,9.758127E-05,2.99529E-07,0.01896653,0.002687764,0.0004973021,0.01460688,0.1164792,0.05967302,0.08287887,0.0256242,0.03097822,0.002769992
10,0.0003533021,0.0001089088,5.286102E-05,0.0005052434,1.409016E-06,0.0003207267,8.448261E-05,0.003840918,1.736708E-05,0.003332524,0.0007212341,0.005844926,0.00449903,0.004365929,0.001230766,0.001722303,7.674374E-07,6.351778E-05,5.722972E-05,0.000188225,0.001499123,0.001621299,2.183701E-09,0.0003845534,4.557103E-05,0.0005276094,0.001640932,9.771947E-10,0.0005090451,0.00307037,0.001264482,0.0008092557,0.00281379,0.005705975,0.01581445,0.0005084791,0.001992649,0.0004345404,0.005447563,0.01206117,0.002920309,0.009411655,3.509333E-05,0.001272597,0.009716086,0.0001177387,0.0004378576,0.000469678,0.0001289776,0.01649491,0.007718825,0.0007188216,9.635709E-05,2.58748E-07,0.01778216,0.002637389,0.0005117265,0.01628709,0.1184001,0.05652473,0.0847575,0.02417167,0.03036185,0.002862735
11,0.0003520806,0.0001081738,5.270276E-05,0.0005052834,1.408503E-06,0.0003194607,8.448528E-05,0.003859649,1.760783E-05,0.003359222,0.0007197278,0.005852674,0.004576812,0.004350241,0.001235614,0.001615285,9.638571E-07,5.120581E-05,5.612256E-05,0.0001902882,0.00150062,0.00163288,2.174109E-09,0.0003838902,4.571228E-05,0.0005297074,0.001657322,1.003469E-09,0.0004519889,0.003026998,0.001267243,0.0008179549,0.002865333,0.005693141,0.01564628,0.0005042151,0.001988414,0.0004413989,0.00546983,0.01181014,0.002901402,0.009197218,3.51184E-05,0.001275546,0.009864326,0.0001208008,0.0004418551,0.0004600729,0.0001360505,0.01529612,0.006606008,0.0006427068,8.636966E-05,2.528211E-07,0.01803607,0.002638281,0.0005173606,0.0179893,0.1206498,0.05460127,0.08654316,0.02430101,0.03045817,0.002893161
12,0.0003509629,0.0001255842,0.0002398443,0.0005051845,2.222827E-06,0.0003950289,8.438038E-05,0.003872714,1.794558E-05,0.003387967,0.000718881,0.005867516,0.004763867,0.002784116,0.001080245,0.001404888,1.075243E-06,9.427975E-05,5.539828E-05,0.0001889355,0.001422319,0.001640913,2.179183E-09,0.001238642,0.0001534364,0.0005315769,0.001678062,1.284567E-09,0.0004395076,0.003143183,0.001386167,0.0007817995,0.002907981,0.005871457,0.01599317,0.0005093502,0.001974894,0.0004482248,0.005691949,0.01190603,0.002959933,0.009246705,0.0003147428,0.002672092,0.00998014,0.0001229062,0.0004443768,0.0004865958,0.0001373744,0.01054976,0.004909598,0.0004483956,6.05836E-05,2.684041E-07,0.0187984,0.002655094,0.0005181235,0.01903075,0.1252627,0.05009858,0.08969367,0.02537044,0.03086595,0.002852844
13,0.0003514659,0.0001251289,0.0002376472,0.0005050803,2.221497E-06,0.0003982222,8.426027E-05,0.00388333,1.829328E-05,0.003418908,0.0007189753,0.005884475,0.00498725,0.002788554,0.001085562,0.001319033,1.152736E-06,0.0001139861,5.510764E-05,0.0001863286,0.001423216,0.001645503,2.171561E-09,0.001186168,0.0001399206,0.0005315386,0.001673755,1.313345E-09,0.0004706964,0.003142374,0.001383567,0.0007870122,0.002910288,0.00612391,0.01651184,0.0005174527,0.001962976,0.0004481925,0.005942246,0.01210001,0.003050131,0.009416372,0.0003119034,0.002633956,0.009973576,0.0001231442,0.0004455808,0.0005252103,0.0001282463,0.01062666,0.005167443,0.0004324687,5.933884E-05,2.916863E-07,0.01953061,0.002673877,0.0005186404,0.01819709,0.1245051,0.05132208,0.08942615,0.02653671,0.03125358,0.002758071
14,0.0003516949,0.0001250311,0.0002364216,0.0005051418,2.219998E-06,0.0004019284,8.424928E-05,0.00389434,1.862625E-05,0.003453461,0.0007202576,0.005901455,0.005247989,0.002803769,0.001078883,0.001244578,1.202277E-06,0.0001253658,5.532742E-05,0.0001809835,0.001418084,0.001621858,2.14454E-09,0.00116453,0.0001223177,0.0005296234,0.001633478,1.122885E-09,0.0004681958,0.003129691,0.001382722,0.0007826576,0.002856817,0.006386018,0.01702109,0.0005261293,0.001961174,0.0004395555,0.006039222,0.01222971,0.003157634,0.0096338,0.0003084306,0.00258403,0.009746572,0.0001204395,0.0004427224,0.0005660699,0.0001114975,0.01051304,0.005560167,0.0004154516,5.730698E-05,3.142262E-07,0.01988427,0.002695697,0.0005197975,0.01624398,0.1221134,0.05247194,0.08741812,0.02756267,0.03135514,0.002634478
15,0.0003504619,0.0001251147,0.0002346029,0.0005053242,2.21836E-06,0.000403061,8.432379E-05,0.003906667,1.894186E-05,0.003490698,0.0007224148,0.005918011,0.005477454,0.002820861,0.001067613,0.00123051,1.232837E-06,0.0001314806,5.54156E-05,0.0001758989,0.001408692,0.001585792,2.074609E-09,0.001135812,0.0001060865,0.0005270772,0.001581831,9.215767E-10,0.0004553363,0.00311283,0.001381547,0.0007697354,0.002775709,0.006652239,0.01752306,0.0005346509,0.001965346,0.0004271411,0.006013538,0.01233936,0.003265786,0.00985632,0.0003047571,0.002532111,0.009451983,0.0001162052,0.0004379399,0.0006053285,9.161542E-05,0.01149199,0.006723302,0.0004346888,5.893153E-05,3.376176E-07,0.02021652,0.002718674,0.000517082,0.01407466,0.1195191,0.05310698,0.08520829,0.02828428,0.03114247,0.002516768
16,0.0003492794,0.0001252708,0.0002322215,0.0005054301,2.216628E-06,0.0003981248,8.43566E-05,0.003920375,1.925961E-05,0.00353167,0.0007248314,0.005935537,0.00554505,0.002834295,0.001066539,0.001187308,1.242699E-06,0.0001344557,5.529526E-05,0.0001740118,0.001403234,0.001564386,2.022226E-09,0.001109113,9.359961E-05,0.0005245714,0.001544877,8.863973E-10,0.0004624018,0.0031093,0.001378076,0.0007560185,0.002695995,0.006877438,0.01797,0.0005430146,0.001966029,0.0004154627,0.006063454,0.01250283,0.003358801,0.0100561,0.0003009603,0.002480726,0.009310899,0.0001118679,0.00043615,0.0006367288,7.257581E-05,0.01194169,0.007828399,0.000453789,5.987002E-05,3.616426E-07,0.02068653,0.002736536,0.000507686,0.0124078,0.1169022,0.05319832,0.08417356,0.02869971,0.03078987,0.002429305
17,0.0003500399,0.0001256154,0.0002302465,0.0005053974,2.214842E-06,0.0003937886,8.431346E-05,0.003935549,1.957947E-05,0.003576677,0.0007276564,0.005953677,0.005631494,0.002847645,0.001075688,0.001049672,1.236031E-06,0.0001356114,5.547222E-05,0.0001735332,0.001405065,0.001575145,2.017871E-09,0.001084644,8.497028E-05,0.0005223534,0.001538978,1.143275E-09,0.0004987783,0.003113361,0.001372851,0.0007463099,0.002644562,0.007043017,0.01837442,0.000551298,0.001963475,0.0004135031,0.006276789,0.01268078,0.003432089,0.01022464,0.0002972312,0.002431613,0.009319999,0.0001085167,0.000435931,0.0006643179,5.721787E-05,0.01000378,0.007349588,0.0004137804,5.303362E-05,3.85137E-07,0.0211997,0.002747582,0.0004953889,0.01166511,0.1145579,0.05315381,0.08335773,0.02911721,0.03041365,0.002395718
18,0.0003522465,0.0001263157,0.0002290528,0.0005053074,2.213048E-06,0.0003927265,8.42563E-05,0.003955619,1.994838E-05,0.003634072,0.0007303678,0.005978582,0.005777941,0.002862168,0.001086683,0.0009539559,1.238986E-06,0.0001361073,5.587368E-05,0.000174758,0.001410392,0.001592374,2.044016E-09,0.001061799,7.871167E-05,0.0005205511,0.001554511,1.344592E-09,0.0005263489,0.003118376,0.001367861,0.0007417122,0.00263484,0.007079244,0.01864068,0.0005587296,0.001960857,0.0004182436,0.006532243,0.0128572,0.003449224,0.01035007,0.0002937184,0.002386204,0.009373741,0.0001075244,0.0004354452,0.0006884312,4.602209E-05,0.008504086,0.007049692,0.0003891364,4.810427E-05,4.069012E-07,0.02172719,0.002753306,0.0004851912,0.01165344,0.113296,0.05350504,0.08260104,0.02925834,0.03019044,0.002423848
19,0.0003541907,0.0001270629,0.000227212,0.0005053866,2.211597E-06,0.0003921224,8.42936E-05,0.0039878,2.027902E-05,0.003698899,0.0007327125,0.00601033,0.00562432,0.002888046,0.001096791,0.0009112205,1.030844E-06,0.0001261603,5.626419E-05,0.000178888,0.001426324,0.001617481,2.090256E-09,0.001042536,7.3951E-05,0.0005195841,0.001579859,1.381546E-09,0.0005368977,0.003133703,0.00136534,0.0007428784,0.002659183,0.006780185,0.0182277,0.0005508999,0.00196373,0.0004249066,0.006511005,0.01289126,0.00333488,0.01032559,0.0002906237,0.002345479,0.009454543,0.0001086783,0.0004375443,0.0006484703,3.811819E-05,0.007337371,0.006877644,0.0003772952,4.493428E-05,3.833147E-07,0.02104872,0.002744977,0.000482774,0.01225884,0.1138971,0.05424408,0.08294535,0.02833154,0.03040903,0.002516826
20,0.0003537723,0.0001272767,0.0002239398,0.0005056214,2.210367E-06,0.0003890541,8.439794E-05,0.004021506,2.038742E-05,0.003752277,0.0007335418,0.006024215,0.005044337,0.002921121,0.001099664,0.0008764839,7.081754E-07,0.0001105003,5.709882E-05,0.0001828191,0.001440814,0.001635966,2.123494E-09,0.001019794,6.978135E-05,0.0005193006,0.001606936,1.318333E-09,0.0005319873,0.003137974,0.001365369,0.0007478449,0.002701706,0.006377009,0.01749504,0.0005398663,0.001972451,0.0004291168,0.006178523,0.01281956,0.003165518,0.0101865,0.0002879551,0.002308922,0.009520048,0.0001111326,0.0004370934,0.0005779146,3.25643E-05,0.006519191,0.006779336,0.0003718272,4.306802E-05,3.41893E-07,0.01992025,0.002692901,0.000486802,0.01326913,0.1153715,0.05481885,0.08372745,0.02702627,0.03082427,0.002642854
21,0.0003521042,0.0001266877,0.0002198341,0.000505977,2.209403E-06,0.0003841157,8.454853E-05,0.004048211,2.031564E-05,0.003786435,0.0007322173,0.006004808,0.004584548,0.002954742,0.001097944,0.0008336351,4.844176E-07,6.05528E-05,5.835893E-05,0.000187056,0.001451894,0.001644735,2.145967E-09,0.0009953544,6.563649E-05,0.0005196196,0.001630035,1.183379E-09,0.0005072356,0.00312241,0.001367313,0.0007552329,0.002753829,0.005964014,0.01656699,0.0005291609,0.001987153,0.0004308258,0.005770145,0.01260859,0.002983265,0.009919845,0.0002855995,0.002274588,0.009570135,0.0001144053,0.0004335991,0.0005202254,2.871285E-05,0.005221232,0.005775856,0.0003206559,3.641565E-05,2.996856E-07,0.01867446,0.002613431,0.0004972342,0.01460755,0.1166341,0.05469033,0.08452312,0.0256268,0.03098148,0.002768078
22,0.0003509151,0.0001255992,0.0002155248,0.0005062131,2.208646E-06,0.0003799383,8.464016E-05,0.004068627,2.036522E-05,0.003812066,0.0007305748,0.005991597,0.004316075,0.002979351,0.001102461,0.0007814656,3.061091E-07,3.83847E-05,5.789753E-05,0.0001911332,0.001458677,0.001642015,2.158557E-09,0.0009777113,6.057724E-05,0.0005209389,0.001638018,9.58017E-10,0.0004570073,0.003055427,0.00137099,0.000764413,0.002809105,0.005567899,0.01554767,0.0005186644,0.001999657,0.0004351224,0.005423706,0.01221367,0.002822738,0.009525748,0.0002833126,0.002241088,0.009701646,0.0001178774,0.0004346123,0.0004664716,2.525399E-05,0.003482456,0.003927765,0.0002310605,2.623501E-05,2.58903E-07,0.0175044,0.002561363,0.0005115255,0.01628739,0.1184005,0.0518476,0.08635227,0.02417472,0.03037198,0.002861709
23,0.0003497063,0.0001247231,0.0002118835,0.0005062513,2.208012E-06,0.0003771228,8.463796E-05,0.00408787,2.064744E-05,0.003841091,0.0007295901,0.00599857,0.004394175,0.002989477,0.001108863,0.0007338475,3.158929E-07,3.656358E-05,5.675837E-05,0.0001931681,0.001461957,0.001652645,2.150893E-09,0.0009632857,5.669652E-05,0.0005230532,0.001654675,9.894841E-10,0.0004065732,0.00301175,0.001372832,0.000773736,0.002860543,0.005557454,0.01538431,0.000514359,0.001994778,0.0004420326,0.005447002,0.01195905,0.00280576,0.009306882,0.0002810458,0.002212131,0.009851577,0.0001209109,0.0004388736,0.0004570713,2.149639E-05,0.002632152,0.003255264,0.0002002877,2.232534E-05,2.531252E-07,0.01775989,0.00256423,0.0005170857,0.01799213,0.1205441,0.05012292,0.08810234,0.02430321,0.03047824,0.002893377
24,0.0003318675,0.0001418156,0.0001760251,0.0005061526,2.501333E-06,0.0003595478,8.45285E-05,0.004101451,2.104188E-05,0.003872445,0.0007292838,0.006012866,0.004577226,0.007223498,0.001763301,0.0008749822,2.915374E-07,6.348814E-05,5.600765E-05,0.0001917674,0.001848945,0.001652105,2.158141E-09,0.001725805,3.852466E-05,0.0005249453,0.001675757,1.263508E-09,0.0003797241,0.002451514,0.002274843,0.0007918979,0.002903168,0.005734749,0.01572992,0.0005193832,0.00198065,0.0004490014,0.005670778,0.01205387,0.002864257,0.009354375,0.0003551262,0.002374564,0.00997088,0.0001230012,0.0004420359,0.0004837433,1.727044E-05,0.003222349,0.004195453,0.0002716036,2.777084E-05,2.690273E-07,0.01852038,0.002586163,0.000517833,0.01914584,0.1168048,0.05304431,0.08672229,0.02537114,0.03089779,0.002854435
25,0.0003324,0.0001412789,0.0001744173,0.0005060474,2.500016E-06,0.0003626792,8.440483E-05,0.004112613,2.144758E-05,0.003906345,0.000729928,0.006029376,0.004795557,0.007114174,0.001752899,0.0008503785,2.465609E-07,6.885763E-05,5.569638E-05,0.0001890946,0.001836548,0.001655758,2.152631E-09,0.001659073,3.833312E-05,0.0005249491,0.00167151,1.290366E-09,0.000406973,0.002469501,0.002257698,0.0007973266,0.002905481,0.005984919,0.01624563,0.0005273314,0.001968205,0.0004491977,0.005924579,0.01224639,0.002953677,0.009523361,0.0003508817,0.002340474,0.009969273,0.0001232469,0.0004441854,0.0005226085,1.455124E-05,0.00281985,0.004055254,0.0002896342,2.782826E-05,2.927692E-07,0.01925355,0.002612472,0.0005183636,0.01833206,0.1172387,0.05427449,0.0866183,0.02653608,0.03129779,0.002761174
26,0.000332688,0.0001411504,0.0001742547,0.000506111,2.498505E-06,0.0003666411,8.439214E-05,0.004124392,2.183605E-05,0.003944386,0.000731781,0.006045952,0.00505005,0.0069872,0.001717974,0.0009165903,2.258185E-07,7.242933E-05,5.590453E-05,0.0001836302,0.001814313,0.001629795,2.128025E-09,0.001605968,3.734679E-05,0.0005231003,0.001631112,1.106233E-09,0.0004053392,0.002480518,0.002240383,0.0007927677,0.002852222,0.00624493,0.01675301,0.0005358286,0.001966018,0.000440823,0.006026661,0.01237395,0.003060129,0.009740386,0.000346592,0.002306291,0.009747887,0.0001205794,0.0004424508,0.0005637865,1.307836E-05,0.002448766,0.004049289,0.0003326784,3.016525E-05,3.158553E-07,0.01961375,0.002642444,0.0005195255,0.01639632,0.1162401,0.05540404,0.08488076,0.02756102,0.0314115,0.00263946
27,0.0003315873,0.0001412305,0.0001738463,0.0005062976,2.496837E-06,0.0003683889,8.446736E-05,0.004137631,2.220439E-05,0.003985478,0.000734527,0.006062141,0.0052751,0.006859282,0.001676256,0.001040952,2.290319E-07,8.086233E-05,5.598199E-05,0.0001784359,0.001786514,0.001591091,2.060751E-09,0.001544621,3.597561E-05,0.0005206317,0.001579365,9.113713E-10,0.0003948983,0.002488027,0.002222122,0.0007794822,0.00277153,0.006509211,0.01725341,0.0005441615,0.001969941,0.0004286582,0.006006554,0.01248174,0.003167268,0.009962869,0.0003423086,0.002272576,0.009459232,0.0001163926,0.0004388779,0.000603462,1.163801E-05,0.001599908,0.002573802,0.0003024132,3.043733E-05,3.398624E-07,0.01995357,0.002673438,0.0005168231,0.01423993,0.1148889,0.05598993,0.08294664,0.02828198,0.0312095,0.00252326
28,0.0003305345,0.0001413958,0.00017305,0.0005064109,2.495066E-06,0.000364686,8.450425E-05,0.004152539,2.257485E-05,0.004030844,0.0007375615,0.006079357,0.005344465,0.006728992,0.001652134,0.001239115,2.587686E-07,8.918857E-05,5.58511E-05,0.0001765098,0.001764536,0.001567748,2.010765E-09,0.001488346,3.525908E-05,0.0005182117,0.001542524,8.787572E-10,0.0004016601,0.002505646,0.002200753,0.0007654361,0.002692448,0.006733594,0.0177002,0.0005523345,0.001970606,0.0004172876,0.006063298,0.01264482,0.003259749,0.01016339,0.0003379773,0.002239004,0.009324803,0.0001121278,0.0004383805,0.0006354716,1.028034E-05,0.001279441,0.001401698,0.0002949809,3.151975E-05,3.645108E-07,0.0204287,0.002701714,0.0005074528,0.01258794,0.1133313,0.05601304,0.08213992,0.0286968,0.03086543,0.002436454
29,0.0003313501,0.000141778,0.0001725313,0.0005063898,2.493233E-06,0.0003615605,8.447072E-05,0.00416933,2.294749E-05,0.00408095,0.0007410358,0.006097251,0.005432745,0.006607766,0.001645098,0.0009290157,3.011612E-07,9.687401E-05,5.60255E-05,0.0001760578,0.001752757,0.001577718,2.008602E-09,0.001437293,3.555073E-05,0.0005160859,0.001537097,1.130694E-09,0.0004336911,0.002528762,0.002177565,0.0007555016,0.002641821,0.006899754,0.0181055,0.0005604278,0.001968314,0.0004156808,0.006282723,0.01282293,0.00333303,0.01033289,0.0003337569,0.002206374,0.009340711,0.0001088722,0.0004394572,0.0006638567,9.562125E-06,0.001080259,0.001484827,0.0002737164,2.549223E-05,3.886356E-07,0.02094616,0.002727615,0.0004951851,0.0118564,0.1118779,0.05590453,0.08152872,0.0291135,0.0304947,0.002402285
30,0.0003335585,0.0001425673,0.0001725674,0.0005063155,2.491394E-06,0.0003614234,8.44286E-05,0.004191271,2.337591E-05,0.004144995,0.0007444136,0.006122096,0.005579354,0.006498294,0.001641878,0.0009594373,3.545836E-07,9.581273E-05,5.642997E-05,0.0001773966,0.001746135,0.001594427,2.037005E-09,0.001389988,3.629944E-05,0.0005143827,0.001553331,1.326441E-09,0.0004580496,0.002552019,0.002155706,0.0007507884,0.00263297,0.00693888,0.01837523,0.0005676709,0.001966162,0.0004207602,0.006543674,0.01299928,0.003351483,0.01045874,0.000329791,0.002175885,0.00940058,0.0001079666,0.0004401653,0.0006887962,8.670296E-06,0.001302363,0.001929253,0.0002946467,2.297523E-05,4.109399E-07,0.0214777,0.002748777,0.0004849922,0.01184639,0.1113353,0.05621972,0.0809554,0.02925392,0.03027414,0.002429235
31,0.00033551,0.0001434087,0.0001720835,0.0005064161,2.489955E-06,0.0003617033,8.448597E-05,0.004225629,2.376017E-05,0.004217398,0.0007474084,0.006153934,0.005433389,0.00642273,0.001638643,0.00116156,3.699654E-07,9.413422E-05,5.682351E-05,0.0001817054,0.001753403,0.001619156,2.085393E-09,0.001348842,3.721665E-05,0.0005135206,0.001579453,1.360024E-09,0.0004676156,0.002582958,0.00213852,0.0007519359,0.00265815,0.00664637,0.01797274,0.0005597003,0.001969646,0.0004277296,0.006527469,0.01303182,0.003240474,0.01043295,0.000326292,0.002148574,0.009485957,0.0001091684,0.0004431609,0.0006499353,8.346137E-06,0.001778307,0.002590577,0.000384067,2.665275E-05,3.876205E-07,0.02081082,0.002754256,0.0004825453,0.01244401,0.1124947,0.05694706,0.08143899,0.02832751,0.03049296,0.002521233
32,0.0003351762,0.0001436352,0.0001704603,0.0005066748,2.488766E-06,0.0003596639,8.461428E-05,0.004261775,2.388943E-05,0.004277335,0.0007488156,0.006167486,0.004873598,0.006368706,0.001626206,0.001266692,2.822337E-07,8.633708E-05,5.766668E-05,0.0001857976,0.001759372,0.001637127,2.120538E-09,0.001304661,3.79168E-05,0.0005133463,0.001607254,1.297005E-09,0.0004637853,0.002604421,0.002125917,0.0007569419,0.002701441,0.006250703,0.01725319,0.0005485608,0.001979063,0.000432207,0.006199101,0.01295751,0.003075354,0.01029074,0.0003232593,0.002123966,0.009554565,0.0001116402,0.000443364,0.0005806673,8.461276E-06,0.001846112,0.002897706,0.0004414768,3.027943E-05,3.463088E-07,0.01969592,0.002713884,0.0004865082,0.01344004,0.1144116,0.05750593,0.0823356,0.02702274,0.03090691,0.002647115
33,0.0003336471,0.0001429432,0.0001681363,0.0005070581,2.487883E-06,0.0003558402,8.479194E-05,0.004290972,2.380915E-05,0.004316135,0.0007479907,0.006146914,0.004429752,0.006319728,0.00160824,0.001273876,2.346233E-07,6.163311E-05,5.894351E-05,0.0001901736,0.001761547,0.001645115,2.144562E-09,0.00125986,3.810448E-05,0.0005137752,0.001630911,1.165148E-09,0.0004427275,0.002609059,0.002116789,0.0007643971,0.002754246,0.005844897,0.01633888,0.0005377758,0.001994497,0.0004341292,0.005792831,0.01274264,0.002897594,0.01001822,0.0003205683,0.002100348,0.009606597,0.0001149097,0.0004402869,0.000523693,8.963639E-06,0.00153169,0.002522978,0.0004048868,2.791259E-05,3.038678E-07,0.01846239,0.002642878,0.0004968224,0.01476162,0.1160363,0.0573311,0.08323123,0.02562316,0.03106195,0.002772097
34,0.0003325872,0.0001416854,0.0001656342,0.0005072786,2.487231E-06,0.0003527225,8.491532E-05,0.004312922,2.387147E-05,0.004344882,0.000746883,0.006132754,0.004170162,0.006256302,0.001600857,0.001222657,4.582422E-07,3.593603E-05,5.848984E-05,0.0001943511,0.001758768,0.001640987,2.157988E-09,0.001225441,3.70449E-05,0.0005151955,0.001639122,9.451057E-10,0.0003994678,0.002570458,0.002110866,0.0007736576,0.002810119,0.005455371,0.0153318,0.0005272003,0.002007696,0.000438539,0.005445623,0.01234098,0.00274114,0.009611813,0.0003179552,0.002076865,0.009739119,0.000118365,0.0004412378,0.0004692881,9.298762E-06,0.001785766,0.002811975,0.0004549319,2.879365E-05,2.624167E-07,0.01730091,0.002595037,0.0005109815,0.01642452,0.118066,0.05430965,0.08512568,0.0241712,0.03044588,0.002863831
35,0.0003315143,0.0001406765,0.0001636191,0.0005073281,2.48672E-06,0.0003508384,8.49491E-05,0.004332579,2.420343E-05,0.00437671,0.0007464879,0.006139238,0.004248882,0.006165931,0.001596964,0.0011342,8.433216E-07,5.651654E-05,5.735538E-05,0.0001964277,0.001752234,0.001650354,2.150055E-09,0.00119637,3.650323E-05,0.0005173997,0.001655986,9.801343E-10,0.0003559375,0.002549704,0.002102417,0.0007830489,0.002862005,0.005446527,0.0151715,0.000522819,0.002003398,0.0004454943,0.005466038,0.01208032,0.00272579,0.009377551,0.0003153618,0.002056905,0.009889109,0.0001213546,0.000445101,0.0004590623,8.695329E-06,0.002387619,0.003716445,0.0005590087,3.656296E-05,2.558092E-07,0.01755309,0.002598903,0.0005164575,0.01810852,0.120387,0.05245474,0.08692989,0.02429899,0.0305428,0.002892752
36,0.0001944363,0.0001691009,0.0002992492,0.000507255,2.778286E-06,0.0003380173,8.487671E-05,0.004345428,2.466537E-05,0.004410654,0.0007468041,0.006153288,0.004429833,0.003995563,0.001375894,0.001119739,1.054838E-06,6.659496E-05,5.661427E-05,0.0001949803,0.001919183,0.001708308,2.156556E-09,0.00106349,1.715549E-05,0.0005193793,0.001677195,1.256253E-09,0.0004227585,0.003710451,0.00155809,0.0009041067,0.002904794,0.005623008,0.01551588,0.0005277221,0.00198979,0.0004524165,0.005686932,0.01217049,0.002784309,0.009409675,0.000254618,0.001451105,0.01000732,0.0001233517,0.0004474761,0.0004849059,7.280394E-06,0.003815647,0.005821425,0.0008690173,5.414592E-05,2.713012E-07,0.0183073,0.002619467,0.0005171095,0.01897331,0.1198891,0.06315856,0.08573478,0.02536534,0.03095237,0.002851377
37,0.0001948773,0.0001684195,0.0002944134,0.0005071791,2.777031E-06,0.0003415254,8.478965E-05,0.004354785,2.514008E-05,0.004447024,0.0007480962,0.006169601,0.004645393,0.003971807,0.001375324,0.001001982,1.154569E-06,8.132928E-05,5.631641E-05,0.0001922113,0.001902771,0.001707486,2.148933E-09,0.001046458,1.829329E-05,0.000519485,0.001673059,1.286827E-09,0.0004512177,0.003689768,0.001552887,0.0009081712,0.002907313,0.005871394,0.01602985,0.0005355504,0.001977801,0.0004525249,0.005938755,0.01235914,0.002873108,0.00956845,0.0002524882,0.001450382,0.01000497,0.0001234935,0.00044883,0.0005229556,5.658717E-06,0.003758605,0.006270912,0.0009859271,6.070322E-05,2.947802E-07,0.01903667,0.002641848,0.0005176231,0.01816249,0.1199692,0.06445062,0.08569016,0.0265289,0.03134274,0.002757096
38,0.0001951995,0.000168221,0.0002909887,0.0005072588,2.775555E-06,0.0003457228,8.480799E-05,0.004364406,2.559433E-05,0.004487896,0.0007506228,0.006186018,0.004896493,0.003967671,0.001359762,0.001010062,1.091656E-06,8.708017E-05,5.654059E-05,0.0001866052,0.001877069,0.001675213,2.121574E-09,0.001023528,1.90115E-05,0.0005177523,0.001632594,1.10741E-09,0.0004480802,0.003649721,0.001551739,0.000900305,0.002854251,0.006129578,0.01653632,0.0005439258,0.001976031,0.0004440148,0.006039334,0.01248335,0.00297866,0.009777363,0.0002505977,0.001453686,0.009782565,0.0001206973,0.0004466029,0.0005636739,4.731648E-06,0.003704051,0.007055042,0.00120787,7.789658E-05,3.178316E-07,0.01939798,0.002666318,0.0005187752,0.01624929,0.1185488,0.06560273,0.08403781,0.02755299,0.03144883,0.002635138
39,0.0001947055,0.000168272,0.0002869336,0.000507434,2.773901E-06,0.0003478103,8.490842E-05,0.004375251,2.602481E-05,0.004532061,0.0007540577,0.006202003,0.005119482,0.003967895,0.001339128,0.001315494,1.011688E-06,8.75514E-05,5.663046E-05,0.0001812075,0.001845897,0.00162986,2.051237E-09,0.0009964529,1.945131E-05,0.0005154018,0.001580711,9.153117E-10,0.0004353916,0.003605143,0.00155074,0.0008824783,0.002773602,0.006391726,0.01703562,0.000552138,0.001980245,0.0004316698,0.006017258,0.01258805,0.003084794,0.00999292,0.0002487574,0.001457398,0.009492658,0.0001163633,0.0004426116,0.0006028966,4.327826E-06,0.004364629,0.007287306,0.001680842,0.0001289393,3.418029E-07,0.01973913,0.002689695,0.0005160933,0.01411914,0.1167991,0.06611758,0.08217876,0.02827376,0.03123999,0.002518834
40,0.0001942355,0.0001684273,0.0002822788,0.0005075411,2.772121E-06,0.0003447881,8.496843E-05,0.004386649,2.645709E-05,0.004580483,0.0007577885,0.00621902,0.005190884,0.003963897,0.001332157,0.001396289,9.077618E-07,8.336733E-05,5.650701E-05,0.000179078,0.001821135,0.001600878,1.997307E-09,0.0009719584,2.020695E-05,0.0005130927,0.001543883,8.832034E-10,0.0004415052,0.003577243,0.001547296,0.000863899,0.002694356,0.006614436,0.01748166,0.0005601969,0.001980837,0.0004200028,0.006070575,0.01274883,0.003176492,0.01018826,0.000246842,0.001459941,0.009356774,0.0001119553,0.0004413036,0.0006340378,4.075955E-06,0.005229199,0.008345701,0.002082265,0.0001661859,3.661925E-07,0.02021191,0.002704454,0.0005067989,0.01248853,0.1148558,0.06598175,0.08141156,0.02868905,0.03088797,0.002430811
41,0.0001948684,0.0001688434,0.0002781716,0.0005075336,2.770273E-06,0.000342319,8.495615E-05,0.004398547,2.68916E-05,0.004633537,0.0007619589,0.006236673,0.005279868,0.003960251,0.001338296,0.001023149,7.592839E-07,7.846656E-05,5.668966E-05,0.0001784179,0.001807354,0.001606559,1.989889E-09,0.0009500271,2.148844E-05,0.0005110628,0.001538591,1.13298E-09,0.0004748268,0.003559661,0.001541902,0.000850122,0.002643472,0.006779775,0.0178871,0.0005681823,0.00197808,0.000418064,0.006282304,0.01292494,0.003249357,0.01035544,0.0002449407,0.00146154,0.009370316,0.0001085833,0.000441227,0.0006611791,3.917419E-06,0.002982463,0.006913248,0.001518529,0.0001224986,3.899377E-07,0.02072618,0.002711249,0.0004946499,0.01175947,0.1130422,0.06571031,0.08082766,0.0291063,0.03050986,0.002395967
42,0.000196325,0.0001697471,0.0002750328,0.0005074847,2.768411E-06,0.0003426536,8.49321E-05,0.004415845,2.738911E-05,0.004702052,0.0007660256,0.006261413,0.005425042,0.003958655,0.00134695,0.0007490806,6.062242E-07,7.278199E-05,5.710229E-05,0.0001795985,0.001798958,0.0016194,2.011508E-09,0.0009294681,2.299224E-05,0.000509432,0.001554874,1.325905E-09,0.0004996147,0.003544713,0.001536815,0.0008423792,0.002634235,0.006820142,0.01815927,0.0005753156,0.001975327,0.0004227702,0.006534625,0.01309956,0.003268637,0.01048146,0.0002431622,0.001463094,0.009427598,0.0001075695,0.0004408513,0.0006849689,3.804938E-06,0.002211194,0.007022167,0.001379186,0.0001058882,4.118146E-07,0.02125492,0.002713972,0.0004845544,0.01173751,0.1122158,0.06595812,0.08027916,0.02924718,0.0302832,0.002423193
43,0.0001976154,0.0001707093,0.0002711636,0.0005075783,2.767009E-06,0.0003433568,8.500359E-05,0.004446983,2.783537E-05,0.004780334,0.0007696728,0.006293231,0.00528413,0.003974322,0.001355233,0.0006757947,4.62241E-07,6.454121E-05,5.75002E-05,0.0001837843,0.001805332,0.001640761,2.05116E-09,0.0009124582,2.458768E-05,0.000508613,0.001580974,1.356286E-09,0.000508377,0.003542517,0.00153452,0.0008413353,0.002658906,0.006532638,0.01776492,0.0005673048,0.001978215,0.0004294155,0.006511698,0.01312974,0.00316044,0.01045638,0.0002416767,0.001465474,0.009510545,0.0001086836,0.000442996,0.0006456397,3.649661E-06,0.00179195,0.006867951,0.001342631,0.0001063226,3.882366E-07,0.02059422,0.002704804,0.0004821278,0.01231382,0.1131934,0.06670476,0.08078156,0.02832177,0.03049748,0.002516225
44,0.0001975285,0.0001709254,0.0002656106,0.000507836,2.765883E-06,0.0003418221,8.51419E-05,0.004481502,2.798866E-05,0.004845649,0.0007716379,0.006306266,0.004741488,0.004000104,0.001355217,0.0006194845,3.114951E-07,5.231364E-05,5.834925E-05,0.0001877388,0.001810366,0.001655424,2.076044E-09,0.0008923569,2.607733E-05,0.0005084575,0.001608702,1.291021E-09,0.0005027701,0.003529115,0.001535066,0.0008446964,0.002701626,0.006143278,0.01705559,0.0005561521,0.001987094,0.0004336826,0.006180414,0.01305281,0.002998976,0.010315,0.0002404896,0.001468587,0.009576976,0.0001110867,0.0004427172,0.0005770823,3.624553E-06,0.001269142,0.005908264,0.001202481,0.0001000021,3.469562E-07,0.01948957,0.002655658,0.0004860919,0.01328517,0.1150067,0.06726197,0.08170019,0.02701785,0.03090942,0.002643895
45,0.0001967208,0.0001700349,0.000259106,0.0005082161,2.765105E-06,0.0003385649,8.532633E-05,0.004510228,2.789832E-05,0.004888338,0.0007712653,0.006284392,0.004311502,0.004026346,0.001349874,0.000585559,2.057815E-07,2.961989E-05,5.963756E-05,0.0001919756,0.001811497,0.001660147,2.088476E-09,0.0008708645,2.727077E-05,0.000508888,0.001632276,1.157184E-09,0.0004787504,0.003494592,0.001537768,0.0008508631,0.002753919,0.005743722,0.01615266,0.0005453657,0.002002084,0.0004354954,0.005773443,0.01283555,0.00282511,0.01004529,0.0002395162,0.00147142,0.009627284,0.0001143102,0.0004394969,0.0005208706,3.641141E-06,0.0007219161,0.003741272,0.0008116008,7.320172E-05,3.045824E-07,0.01826702,0.002580085,0.0004964461,0.01458311,0.1165809,0.06696761,0.08262434,0.02561889,0.03106424,0.00277066
46,0.0001961869,0.0001684729,0.0002525828,0.0005084339,2.764591E-06,0.0003359663,8.545707E-05,0.004531832,2.797541E-05,0.004919766,0.0007706432,0.00626908,0.004057954,0.004040382,0.00135301,0.0005097416,2.057381E-07,2.352397E-05,5.918636E-05,0.0001960027,0.00180743,0.001652519,2.088328E-09,0.0008554032,2.762749E-05,0.0005102935,0.001640402,9.356702E-10,0.0004310207,0.003403289,0.00154248,0.0008591163,0.002809471,0.005360128,0.01515736,0.0005347734,0.002015005,0.0004398133,0.005426,0.0124323,0.002672155,0.009646683,0.0002385656,0.001473419,0.009758469,0.0001177532,0.0004404162,0.0004666662,3.412262E-06,0.000477298,0.002533562,0.0005984167,5.659262E-05,2.631279E-07,0.01711574,0.002529544,0.0005107166,0.01622688,0.1186096,0.06334981,0.08455128,0.02416755,0.03044961,0.002865245
47,0.000195645,0.0001672166,0.0002470305,0.0005084812,2.764227E-06,0.0003345269,8.549964E-05,0.004551144,2.836487E-05,0.004954345,0.0007708051,0.006274871,0.004134321,0.004034045,0.001358804,0.0004940729,2.89139E-07,2.052005E-05,5.804092E-05,0.0001979098,0.001799607,0.001659016,2.06516E-09,0.0008428665,2.819083E-05,0.000512471,0.001657431,9.698984E-10,0.0003835021,0.003340404,0.001545032,0.0008675971,0.002861378,0.005352907,0.01500335,0.0005303483,0.002010568,0.0004467444,0.005444717,0.01217211,0.00265796,0.009424366,0.0002375969,0.001477236,0.00990831,0.0001207946,0.0004445708,0.0004567411,3.628811E-06,0.0004983393,0.002827268,0.0006791812,6.438101E-05,2.564809E-07,0.01736937,0.002531886,0.0005164495,0.01790602,0.1209711,0.06113332,0.08640829,0.02429538,0.03055023,0.002897597
48,0.0002446487,0.0002064384,0.0001699883,0.0005084213,2.90889E-06,0.0003387458,8.543654E-05,0.004563724,2.890483E-05,0.004991312,0.0007717232,0.006288399,0.004311206,0.003626147,0.001484611,0.000566593,3.370556E-07,2.24008E-05,5.728911E-05,0.0001963008,0.001118705,0.001619049,2.054117E-09,0.0007657708,5.033076E-05,0.0005144331,0.001679021,1.236014E-09,0.0002163662,0.003193596,0.003444109,0.0009038748,0.002904516,0.005529347,0.01535131,0.0005351354,0.001996889,0.0004537278,0.005665969,0.01226465,0.002716199,0.009471023,0.0003198528,0.0007257948,0.01002744,0.000122917,0.0004475106,0.0004832329,4.46709E-06,0.0007811814,0.004195,0.0009951374,9.567491E-05,2.72189E-07,0.01812381,0.002552876,0.0005173967,0.01900622,0.1397187,0.03454037,0.0987931,0.02536143,0.03096401,0.002858682
49,0.000245213,0.0002055175,0.0001682788,0.0005083671,2.907779E-06,0.0003423337,8.535933E-05,0.004573204,2.94595E-05,0.005031143,0.0007736536,0.006304272,0.004522731,0.003621293,0.001484759,0.0005371589,3.330491E-07,2.849019E-05,5.698292E-05,0.0001933875,0.001128117,0.001620403,2.027403E-09,0.0007591376,4.9872E-05,0.0005145483,0.001675212,1.258224E-09,0.0002332799,0.003191886,0.003395717,0.0009077436,0.002907541,0.005777124,0.01586711,0.0005428256,0.001984957,0.0004539885,0.005920449,0.01245409,0.002804194,0.009639501,0.0003170516,0.0007358819,0.01002659,0.0001232508,0.0004494043,0.0005220489,5.645203E-06,0.0008652576,0.004529316,0.001114044,0.0001136048,2.959194E-07,0.01885493,0.002578318,0.0005181207,0.01821188,0.136774,0.03556251,0.09819814,0.02652474,0.03135819,0.002765
50,0.0002455979,0.0002051829,0.0001681536,0.0005084558,2.906435E-06,0.0003465048,8.538571E-05,0.004582879,2.999035E-05,0.005075956,0.0007768544,0.006320271,0.004769681,0.003625426,0.001465662,0.000524325,3.451179E-07,3.42974E-05,5.720341E-05,0.0001876006,0.001133933,0.001591898,1.984252E-09,0.0007479885,4.751202E-05,0.0005128397,0.001634786,1.076426E-09,0.000233769,0.003179321,0.003340734,0.0009001109,0.002854982,0.006034995,0.01637578,0.0005510702,0.001983239,0.000445626,0.006024909,0.01257782,0.002908819,0.00985613,0.0003141035,0.0007484218,0.009805427,0.0001206646,0.0004475001,0.00056335,7.745116E-06,0.0009196494,0.004407028,0.001178698,0.0001276592,3.191558E-07,0.01922156,0.002607798,0.0005194588,0.01630237,0.1318975,0.0365772,0.09561798,0.02754876,0.03146533,0.00264195
51,0.0002449396,0.0002051529,0.0001678358,0.0005086383,2.904901E-06,0.0003485326,8.549036E-05,0.004593765,3.049339E-05,0.005124405,0.0007809743,0.006335869,0.004989472,0.003631018,0.001440413,0.0005379345,3.974053E-07,3.448675E-05,5.728779E-05,0.0001819478,0.001136087,0.001550746,1.91477E-09,0.000733332,4.476456E-05,0.0005105243,0.001582833,8.852675E-10,0.0002290766,0.003162931,0.003283666,0.0008825861,0.002774829,0.006297107,0.01687748,0.0005591565,0.001987529,0.0004334411,0.006007615,0.0126816,0.00301433,0.01007832,0.0003110967,0.0007611701,0.009516341,0.0001165321,0.0004437082,0.0006031342,1.060918E-05,0.001166247,0.004817701,0.001442823,0.0001519902,3.432864E-07,0.01956798,0.002638595,0.0005169357,0.01416647,0.1271502,0.03723261,0.09282915,0.0282695,0.03125639,0.002524255
52,0.0002443059,0.000205251,0.0001671636,0.0005087508,2.903237E-06,0.0003454584,8.555211E-05,0.004606073,3.099795E-05,0.005177937,0.0007853602,0.006352512,0.005061855,0.003632307,0.001430255,0.0005721457,4.899216E-07,3.750916E-05,5.715543E-05,0.0001795565,0.001141241,0.001525248,1.861762E-09,0.0007199659,4.296273E-05,0.0005082581,0.001546018,8.525776E-10,0.000234148,0.003161089,0.003223633,0.0008643357,0.002696256,0.006520546,0.01732641,0.000567086,0.001988421,0.0004220418,0.006066919,0.01284161,0.003105918,0.01027843,0.000307993,0.0007732039,0.009380891,0.000112309,0.000442743,0.0006352956,1.416159E-05,0.001720024,0.005903628,0.001972588,0.000203381,3.679011E-07,0.02004359,0.002666498,0.0005077213,0.01252339,0.1227818,0.03749055,0.09134895,0.02868412,0.03090462,0.002436366
53,0.0002450716,0.0002056714,0.0001667409,0.000508751,2.901494E-06,0.0003429613,8.554079E-05,0.004620033,3.150451E-05,0.005237152,0.000790173,0.0063698,0.005152037,0.003634163,0.001434507,0.0006124079,6.172203E-07,4.174976E-05,5.73312E-05,0.0001786673,0.001152258,0.001533243,1.852676E-09,0.0007082082,4.240729E-05,0.0005062821,0.001540876,1.092199E-09,0.0002536681,0.003167841,0.00316328,0.0008509184,0.002646148,0.006687448,0.0177347,0.0005749389,0.001986227,0.0004203954,0.006285598,0.01301659,0.0031792,0.01044762,0.0003049378,0.0007845759,0.009394582,0.0001090801,0.0004431306,0.0006638033,1.798556E-05,0.002515431,0.006030343,0.002496417,0.0002632204,3.918946E-07,0.02055941,0.002690662,0.0004955855,0.01178427,0.1190395,0.0376315,0.09014521,0.02910027,0.03052611,0.002401887
54,0.0002468824,0.0002066908,0.0001668189,0.0005087147,2.899746E-06,0.0003432904,8.551745E-05,0.004639498,3.208261E-05,0.005313546,0.0007949044,0.006394372,0.005297492,0.003638194,0.001441469,0.000666299,7.523644E-07,4.74486E-05,5.773884E-05,0.000179657,0.001165802,0.001548132,1.870731E-09,0.000697161,4.246657E-05,0.0005047229,0.001557345,1.273624E-09,0.0002686761,0.003175992,0.003107189,0.0008435296,0.002637637,0.006730588,0.01801079,0.0005819367,0.001984061,0.0004253692,0.006544594,0.01318959,0.003199812,0.01057366,0.000302063,0.0007957094,0.009451811,0.0001081642,0.0004431227,0.0006888691,1.994054E-05,0.003568416,0.005493047,0.002896793,0.0003277152,4.139872E-07,0.02108902,0.002709386,0.000485466,0.01175879,0.1166684,0.03803145,0.08903112,0.02924028,0.03029849,0.002429282
55,0.0002484766,0.0002077807,0.0001663897,0.0005088275,2.898488E-06,0.0003440018,8.559012E-05,0.004672664,3.26015E-05,0.005400644,0.0007992243,0.006426179,0.005161856,0.003658259,0.001448025,0.0007273541,7.236573E-07,4.819716E-05,5.812968E-05,0.0001836438,0.00118801,0.001571357,1.906075E-09,0.0006886972,4.283593E-05,0.0005039875,0.001583625,1.297536E-09,0.0002749882,0.003194504,0.003059809,0.0008428239,0.002663007,0.006447551,0.01762377,0.0005738743,0.001987463,0.0004322416,0.006527144,0.01321763,0.003094187,0.01054784,0.0002995743,0.0008070656,0.009534655,0.0001093354,0.0004455079,0.0006504185,1.970867E-05,0.004655877,0.004763824,0.003032574,0.0003749509,3.903367E-07,0.02043451,0.002713087,0.0004830265,0.01234091,0.116384,0.03869275,0.08909676,0.02831512,0.03051111,0.002521843
56,0.0002483154,0.0002079495,0.0001648265,0.0005091136,2.897528E-06,0.0003424651,8.57284E-05,0.004709,3.278386E-05,0.00547355,0.000801776,0.006438803,0.004633569,0.003687781,0.001445826,0.0007898044,5.494111E-07,4.5746E-05,5.897451E-05,0.0001873461,0.001208715,0.001588113,1.928554E-09,0.0006776516,4.31243E-05,0.0005039271,0.00161151,1.231199E-09,0.0002733602,0.003201625,0.003020521,0.0008464872,0.002706375,0.006063011,0.01692278,0.0005627098,0.001996753,0.0004366639,0.006198371,0.0131384,0.002935822,0.01040522,0.0002974732,0.0008186371,0.009600769,0.0001117756,0.0004452623,0.0005818515,2.186799E-05,0.005929726,0.004299941,0.003198793,0.0004392291,3.487389E-07,0.0193373,0.002672738,0.0004870012,0.01332519,0.1171382,0.03922918,0.08963604,0.02701164,0.0309197,0.002647552
57,0.0002472447,0.0002067614,0.0001625384,0.0005095265,2.89694E-06,0.0003392028,8.591075E-05,0.004739258,3.26828E-05,0.005521669,0.0008018657,0.006415769,0.004214485,0.003717785,0.001438104,0.0008740119,4.42736E-07,3.014809E-05,6.026305E-05,0.0001912841,0.001226241,0.001595127,1.940401E-09,0.0006652798,4.30329E-05,0.0005044568,0.001635191,1.101784E-09,0.0002615341,0.003187874,0.002987539,0.0008529105,0.002759249,0.005668086,0.0160283,0.0005519317,0.002012041,0.0004385531,0.005792118,0.01291863,0.002765169,0.01013365,0.000295651,0.0008298946,0.00965047,0.0001150213,0.0004418941,0.0005254007,2.830767E-05,0.007051675,0.003699019,0.003127536,0.0004918992,3.060618E-07,0.01812256,0.002602461,0.0004973823,0.01463896,0.1177942,0.0392568,0.09020489,0.02561291,0.03106968,0.002772245
58,0.0002465278,0.0002047613,0.0001601505,0.0005097748,2.896619E-06,0.0003366262,8.603786E-05,0.004761505,3.277837E-05,0.005556733,0.0008017245,0.006399504,0.00396609,0.003736412,0.001439732,0.0009754262,4.356969E-07,2.410742E-05,5.979841E-05,0.0001949658,0.001239498,0.001589679,1.940911E-09,0.0006570332,4.184936E-05,0.00050596,0.001643297,8.914217E-10,0.0002366583,0.003119255,0.002960487,0.0008613713,0.002815285,0.005288851,0.01504063,0.0005413384,0.002025142,0.0004429152,0.005445269,0.01251277,0.002615113,0.009732548,0.0002938779,0.000840335,0.009781141,0.0001184699,0.0004426835,0.0004711881,4.005744E-05,0.007574429,0.003313627,0.002892675,0.0005199299,2.644342E-07,0.01697906,0.002555247,0.0005116594,0.01629787,0.1190707,0.03733169,0.09187127,0.0241621,0.03045068,0.002865304
59,0.0002458022,0.0002031461,0.0001582863,0.0005098507,2.896458E-06,0.0003352194,8.607401E-05,0.004780667,3.32358E-05,0.005594611,0.0008024321,0.006404793,0.004042122,0.003736186,0.001444311,0.001059607,5.858535E-07,1.586288E-05,5.862969E-05,0.0001964944,0.00124955,0.001597755,1.920057E-09,0.000650693,4.113217E-05,0.0005082295,0.001660318,9.287136E-10,0.0002116143,0.003076448,0.002930753,0.0008699927,0.002867554,0.005282879,0.01488903,0.0005368847,0.002020763,0.0004498799,0.005465254,0.01225082,0.002602143,0.009508267,0.0002920991,0.0008516055,0.00993058,0.0001215061,0.000446673,0.0004613884,5.743858E-05,0.007994977,0.00283649,0.002423929,0.0004907532,2.578338E-07,0.01723319,0.002559707,0.000517346,0.01798751,0.120808,0.03618171,0.09347378,0.02428914,0.03054692,0.002896422
60,0.0003076608,0.0002468257,0.0001302949,0.0005098194,6.298455E-06,0.0003809777,8.600045E-05,0.004792441,3.386744E-05,0.005634763,0.0008039387,0.006417996,0.004217311,0.005605353,0.001583099,0.0009508688,7.091166E-07,2.021482E-05,5.785664E-05,0.0001944956,0.001990351,0.001572489,1.911079E-09,0.0005432624,9.623464E-05,0.000510282,0.001681878,1.180417E-09,0.0001058529,0.003461983,0.003670484,0.0002767982,0.002910929,0.005458766,0.01523652,0.0005415793,0.002006997,0.0004568771,0.005687358,0.01234203,0.002660709,0.009553118,0.00028276,0.0007480543,0.01004919,0.0001236127,0.0004494018,0.0004881259,8.108326E-05,0.006477465,0.002531252,0.001829378,0.0004264507,2.735578E-07,0.01798519,0.002581585,0.0005182397,0.01943978,0.0945652,0.06227473,0.07871159,0.02535366,0.030956,0.002856403
61,0.0003083186,0.0002456112,0.0001298164,0.0005097928,6.296429E-06,0.0003842307,8.590961E-05,0.004800656,3.451584E-05,0.00567784,0.0008064884,0.006433618,0.004427026,0.005549125,0.001580805,0.0009969256,8.085283E-07,3.035949E-05,5.753156E-05,0.0001912889,0.001972607,0.001574655,1.888357E-09,0.0005426354,8.635232E-05,0.0005104943,0.001677847,1.201477E-09,0.0001136921,0.003455969,0.003605626,0.0002819226,0.002913968,0.005705177,0.01575063,0.0005491676,0.001994901,0.0004570916,0.005941742,0.01252971,0.002748722,0.009720164,0.0002805436,0.000758434,0.01004718,0.0001239044,0.0004509909,0.0005271829,0.0001084764,0.007271244,0.002928525,0.001761959,0.0004743812,2.972839E-07,0.01871491,0.002606854,0.0005189363,0.0186047,0.09753155,0.06346361,0.07893683,0.02651576,0.0313451,0.002761743
62,0.0003087587,0.0002451013,0.0001303907,0.0005099098,6.293875E-06,0.0003878362,8.592346E-05,0.004808967,3.513626E-05,0.005726307,0.0008103476,0.006449369,0.004671836,0.005491648,0.001557604,0.001017609,8.7721E-07,3.893656E-05,5.773954E-05,0.0001853176,0.00194058,0.001546999,1.846077E-09,0.0005378785,7.371807E-05,0.0005088999,0.001637109,1.029955E-09,0.0001136602,0.003435545,0.003542154,0.0002846605,0.002861247,0.00596201,0.01625833,0.0005573077,0.001993028,0.0004486368,0.006045642,0.01265134,0.002853233,0.009935612,0.0002784595,0.000768807,0.009824322,0.0001212628,0.0004486594,0.0005686765,0.0001371912,0.008045859,0.003165185,0.001570585,0.0005012268,3.204421E-07,0.01908229,0.002635293,0.0005202724,0.01662949,0.0996659,0.06445382,0.07780483,0.02753884,0.03144614,0.002637834
63,0.0003078869,0.0002449593,0.0001307508,0.0005101221,6.290899E-06,0.0003889654,8.601944E-05,0.004818541,3.572413E-05,0.005778763,0.0008151581,0.006464717,0.004890468,0.005434712,0.001528091,0.001064344,9.277363E-07,4.451914E-05,5.781262E-05,0.0001796961,0.001901686,0.001506723,1.782091E-09,0.0005305803,6.255091E-05,0.0005067085,0.001584852,8.480577E-10,0.0001111468,0.003411209,0.003478631,0.0002845032,0.002780869,0.00622351,0.01675962,0.0005652918,0.001997208,0.000436335,0.006027533,0.01275289,0.002958648,0.01015652,0.0002764013,0.000778597,0.009533136,0.0001170738,0.0004443782,0.0006085831,0.0001609964,0.009717512,0.003676096,0.001413738,0.0005310079,3.444464E-07,0.01942919,0.002664501,0.000517749,0.01442611,0.1012171,0.06481118,0.07648015,0.02825898,0.03122962,0.002519495
64,0.0003070522,0.0002449749,0.0001308172,0.0005102647,6.287624E-06,0.0003844457,8.607841E-05,0.00482961,3.631293E-05,0.005836724,0.0008202492,0.006481115,0.004964717,0.005373779,0.001515244,0.001084577,9.61375E-07,4.924472E-05,5.766909E-05,0.0001774288,0.001869665,0.001481887,1.734738E-09,0.000523928,5.467097E-05,0.000504571,0.0015478,8.19012E-10,0.000113289,0.003404075,0.003413004,0.0002840074,0.002702043,0.006447218,0.01720887,0.0005731242,0.001997991,0.000424801,0.006085366,0.01291111,0.003050327,0.01035487,0.0002742724,0.0007874554,0.009395111,0.0001127915,0.0004429028,0.0006406865,0.000171135,0.01194773,0.004656741,0.001267575,0.000573242,3.688961E-07,0.01990305,0.002689785,0.0005084941,0.01272962,0.1021827,0.06454619,0.07614377,0.02867316,0.03086917,0.002431305
65,0.0003079919,0.0002453791,0.0001310678,0.0005102949,6.284182E-06,0.0003806423,8.607014E-05,0.004842411,3.690356E-05,0.005900878,0.0008257874,0.00649816,0.005056472,0.005317041,0.00151809,0.001004179,9.580676E-07,5.312248E-05,5.7839E-05,0.0001767317,0.001849709,0.001490295,1.728796E-09,0.0005183319,5.002157E-05,0.0005027256,0.001542596,1.054663E-09,0.0001223101,0.003407802,0.003347618,0.0002848733,0.002651736,0.006615324,0.01761832,0.000580879,0.001995658,0.0004230411,0.006302414,0.01308431,0.003123935,0.01052159,0.0002721776,0.0007956456,0.009406138,0.0001095022,0.0004427544,0.0006689559,0.0001660715,0.01233891,0.005307427,0.0009671237,0.0005287667,3.926658E-07,0.02041605,0.002709156,0.0004962971,0.01196448,0.1028607,0.06416322,0.07594161,0.02908872,0.03048135,0.002396755
66,0.0003102555,0.0002465033,0.0001317037,0.0005102905,6.28073E-06,0.0003800258,8.605547E-05,0.004860888,3.757516E-05,0.005983888,0.000831264,0.006522655,0.005202332,0.005266756,0.001523945,0.0009211329,1.063044E-06,5.843884E-05,5.824518E-05,0.0001779252,0.001836084,0.001505692,1.74859E-09,0.000513141,4.721367E-05,0.0005012947,0.001559172,1.23457E-09,0.0001292022,0.00341431,0.00328694,0.0002875186,0.002643186,0.006660657,0.01789697,0.0005877729,0.001993309,0.0004279169,0.006559176,0.01325517,0.003145546,0.01064433,0.0002702234,0.00080366,0.009460368,0.0001085371,0.000442113,0.000693622,0.0001507499,0.01304355,0.006469997,0.0007466901,0.0004852002,4.144751E-07,0.02094244,0.002720672,0.0004861067,0.01193417,0.1040603,0.06429484,0.07572927,0.02922842,0.03024342,0.002423612
67,0.0003122381,0.0002477076,0.00013193,0.0005104335,6.278366E-06,0.0003798913,8.614204E-05,0.004893296,3.817834E-05,0.00607862,0.0008363108,0.006554521,0.005069348,0.005242828,0.001529698,0.0008690237,9.587175E-07,5.622853E-05,5.863551E-05,0.0001821314,0.001838044,0.001529495,1.785768E-09,0.0005098471,4.533126E-05,0.000500682,0.001585624,1.260775E-09,0.0001319487,0.003433047,0.003235366,0.0002922449,0.002668635,0.00638089,0.01751507,0.0005796874,0.001996443,0.0004346343,0.006536999,0.01328015,0.003041904,0.01061436,0.0002685939,0.0008119494,0.009539725,0.000109667,0.0004436632,0.000654073,0.0001314187,0.01385132,0.007765432,0.0006072722,0.0004481544,3.902609E-07,0.02028986,0.002713111,0.0004835904,0.01252472,0.1065957,0.06491943,0.07646858,0.02830376,0.0304444,0.002514671
68,0.0003119864,0.0002477973,0.0001312297,0.0005107557,6.276664E-06,0.0003773085,8.629788E-05,0.004928872,3.839452E-05,0.00615783,0.0008394615,0.00656676,0.004548812,0.005234332,0.001526426,0.0008214276,6.449025E-07,4.768934E-05,5.948467E-05,0.0001860849,0.00183917,0.001547111,1.812147E-09,0.0005045371,4.353932E-05,0.0005007373,0.001613676,1.19842E-09,0.0001308905,0.003440163,0.003191981,0.0002983687,0.002712066,0.005999828,0.01681969,0.0005685362,0.002005349,0.000438799,0.006200589,0.01319727,0.002885936,0.0104664,0.0002672857,0.000820536,0.009601845,0.0001120608,0.0004423524,0.0005835115,0.0001131094,0.01524825,0.008499853,0.0005147608,0.0004265166,3.479237E-07,0.01919598,0.002656738,0.00048748,0.01352353,0.1096171,0.06536583,0.07757261,0.02700122,0.03084033,0.002638748
69,0.0003105816,0.0002462568,0.0001299212,0.0005112051,6.275762E-06,0.0003728529,8.650037E-05,0.004958114,3.828113E-05,0.006209861,0.0008399913,0.006542599,0.004135354,0.005227651,0.001517444,0.000775878,4.633211E-07,2.889943E-05,6.078347E-05,0.0001903194,0.001836812,0.001555207,1.82995E-09,0.0004980973,4.136365E-05,0.0005013695,0.001637457,1.073579E-09,0.0001249634,0.003424869,0.003155005,0.0003054098,0.00276492,0.005608286,0.01593042,0.0005577904,0.002020121,0.0004403343,0.005786204,0.01297332,0.002717773,0.01018818,0.0002662033,0.0008288983,0.009647136,0.0001152504,0.0004377857,0.000525185,9.869058E-05,0.01550725,0.008063509,0.000401864,0.000369724,3.046721E-07,0.01798588,0.002566922,0.0004977518,0.01485592,0.1121631,0.06498645,0.0786553,0.02560364,0.03097716,0.002761883
70,0.0003096235,0.0002437603,0.0001285234,0.000511479,6.275438E-06,0.0003692476,8.664974E-05,0.004978496,3.839847E-05,0.006246752,0.0008403225,0.006525377,0.003890653,0.005206499,0.00151876,0.000730835,5.28111E-07,2.309994E-05,6.032012E-05,0.0001943602,0.001829347,0.001550806,1.838445E-09,0.000494445,3.787098E-05,0.0005029571,0.001645578,8.695415E-10,0.0001128812,0.003349278,0.003124236,0.0003131482,0.002820801,0.005232322,0.0149475,0.0005472277,0.002032584,0.0004443401,0.005432445,0.01256368,0.002569967,0.009780042,0.000265142,0.0008363985,0.009773417,0.0001186278,0.0004374741,0.000470145,8.924915E-05,0.01440084,0.007180845,0.0003349837,0.0003117281,2.628311E-07,0.01684831,0.002499177,0.0005118563,0.01653726,0.1149356,0.06139357,0.08067174,0.0241538,0.03034974,0.002852784
71,0.0003086509,0.0002417344,0.0001275304,0.0005115753,6.275441E-06,0.000366978,8.670933E-05,0.004995424,3.893502E-05,0.006286119,0.0008415855,0.006530114,0.003966272,0.005160135,0.001523129,0.0006947944,7.846895E-07,2.119196E-05,5.914894E-05,0.0001962676,0.001818469,0.001559645,1.828137E-09,0.000492026,3.563534E-05,0.0005052896,0.001662721,9.085942E-10,0.0001007368,0.003303219,0.003090184,0.0003209385,0.002872815,0.005227825,0.01479755,0.0005427865,0.00202755,0.0004509679,0.005447429,0.01229878,0.002557617,0.009547736,0.0002640544,0.0008447152,0.009918229,0.0001215136,0.0004403269,0.0004596087,7.969119E-05,0.01308197,0.00662052,0.0003016087,0.0002679776,2.562918E-07,0.01710028,0.002483832,0.0005173128,0.018241,0.1178813,0.05915916,0.08260959,0.02428068,0.03044151,0.002881758
72,0.0005697769,0.0003057215,0.0001781394,0.0005115588,8.654407E-06,0.000434949,8.66597E-05,0.005004979,3.967318E-05,0.006327923,0.0008436937,0.006542948,0.004139032,0.008566484,0.001840098,0.0007659437,9.16253E-07,9.410797E-05,5.837709E-05,0.0001946327,0.001714687,0.001790214,1.831082E-09,0.000370279,2.700186E-05,0.0005073911,0.001684465,1.149281E-09,8.961772E-05,0.003309166,0.003907387,0.0007103435,0.002915842,0.005404117,0.01514454,0.0005474412,0.002012999,0.0004576644,0.005664122,0.01238751,0.002615729,0.009584969,0.0003308085,0.001695435,0.01003271,0.0001233938,0.0004421069,0.0004854845,6.971517E-05,0.01249417,0.006521998,0.0002980293,0.0002324827,2.717477E-07,0.01784541,0.002488737,0.0005180129,0.0183386,0.1288639,0.09289857,0.0820342,0.02534457,0.03084952,0.002840482
73,0.000570557,0.0003039996,0.0001768832,0.0005115407,8.652085E-06,0.0004372052,8.659194E-05,0.005011465,4.042986E-05,0.006373225,0.0008468828,0.006558238,0.004345742,0.008343727,0.001830261,0.0007387368,8.539939E-07,0.0001188957,5.805604E-05,0.0001917442,0.001705671,0.001779196,1.820321E-09,0.0003724679,2.739659E-05,0.0005076414,0.001680382,1.166296E-09,9.549804E-05,0.003320615,0.003830201,0.0007179837,0.002918294,0.005650505,0.01565793,0.0005549652,0.002000098,0.0004576298,0.005913307,0.01257258,0.002702837,0.009745467,0.0003279708,0.001691828,0.01002745,0.0001234102,0.0004430401,0.0005237244,5.855302E-05,0.01226162,0.006482452,0.000327375,0.0002156722,2.951778E-07,0.0185683,0.002501851,0.0005185577,0.01756497,0.1279922,0.09413882,0.08217621,0.0265062,0.03124096,0.002745534
74,0.0005708138,0.0003031278,0.0001766666,0.0005116611,8.649034E-06,0.0004395691,8.662442E-05,0.005019267,4.115335E-05,0.006425165,0.0008514202,0.006573684,0.004586623,0.008109337,0.001793992,0.0007409933,7.030599E-07,0.0001292414,5.82718E-05,0.0001860671,0.001688608,0.0017323,1.784246E-09,0.0003711647,2.649607E-05,0.0005060784,0.001639519,1.000075E-09,9.484231E-05,0.003318086,0.00375315,0.0007150714,0.002865116,0.005906903,0.0161652,0.0005630082,0.001997619,0.0004490947,0.00601549,0.01269123,0.002806131,0.009954838,0.0003250237,0.001682222,0.009804092,0.0001205529,0.0004404871,0.0005645751,4.660202E-05,0.010961,0.006297255,0.0003467941,0.0001930756,3.180538E-07,0.01893109,0.002524603,0.0005197472,0.0157301,0.125393,0.09508827,0.08075313,0.02752921,0.03135145,0.002624308
75,0.000568589,0.0003027038,0.0001760551,0.0005118698,8.645387E-06,0.0004390658,8.673479E-05,0.005029537,4.183871E-05,0.006482082,0.0008569428,0.006588719,0.004801701,0.007882798,0.00175087,0.0007837111,5.419379E-07,0.0001229043,5.835195E-05,0.0001806781,0.001666098,0.001672099,1.727441E-09,0.0003681192,2.516938E-05,0.0005039065,0.001587173,8.250348E-10,9.22247E-05,0.003310311,0.003675892,0.0007039256,0.002784478,0.006167324,0.01666537,0.0005708753,0.002001389,0.0004368318,0.005998614,0.01279018,0.002910065,0.01017034,0.0003220439,0.001670536,0.009514522,0.0001162378,0.0004363979,0.0006041416,3.596269E-05,0.01003325,0.006226153,0.0004013443,0.0002119989,3.419403E-07,0.01927484,0.002552826,0.0005170722,0.01368432,0.1226212,0.09515726,0.0791064,0.02824976,0.03115029,0.002510255
76,0.000566401,0.0003024724,0.0001750416,0.0005120075,8.641338E-06,0.0004323036,8.680616E-05,0.005042074,4.252468E-05,0.006545417,0.0008627672,0.006604842,0.004874629,0.00766224,0.001728228,0.0008160377,4.026827E-07,0.0001083024,5.82149E-05,0.000178638,0.001649339,0.001631049,1.686005E-09,0.0003653602,2.464902E-05,0.0005017769,0.001550123,7.980145E-10,9.353994E-05,0.003318208,0.003597486,0.0006919209,0.002705517,0.006389577,0.01711316,0.0005785828,0.002001941,0.0004254185,0.006058861,0.01294695,0.003000185,0.01036497,0.0003189799,0.001657745,0.009379165,0.0001119125,0.0004354651,0.0006361509,2.72699E-05,0.00671932,0.00472552,0.0003804361,0.0001772205,3.665289E-07,0.0197464,0.002580271,0.000507688,0.01212118,0.1199062,0.09437785,0.0785111,0.02866488,0.03080823,0.002425032
77,0.0005674774,0.0003027229,0.0001742889,0.0005120304,8.637044E-06,0.0004264661,8.680985E-05,0.00505717,4.321249E-05,0.006615939,0.0008690796,0.006621663,0.004964975,0.007459296,0.001724376,0.0006251629,3.160068E-07,9.785335E-05,5.839557E-05,0.0001781864,0.001642652,0.001628885,1.683872E-09,0.0003632585,2.520775E-05,0.0004999314,0.001545083,1.026374E-09,0.0001005671,0.003335689,0.003520781,0.000683413,0.002655191,0.006556476,0.01752124,0.0005862108,0.001999618,0.0004238368,0.006278878,0.01311976,0.003072404,0.01052988,0.0003159729,0.001644939,0.009394167,0.0001086484,0.0004362197,0.0006646643,2.211077E-05,0.005155603,0.004085121,0.0003378983,0.0001098711,3.906719E-07,0.02025899,0.002606571,0.0004953959,0.01143513,0.1175279,0.09349835,0.07810224,0.02908137,0.03044136,0.002392522
78,0.0005709949,0.0003038587,0.0001740586,0.0005120164,8.63274E-06,0.0004242728,8.680618E-05,0.005078869,4.399228E-05,0.00670769,0.0008753432,0.006646097,0.005108816,0.007275807,0.001724471,0.0005591405,2.570115E-07,9.078917E-05,5.881615E-05,0.0001796483,0.001640534,0.001635645,1.706127E-09,0.0003613963,2.627102E-05,0.0004984955,0.001562004,1.199527E-09,0.0001058674,0.003354631,0.003450239,0.0006794509,0.002646732,0.006601877,0.01779945,0.0005929655,0.00199754,0.000428962,0.006539978,0.01329086,0.003093703,0.01065206,0.0003131574,0.001633206,0.009453529,0.0001077359,0.0004367822,0.0006899717,1.941793E-05,0.004726139,0.004306962,0.0003861147,8.460822E-05,4.130668E-07,0.02078696,0.002629456,0.0004851171,0.01143707,0.1162697,0.09344386,0.07772067,0.02922234,0.03022532,0.002420792
79,0.0005739724,0.0003050888,0.0001732994,0.000512149,8.629944E-06,0.0004227391,8.690347E-05,0.005115534,4.469295E-05,0.006812911,0.0008811338,0.006678046,0.004978736,0.007141211,0.001725332,0.0006263783,2.29743E-07,9.016805E-05,5.922214E-05,0.0001841641,0.001651875,0.001652885,1.744925E-09,0.0003608858,2.742601E-05,0.0004978762,0.001588911,1.223512E-09,0.0001077976,0.003384309,0.003390267,0.0006806614,0.002672359,0.006324708,0.01742047,0.000584816,0.002001238,0.0004360091,0.006525056,0.01331604,0.002991657,0.01062195,0.0003107499,0.001623369,0.009538243,0.000108928,0.0004396129,0.0006518348,1.716768E-05,0.003924151,0.004364046,0.0004291612,7.371142E-05,3.897294E-07,0.02014292,0.002637325,0.0004825049,0.01201941,0.116893,0.09412854,0.07834533,0.02829995,0.03044836,0.002514185
80,0.0005728052,0.0003049307,0.0001713383,0.0005124591,8.628083E-06,0.0004185729,8.706982E-05,0.005156303,4.494903E-05,0.00690206,0.0008848833,0.006690014,0.004467377,0.007034418,0.001716846,0.0007522064,1.739504E-07,8.914169E-05,6.009222E-05,0.0001884327,0.001661619,0.001664145,1.772931E-09,0.0003589283,2.82314E-05,0.0004979297,0.001617466,1.162477E-09,0.0001066858,0.003401054,0.003339552,0.0006853421,0.002716099,0.005947042,0.01672956,0.0005736306,0.002011028,0.0004405868,0.006197644,0.01323366,0.00283805,0.01047477,0.0003087439,0.001615301,0.009605885,0.0001113926,0.0004397187,0.0005831358,1.547591E-05,0.003054541,0.004329536,0.00044254,6.850977E-05,3.484032E-07,0.01906029,0.002600942,0.0004863009,0.01298398,0.1183776,0.09455153,0.07935696,0.02699969,0.03086685,0.002641799
81,0.0005695281,0.0003027636,0.0001686253,0.0005128986,8.627345E-06,0.0004123981,8.728358E-05,0.00519145,4.482195E-05,0.006962315,0.0008858439,0.00666489,0.004061979,0.006935031,0.001702499,0.0008754517,1.388344E-07,6.219632E-05,6.142031E-05,0.0001930016,0.00166739,0.001665669,1.79237E-09,0.0003561025,2.838768E-05,0.00049857,0.001641746,1.042137E-09,0.0001016851,0.003394054,0.003296198,0.0006922714,0.002769438,0.005558971,0.01584554,0.000562863,0.002027013,0.0004426031,0.005792562,0.01301047,0.00267248,0.01019797,0.0003070256,0.001607808,0.009656897,0.0001146608,0.000436647,0.0005267063,1.528874E-05,0.002161874,0.003611315,0.0003782585,5.573259E-05,3.059355E-07,0.01786076,0.002534611,0.0004964781,0.01426398,0.11964,0.0937837,0.08035629,0.02560362,0.03102647,0.002768306
82,0.0005671111,0.0002994415,0.0001658816,0.0005131695,8.627407E-06,0.000407338,8.744788E-05,0.005217669,4.496594E-05,0.007005808,0.000886661,0.006646924,0.003823841,0.006821907,0.001700658,0.0009624115,2.711917E-07,3.819199E-05,6.098547E-05,0.0001974125,0.001667762,0.001654052,1.802666E-09,0.0003550601,2.709794E-05,0.0005001793,0.001650323,8.467372E-10,9.177802E-05,0.00332561,0.00325995,0.0007008768,0.002826077,0.00518639,0.01486784,0.0005522624,0.002041132,0.0004471158,0.005446881,0.01260072,0.00252706,0.009789592,0.0003053655,0.001599803,0.009788978,0.0001181326,0.0004376343,0.0004726812,1.555852E-05,0.001942059,0.003372019,0.0003398182,4.757074E-05,2.644236E-07,0.01673161,0.0024911,0.0005105301,0.01587907,0.1213618,0.0883466,0.08231784,0.02415389,0.03041624,0.002861754
83,0.0005647082,0.0002967211,0.0001637319,0.0005132725,8.627941E-06,0.0004038503,8.752671E-05,0.005239971,4.559593E-05,0.007051499,0.0008885386,0.006651407,0.003901491,0.006678053,0.001702664,0.0009981358,5.180121E-07,5.893591E-05,5.983352E-05,0.0001996407,0.001664317,0.001657513,1.794573E-09,0.0003548069,2.662047E-05,0.0005025475,0.00166798,8.883668E-10,8.192952E-05,0.003285344,0.003220217,0.0007096769,0.002879102,0.005182628,0.01472003,0.0005477392,0.002038075,0.0004542795,0.005467491,0.01233633,0.002515114,0.009557171,0.0003036984,0.001594266,0.009940105,0.0001211858,0.0004417513,0.0004628956,1.683787E-05,0.003107443,0.004907797,0.0004082392,5.280576E-05,2.579029E-07,0.01698646,0.002498731,0.0005161012,0.01752526,0.1234502,0.0849825,0.08420823,0.02427958,0.03051772,0.002890602
84,0.0003366119,0.000363027,0.0001169952,0.0005132707,8.914661E-06,0.0005612973,8.749922E-05,0.005254093,4.645959E-05,0.007099417,0.0008913676,0.006664254,0.004074703,0.009174041,0.001360277,0.0008297144,6.763575E-07,5.020605E-05,5.908139E-05,0.0001982805,0.001313658,0.001357697,1.799755E-09,0.0003184281,4.513938E-05,0.0005047033,0.001690225,1.125535E-09,7.128516E-05,0.003111391,0.003531637,0.001119254,0.002923292,0.005358333,0.01506866,0.0005522446,0.00202538,0.0004615054,0.005690728,0.01242576,0.002572211,0.009592343,0.000517961,0.0009653216,0.01006076,0.0001233046,0.0004446265,0.0004896991,1.781155E-05,0.00610316,0.008825745,0.0006463279,7.723855E-05,2.737254E-07,0.01773386,0.002523655,0.0005169332,0.0192693,0.1651464,0.0976599,0.1401148,0.02534279,0.03093031,0.002847799
85,0.0003372597,0.0003607001,0.0001166927,0.0005132763,8.912845E-06,0.0005599025,8.74555E-05,0.005264123,4.734513E-05,0.007150626,0.0008953596,0.006679659,0.004281391,0.008842217,0.001366216,0.000775207,7.758164E-07,6.714537E-05,5.878183E-05,0.0001954832,0.001318962,0.001368588,1.791622E-09,0.0003197866,4.148975E-05,0.0005050328,0.00168658,1.145526E-09,7.607682E-05,0.0031335,0.003470233,0.001118758,0.002927014,0.00560359,0.01558352,0.0005596175,0.002014306,0.0004619711,0.005947664,0.012611,0.002657773,0.009749698,0.0005099938,0.0009702369,0.01006137,0.0001236199,0.0004464416,0.0005288737,1.755901E-05,0.00651276,0.01034982,0.0007599356,8.692786E-05,2.975795E-07,0.01845966,0.002551838,0.000517558,0.01846385,0.1575478,0.09938277,0.1368201,0.02650393,0.03132271,0.002753334
86,0.0003377729,0.0003593904,0.000117412,0.0005134235,8.910299E-06,0.0005575663,8.7503E-05,0.005274237,4.8192E-05,0.007208367,0.0009007848,0.006695275,0.004521896,0.008510508,0.001355198,0.0006625542,7.522413E-07,8.080783E-05,5.902162E-05,0.000189731,0.001318624,0.001354387,1.758804E-09,0.000319166,3.558524E-05,0.0005035688,0.001645892,9.857031E-10,7.565726E-05,0.003142583,0.003411452,0.001102346,0.002874728,0.00585849,0.01609173,0.0005675366,0.002013549,0.0004537244,0.00605556,0.01272927,0.00275918,0.009954716,0.0005010976,0.0009774761,0.00984193,0.0001209976,0.0004445316,0.0005707216,1.629372E-05,0.005784277,0.01076817,0.0008698209,9.786711E-05,3.209447E-07,0.01882782,0.00258291,0.0005187744,0.01652869,0.1477677,0.1008727,0.1303337,0.02752666,0.03143222,0.002632076
87,0.000336864,0.0003586134,0.0001179549,0.0005136626,8.907123E-06,0.0005514315,8.761498E-05,0.005285725,4.899435E-05,0.007270935,0.0009072504,0.006710512,0.004737485,0.008197536,0.001338266,0.000721103,7.763251E-07,9.225805E-05,5.912383E-05,0.0001840808,0.001313683,0.001328591,1.705537E-09,0.0003169805,3.035124E-05,0.0005015055,0.001593558,8.15279E-10,7.365768E-05,0.003146045,0.00335193,0.001073913,0.002794561,0.006116601,0.01659061,0.0005753048,0.002018909,0.0004415816,0.006041662,0.01282715,0.002861011,0.01016424,0.0004920852,0.000984773,0.009554629,0.0001168065,0.0004408034,0.0006110934,1.470957E-05,0.004940191,0.007764833,0.0008989463,0.0001169791,3.452215E-07,0.01917613,0.002614302,0.000516138,0.01436584,0.1389632,0.1014021,0.1238158,0.02824765,0.03122776,0.002516613
88,0.0003359768,0.0003580643,0.0001182395,0.0005138294,8.903538E-06,0.0005378343,8.767352E-05,0.005298563,4.979617E-05,0.007340033,0.0009140361,0.006726863,0.004812844,0.007900542,0.00133577,0.0008102199,8.461801E-07,0.0001006796,5.900392E-05,0.0001816147,0.001312643,0.00131607,1.667069E-09,0.0003149337,2.720409E-05,0.0004994867,0.001556484,7.892322E-10,7.477649E-05,0.003163387,0.003290628,0.001044918,0.002715773,0.006336505,0.01703517,0.0005829281,0.00202083,0.0004302158,0.006103608,0.01298216,0.002949272,0.01035096,0.0004831025,0.0009911447,0.009420823,0.0001125064,0.000439769,0.0006434196,1.256638E-05,0.006841694,0.009781854,0.00121399,0.000146182,3.699109E-07,0.01964903,0.002641267,0.0005068392,0.01270699,0.131385,0.1009577,0.1193993,0.0286638,0.03087694,0.002426452
89,0.0003370307,0.0003580809,0.0001186811,0.0005138819,8.899704E-06,0.0005258051,8.764974E-05,0.005312329,5.05993E-05,0.007416192,0.0009213323,0.006743927,0.004904712,0.00762933,0.001346417,0.000624374,8.818282E-07,0.0001074366,5.920091E-05,0.0001805615,0.001318954,0.00133319,1.667107E-09,0.0003134173,2.605018E-05,0.0004977449,0.001551236,1.010304E-09,8.039244E-05,0.003188741,0.00322977,0.001021958,0.002665185,0.006501248,0.01743788,0.0005904898,0.002019478,0.000428597,0.006321727,0.01315244,0.003019922,0.01050638,0.0004744145,0.0009966799,0.009435745,0.0001091832,0.0004397148,0.0006714117,1.045775E-05,0.006531903,0.01245683,0.001466406,0.0001304521,3.938235E-07,0.02016051,0.002661905,0.0004946404,0.01196226,0.1250929,0.1003383,0.1156558,0.02908144,0.03049803,0.002388362
90,0.0003395346,0.0003591376,0.0001194573,0.0005138944,8.895871E-06,0.0005185391,8.760337E-05,0.005331059,5.150641E-05,0.007514723,0.0009285886,0.00676871,0.005048643,0.007384081,0.001358869,0.0005562429,8.90377E-07,0.0001110673,5.963676E-05,0.0001813206,0.00132832,0.001356081,1.690944E-09,0.0003121011,2.592662E-05,0.0004963971,0.001567609,1.175286E-09,8.457911E-05,0.003214413,0.003173266,0.001006399,0.002655912,0.006545647,0.01771082,0.000597178,0.002017955,0.0004335413,0.006577364,0.01332045,0.0030408,0.01061934,0.0004662174,0.001001932,0.00949348,0.0001081471,0.0004389515,0.0006955282,8.716798E-06,0.007062452,0.0156176,0.001910925,0.0001347696,4.156298E-07,0.02068554,0.00267459,0.0004844328,0.01193099,0.1206944,0.1005608,0.1122747,0.02922329,0.03026775,0.002411669
91,0.0003417055,0.0003602954,0.0001198462,0.0005140483,8.893615E-06,0.0005124911,8.764286E-05,0.005364285,5.23214E-05,0.007627585,0.0009353228,0.006801082,0.004921082,0.007201918,0.001371074,0.0005730384,8.662079E-07,0.0001004862,6.005562E-05,0.0001850216,0.00134799,0.001386437,1.731033E-09,0.0003119667,2.604027E-05,0.0004958451,0.001593619,1.194389E-09,8.604453E-05,0.003249614,0.003125445,0.0009989182,0.002680157,0.006270457,0.01733137,0.0005890603,0.002021959,0.0004403239,0.006553544,0.013343,0.002940499,0.0105843,0.000458832,0.001007462,0.009575775,0.0001092014,0.0004402981,0.0006555492,7.709008E-06,0.007439825,0.01760227,0.002477261,0.0001594627,3.914179E-07,0.02004216,0.002669789,0.0004818227,0.01250144,0.118793,0.1015403,0.1105129,0.02830145,0.03047672,0.002501156
92,0.0003413747,0.0003598007,0.0001193613,0.0005143149,8.892306E-06,0.0005035692,8.773543E-05,0.005401863,5.262503E-05,0.007723158,0.0009398153,0.00681302,0.004416544,0.007051896,0.001374746,0.0005624562,6.779551E-07,9.01395E-05,6.094151E-05,0.0001883363,0.001365984,0.001410542,1.760022E-09,0.0003106018,2.578033E-05,0.0004959397,0.001620984,1.13134E-09,8.505626E-05,0.003271501,0.003085252,0.0009967643,0.002721952,0.005895809,0.01664215,0.000577939,0.002031927,0.0004445891,0.006216892,0.01325822,0.002789527,0.01043448,0.0004522172,0.001013354,0.009640317,0.0001115149,0.0004391022,0.0005856223,7.670246E-06,0.006635874,0.01713005,0.002813307,0.0001736288,3.494633E-07,0.01896255,0.002620731,0.0004855733,0.01346706,0.1182445,0.1021908,0.109474,0.02700105,0.03088643,0.002627974
93,0.0003397554,0.0003569356,0.000118304,0.0005147431,8.892172E-06,0.0004924599,8.786079E-05,0.005434044,5.248276E-05,0.007787583,0.0009412785,0.006787123,0.004016508,0.006910102,0.001372709,0.0005309596,5.061746E-07,4.224841E-05,6.229267E-05,0.0001918357,0.001380444,0.001425274,1.780191E-09,0.0003084883,2.487406E-05,0.0004965969,0.00164395,1.012066E-09,8.097212E-05,0.003269955,0.003051175,0.0009980012,0.002772864,0.005510846,0.01576144,0.0005672472,0.002048018,0.0004462546,0.005803347,0.01303299,0.002626804,0.01015688,0.0004461835,0.001019043,0.009688033,0.0001146253,0.0004349804,0.0005282848,8.393241E-06,0.004980444,0.01359973,0.0025181,0.0001497082,3.065287E-07,0.01776682,0.002541664,0.0004956853,0.01475899,0.1178386,0.1015144,0.1086233,0.02560459,0.03104314,0.002756808
94,0.0003386141,0.0003527291,0.0001171818,0.0005150072,8.892855E-06,0.0004831187,8.792424E-05,0.005456854,5.265819E-05,0.007833081,0.0009426337,0.006768499,0.003779644,0.006755651,0.001379558,0.0004948023,4.617172E-07,3.028609E-05,6.188226E-05,0.0001950695,0.001390069,0.001427557,1.791266E-09,0.0003078314,2.253481E-05,0.0004981949,0.0016513,8.215898E-10,7.302686E-05,0.003209573,0.003023107,0.001001746,0.00282677,0.005141338,0.01478836,0.0005567062,0.002062397,0.000450386,0.005449796,0.01262223,0.002483886,0.009751811,0.0004403974,0.001023901,0.009816686,0.000117946,0.0004349047,0.0004730195,9.402253E-06,0.003883933,0.01030848,0.00211076,0.0001229372,2.646077E-07,0.01664094,0.002485191,0.0005097191,0.01640005,0.1183085,0.09572856,0.1091851,0.02415496,0.03043019,0.002852061
95,0.0003374486,0.0003492439,0.000116436,0.0005150998,8.894026E-06,0.0004758505,8.789187E-05,0.005475667,5.339627E-05,0.00788056,0.0009451718,0.006772742,0.003854197,0.006567622,0.001388581,0.0004604567,5.040893E-07,3.45438E-05,6.07322E-05,0.0001960584,0.001396336,0.001441836,1.784276E-09,0.0003078359,2.146452E-05,0.0005005307,0.001667626,8.627614E-10,6.515811E-05,0.00317451,0.002991002,0.001005868,0.002876876,0.00513558,0.01463842,0.0005521966,0.002059829,0.0004571891,0.005462056,0.01235767,0.002471586,0.009524658,0.0004347506,0.001029901,0.009964774,0.0001208537,0.0004381206,0.0004623304,9.797845E-06,0.00374792,0.01100906,0.002349766,0.0001298601,2.575653E-07,0.01689446,0.002480756,0.0005154235,0.01808063,0.1194119,0.0922384,0.1097729,0.02428119,0.03053392,0.002883993
96,0.0005045785,0.0004218292,0.0001802243,0.0005150821,8.033043E-06,0.0003523688,8.774278E-05,0.00548658,5.440497E-05,0.007930621,0.0009487419,0.00678548,0.0040233,0.00563902,0.001695354,0.0005353772,4.715763E-07,4.564946E-05,5.997572E-05,0.0001934584,0.001523226,0.001460958,1.790951E-09,0.0004397923,2.489374E-05,0.0005026446,0.001688494,1.095544E-09,0.0001538624,0.003770713,0.003666126,0.0008800022,0.002918163,0.005306456,0.01497875,0.0005566464,0.002047292,0.0004641268,0.005678697,0.01244719,0.002526427,0.009567919,0.0008432403,0.002862427,0.01008289,0.0001228639,0.0004403292,0.0004888417,9.408738E-06,0.003461596,0.01169399,0.002536341,0.0001327364,2.731479E-07,0.01764107,0.002495962,0.000516462,0.01449086,0.1287408,0.08179571,0.1266121,0.02534517,0.03095329,0.002845347
97,0.000505324,0.0004187272,0.0001788513,0.0005150685,8.031949E-06,0.0003545555,8.756941E-05,0.005493925,5.54384E-05,0.007984528,0.0009535331,0.006800829,0.004225662,0.005504066,0.00169123,0.0005079726,4.405921E-07,5.087258E-05,5.967129E-05,0.000189787,0.001522453,0.001467415,1.784629E-09,0.0004366167,2.385134E-05,0.0005029325,0.001684083,1.118559E-09,0.0001633009,0.00376404,0.003592665,0.0008821801,0.002920011,0.005545415,0.01548204,0.0005639532,0.002036326,0.0004645479,0.005932029,0.01263202,0.002608788,0.009733173,0.0008174496,0.002812429,0.01008254,0.0001231526,0.0004417773,0.0005281063,8.22325E-06,0.002935651,0.01073238,0.002482285,0.0001294482,2.96896E-07,0.01836817,0.002517631,0.0005173102,0.01397464,0.125942,0.08387525,0.1238014,0.0265072,0.03135504,0.002753272
98,0.0005057128,0.0004168047,0.0001784235,0.0005151946,8.030188E-06,0.0003575484,8.748828E-05,0.005501901,5.642651E-05,0.008045927,0.0009598333,0.006816396,0.004462608,0.005395427,0.001662251,0.0005132442,4.216508E-07,5.093218E-05,5.991312E-05,0.0001835266,0.001512562,0.001444703,1.753394E-09,0.0004336807,2.097613E-05,0.0005014284,0.001643258,9.667662E-10,0.0001617092,0.003740066,0.003517768,0.0008746511,0.002867131,0.005794255,0.01597842,0.0005718098,0.002035718,0.0004563416,0.006039822,0.01275011,0.002706667,0.009946396,0.0007890455,0.002745032,0.009863056,0.0001205641,0.0004398701,0.0005703347,6.771228E-06,0.002253609,0.009248737,0.002331584,0.0001244777,3.202923E-07,0.01874016,0.002545412,0.0005187367,0.01260289,0.1214567,0.08584356,0.1186019,0.02753069,0.03147212,0.002633617
99,0.0005039246,0.0004155059,0.0001775724,0.000515413,8.027882E-06,0.000358503,8.747725E-05,0.005511628,5.73625E-05,0.008112801,0.0009672299,0.006831559,0.004674966,0.005298125,0.001626396,0.0005567135,4.26165E-07,5.258069E-05,6.001892E-05,0.0001776556,0.001496898,0.001409574,1.701929E-09,0.0004284272,1.82772E-05,0.0004993243,0.001590992,8.035227E-10,0.0001568891,0.003710632,0.003441689,0.0008581097,0.00278698,0.006047101,0.01646729,0.0005795201,0.002041287,0.0004442428,0.006027516,0.01284814,0.002805393,0.01016534,0.0007611609,0.002675456,0.009576177,0.0001164416,0.0004363242,0.0006112406,5.227109E-06,0.001613852,0.007085504,0.002102265,0.0001181281,3.446602E-07,0.01909308,0.002575782,0.0005163101,0.01103167,0.1171239,0.08697076,0.1134583,0.02825222,0.03127406,0.002519626
100,0.0005021355,0.0004144764,0.000176324,0.000515559,8.025193E-06,0.0003547622,8.742249E-05,0.005523141,5.829702E-05,0.00818703,0.0009749567,0.006847872,0.004748931,0.005203115,0.001608862,0.0005685021,4.117774E-07,5.294914E-05,5.98989E-05,0.000175138,0.001485863,0.001389089,1.665096E-09,0.000423339,1.696733E-05,0.0004972634,0.001553919,7.820556E-10,0.0001588258,0.00369914,0.0033652,0.0008409144,0.002708435,0.006263613,0.01690485,0.0005870853,0.002043479,0.0004329933,0.006091707,0.01300387,0.002891419,0.01036267,0.0007345583,0.002607895,0.009442934,0.0001122458,0.0004355866,0.0006444778,5.011722E-06,0.001079947,0.005257284,0.001646349,0.0001023191,3.695566E-07,0.01957049,0.002604021,0.0005072379,0.009821036,0.1130906,0.08720315,0.1101334,0.02866838,0.03093435,0.002434732
101,0.0005032396,0.0004141091,0.0001753381,0.0005155928,8.022282E-06,0.0003518745,8.729686E-05,0.00553682,5.923238E-05,0.00826966,0.0009832116,0.006864905,0.004839525,0.005115543,0.001608194,0.0004919381,3.680946E-07,5.274825E-05,6.009631E-05,0.0001742353,0.001483452,0.001400325,1.666864E-09,0.0004190745,1.699874E-05,0.0004954867,0.001548389,1.004825E-09,0.0001703908,0.003698903,0.003291333,0.0008282034,0.002657967,0.006426891,0.01730351,0.0005945695,0.002042651,0.0004315558,0.006312644,0.01317533,0.002960649,0.01052975,0.0007097019,0.002544454,0.009458914,0.0001090586,0.0004362792,0.0006741599,5.540503E-06,0.001025272,0.005268728,0.001606862,0.0001113699,3.939279E-07,0.02008773,0.002629701,0.0004952588,0.009303711,0.1096176,0.08722469,0.107264,0.02908573,0.03056832,0.002402168
102,0.0005065146,0.0004149474,0.0001748744,0.0005155896,8.019374E-06,0.0003518889,8.716141E-05,0.005557111,6.028559E-05,0.008377784,0.0009914589,0.006889836,0.004982141,0.005036591,0.001610821,0.0004388967,3.338519E-07,5.375518E-05,6.053551E-05,0.0001752851,0.001485045,0.001418431,1.692841E-09,0.0004151544,1.769822E-05,0.0004941161,0.001564333,1.173333E-09,0.000178974,0.003701075,0.003223871,0.0008210415,0.002648406,0.006472138,0.01757512,0.0006011493,0.002041947,0.0004367165,0.00657341,0.01334468,0.002981426,0.01065384,0.0006867691,0.002486495,0.009518724,0.0001081641,0.0004366993,0.0007005276,6.98086E-06,0.001242024,0.0057952,0.001720527,0.0001424964,4.164337E-07,0.02061955,0.002650745,0.0004852419,0.009336641,0.1074075,0.08792947,0.1046116,0.0292274,0.03035236,0.002430601
103,0.0005093022,0.000415911,0.00017388,0.0005157365,8.017921E-06,0.0003525471,8.712657E-05,0.005593056,6.12321E-05,0.008502419,0.0009991602,0.006922488,0.004858653,0.005000209,0.001613764,0.0004333492,3.049989E-07,5.376958E-05,6.095979E-05,0.0001793878,0.001498685,0.001444985,1.735451E-09,0.0004127955,1.841956E-05,0.0004935563,0.001589946,1.196467E-09,0.0001818578,0.003716356,0.003166729,0.0008200716,0.0026723,0.006201374,0.01720016,0.0005929905,0.002046953,0.0004437584,0.00655733,0.01336807,0.002883245,0.01062541,0.000666093,0.002434783,0.009603388,0.0001093259,0.0004393215,0.0006626447,8.750633E-06,0.001515322,0.005758529,0.001800876,0.0001618656,3.929256E-07,0.019983,0.00265605,0.0004828181,0.00984019,0.1071197,0.08925453,0.1033644,0.02830575,0.03057504,0.002523449
104,0.0005083635,0.0004149709,0.0001716652,0.0005160075,8.017367E-06,0.0003509488,8.715742E-05,0.005633751,6.159021E-05,0.008609011,0.001004426,0.006934331,0.004363528,0.00498107,0.001607648,0.0004488122,2.828413E-07,5.411413E-05,6.185884E-05,0.0001832484,0.001510864,0.001465737,1.766889E-09,0.0004089394,1.868765E-05,0.0004936617,0.001616982,1.135854E-09,0.0001796139,0.003717869,0.003118235,0.0008231328,0.002713866,0.005831819,0.0165189,0.0005818562,0.00205802,0.0004482922,0.0062278,0.01328405,0.002735234,0.01047947,0.0006473929,0.002388461,0.009670107,0.0001117347,0.0004392016,0.0005938854,1.203371E-05,0.002210008,0.00606194,0.00205908,0.0002000132,3.513221E-07,0.01890903,0.002617222,0.0004867833,0.01065651,0.1078307,0.09025364,0.1027546,0.02700545,0.03099146,0.002648761
105,0.0005055409,0.0004113155,0.0001687036,0.0005164481,8.017895E-06,0.0003475074,8.723042E-05,0.005668948,6.143015E-05,0.008682103,0.001006396,0.006907675,0.003970645,0.004960679,0.001595836,0.0004962481,3.241356E-07,4.50765E-05,6.323499E-05,0.0001874181,0.001519448,0.001477301,1.789296E-09,0.0004042449,1.829288E-05,0.0004943486,0.001639705,1.016603E-09,0.0001708231,0.0036938,0.003076636,0.0008287214,0.002764736,0.00545165,0.01564807,0.0005711633,0.002075273,0.0004501872,0.005819721,0.01305951,0.002575645,0.01020449,0.0006302614,0.002345258,0.009719359,0.0001149302,0.0004358568,0.0005371231,1.769572E-05,0.003319776,0.006320806,0.002343159,0.0002475941,3.084554E-07,0.01771773,0.002547576,0.0004971398,0.01173202,0.1084713,0.09003729,0.1023084,0.02560867,0.03114638,0.002772555
106,0.0005034852,0.0004061626,0.0001657637,0.0005167338,8.019168E-06,0.0003450863,8.725234E-05,0.005694088,6.164358E-05,0.00873389,0.001008322,0.006888489,0.003736827,0.004923666,0.001595257,0.0005571917,4.37502E-07,4.045833E-05,6.284947E-05,0.0001914545,0.001522995,0.001476409,1.802436E-09,0.0004016357,1.648965E-05,0.0004959938,0.001646934,8.236891E-10,0.000153839,0.003603556,0.003041536,0.000836165,0.002818755,0.005086575,0.01468481,0.0005606224,0.00209103,0.0004544847,0.005470814,0.01264885,0.002435572,0.009800308,0.0006141808,0.002303871,0.009849347,0.0001183209,0.0004364446,0.0004821692,2.325739E-05,0.004600832,0.006451774,0.002608232,0.000300211,2.664929E-07,0.01659575,0.002499878,0.000511393,0.01308323,0.1097911,0.08523807,0.1031444,0.02415842,0.03052897,0.002864772
107,0.0005014297,0.0004018691,0.0001634511,0.0005168548,8.020878E-06,0.0003438708,8.718654E-05,0.005714588,6.250964E-05,0.008786932,0.001011592,0.006892637,0.003811419,0.004852272,0.001597848,0.0006117895,6.500004E-07,3.06657E-05,6.16992E-05,0.0001933958,0.001523045,0.001488146,1.797174E-09,0.0003999736,1.595217E-05,0.0004983946,0.001663051,8.634594E-10,0.0001371317,0.003544652,0.00300226,0.0008437261,0.002868968,0.005082755,0.01453884,0.0005560813,0.002089871,0.0004614206,0.005487932,0.01238467,0.002424073,0.009574228,0.0005988618,0.002268074,0.009998723,0.0001213106,0.0004403002,0.0004721753,2.508967E-05,0.00578979,0.006053867,0.002730135,0.0003526183,2.5969E-07,0.01685202,0.002504164,0.0005171854,0.01446139,0.11153,0.08240791,0.1039631,0.02428251,0.03062833,0.002895225
108,0.0004507519,0.000460107,0.00014947,0.0005168731,5.944329E-06,0.0004570529,8.700929E-05,0.005726364,6.368962E-05,0.008842103,0.001016013,0.006905497,0.003980312,0.006556876,0.001672889,0.0008169234,7.016289E-07,4.630054E-05,6.093773E-05,0.0001918029,0.001473004,0.0026266,1.805911E-09,0.0002000659,1.860365E-05,0.0005005875,0.001683638,1.091217E-09,0.0001033384,0.003237922,0.002285177,0.0008063636,0.002910388,0.0052543,0.01487905,0.000560471,0.002078072,0.0004684494,0.005709055,0.01247448,0.002478596,0.009617585,0.0003501326,0.002679026,0.01011794,0.0001233851,0.0004430542,0.0004997536,2.418469E-05,0.008372917,0.006973132,0.003366005,0.0004729303,2.754881E-07,0.01760062,0.002526852,0.0005182216,0.01643236,0.1570634,0.0717438,0.07124056,0.02534409,0.03104293,0.002854859
109,0.0004514747,0.0004565053,0.0001484708,0.0005168981,5.944017E-06,0.0004581646,8.681238E-05,0.005733817,6.489801E-05,0.008900951,0.001021742,0.006921056,0.004182811,0.006339682,0.001668008,0.0009297773,7.061118E-07,5.914948E-05,6.062889E-05,0.0001889753,0.001471873,0.002540214,1.801417E-09,0.0002027794,1.803146E-05,0.0005009716,0.001678982,1.107792E-09,0.0001104582,0.003253413,0.002269962,0.0008104696,0.002912556,0.005493426,0.01538103,0.000567725,0.002067529,0.0004689,0.005965186,0.01265929,0.002560205,0.009782976,0.0003450555,0.002624466,0.01011754,0.0001236788,0.0004448843,0.0005401259,2.197523E-05,0.009826544,0.007354516,0.00375814,0.0005951063,2.994349E-07,0.01833021,0.002553834,0.0005190574,0.01574473,0.1456515,0.07372848,0.07181601,0.02650434,0.0314399,0.002760486
110,0.0004519887,0.0004542315,0.000148627,0.0005170663,5.9432E-06,0.000458094,8.671469E-05,0.005741395,6.605331E-05,0.008967611,0.001029071,0.00693683,0.00442011,0.006118356,0.00164046,0.001085082,7.275712E-07,6.950134E-05,6.087367E-05,0.0001834158,0.001463261,0.002395495,1.770947E-09,0.000202905,1.569719E-05,0.000499569,0.001638168,9.505292E-10,0.0001099113,0.003256002,0.002262854,0.0008050833,0.002860254,0.005742283,0.01587632,0.0005755343,0.002067372,0.0004606473,0.0060739,0.01277696,0.002657227,0.009996714,0.0003415213,0.002567976,0.009896836,0.0001210623,0.0004430861,0.0005833646,2.142041E-05,0.01056562,0.00705223,0.003812719,0.0007143095,3.228961E-07,0.01870505,0.002584443,0.0005205098,0.01409057,0.1322772,0.07560356,0.07137088,0.02752667,0.03154945,0.002637387
111,0.0004505859,0.0004526441,0.0001485299,0.0005173258,5.941965E-06,0.0004548485,8.669737E-05,0.005750582,6.714767E-05,0.009040103,0.00103754,0.006952217,0.004633478,0.00590968,0.001606747,0.001302724,7.653296E-07,7.575284E-05,6.098481E-05,0.0001781552,0.001449554,0.002240702,1.719554E-09,0.0002022153,1.356092E-05,0.0004975647,0.001586018,7.840133E-10,0.0001070679,0.003253188,0.002255479,0.0007911885,0.002780774,0.005995112,0.0163655,0.0005831996,0.002073489,0.000448448,0.006061383,0.01287432,0.002755419,0.01021626,0.0003384768,0.002512688,0.009608202,0.0001169035,0.0004395165,0.0006251393,2.254578E-05,0.01202561,0.007162448,0.003863956,0.0007942317,3.472685E-07,0.01906026,0.002615996,0.0005180988,0.01223981,0.1208131,0.07672057,0.07082645,0.02824721,0.03134241,0.002520152
112,0.0004491898,0.0004513426,0.0001481198,0.000517514,5.940436E-06,0.0004457491,8.665108E-05,0.005761597,6.823891E-05,0.009120561,0.001046335,0.006968732,0.004709952,0.005712952,0.001591556,0.001488517,8.069391E-07,8.225984E-05,6.086874E-05,0.0001761771,0.001440416,0.002124347,1.682487E-09,0.000201578,1.268124E-05,0.0004955977,0.001549018,7.591631E-10,0.0001088609,0.003265285,0.002245979,0.0007766088,0.002702883,0.006212051,0.01680503,0.0005907177,0.002076257,0.0004371003,0.006124952,0.01302958,0.002841474,0.01041419,0.000335505,0.002459018,0.009473435,0.0001126644,0.0004388118,0.0006589672,2.493811E-05,0.01378857,0.007628501,0.003982891,0.0009162198,3.721793E-07,0.01953898,0.002644729,0.0005089485,0.01081267,0.1112406,0.07703138,0.07116307,0.02866203,0.03099326,0.002432938
113,0.0004503833,0.0004507523,0.0001479116,0.0005175886,5.938734E-06,0.0004380197,8.654892E-05,0.005774944,6.933026E-05,0.009210223,0.001055667,0.00698595,0.00480305,0.00553502,0.001593254,0.001468438,8.210978E-07,8.881395E-05,6.107541E-05,0.000175764,0.001439713,0.002069951,1.684178E-09,0.0002012792,1.295444E-05,0.0004939051,0.001543551,9.735578E-10,0.0001173587,0.003286119,0.002235501,0.000766124,0.002653019,0.006376325,0.01720672,0.0005981522,0.002076049,0.0004356277,0.006346276,0.01320063,0.002911176,0.01058161,0.0003326107,0.002407991,0.009488439,0.000109434,0.000439541,0.000689071,2.886775E-05,0.01317602,0.007086828,0.003535246,0.0009307112,3.965189E-07,0.02005688,0.002670339,0.0004968456,0.01018325,0.1034762,0.07713882,0.07152243,0.02907799,0.03061821,0.002399239
114,0.0004535188,0.0004514584,0.0001481177,0.0005176275,5.937029E-06,0.0004341567,8.644888E-05,0.005795155,7.055506E-05,0.009327745,0.001065011,0.007011205,0.00494783,0.005376104,0.001598268,0.001392627,9.436194E-07,9.803723E-05,6.152902E-05,0.0001772447,0.001442935,0.002033912,1.710209E-09,0.0002011207,1.377845E-05,0.0004926077,0.001559675,1.134757E-09,0.0001237611,0.003307676,0.002226428,0.000760756,0.002644117,0.006423502,0.01748246,0.0006046626,0.002076052,0.0004408254,0.006607517,0.01336948,0.002933186,0.01070568,0.0003298711,0.002360842,0.00954728,0.000108515,0.0004398937,0.0007157518,3.544628E-05,0.01225191,0.007455832,0.003156576,0.000955857,4.189375E-07,0.02058883,0.002690252,0.0004867079,0.01018092,0.0978317,0.07783216,0.07179254,0.02921842,0.03039366,0.002427296
115,0.0004562064,0.000452297,0.000147857,0.000517817,5.93643E-06,0.0004313615,8.64615E-05,0.005831662,7.165605E-05,0.009463536,0.001073768,0.007044264,0.004826801,0.00527881,0.001603895,0.001325232,9.023659E-07,9.251849E-05,6.197132E-05,0.0001817634,0.001458047,0.002017582,1.752857E-09,0.0002017692,1.457501E-05,0.0004921126,0.001585607,1.156297E-09,0.0001261527,0.003339819,0.002221875,0.0007611526,0.002668916,0.006155672,0.01711355,0.0005965038,0.002081901,0.0004479291,0.006590228,0.01339233,0.002837154,0.01067697,0.0003275363,0.002318511,0.009630902,0.0001096667,0.000442401,0.0006770626,4.548835E-05,0.01059701,0.008666225,0.002698581,0.0009269306,3.949476E-07,0.01995279,0.002693027,0.0004842088,0.01070329,0.09460851,0.07907517,0.07290073,0.02829622,0.03060872,0.002520191
116,0.0004555261,0.0004510586,0.0001465213,0.0005181285,5.936485E-06,0.0004260028,8.654781E-05,0.005873397,7.207955E-05,0.009580089,0.001079838,0.007056095,0.004335256,0.005206343,0.001600657,0.001252719,6.773647E-07,8.205178E-05,6.289825E-05,0.0001860002,0.001471724,0.00199754,1.783539E-09,0.0002016482,1.492566E-05,0.0004922751,0.001613032,1.097926E-09,0.0001249221,0.003358267,0.002221107,0.0007653281,0.002711602,0.005789137,0.01643885,0.0005853903,0.002093963,0.0004524742,0.006257167,0.01330761,0.002691638,0.01053012,0.0003255568,0.002280172,0.009696252,0.0001120695,0.0004420226,0.0006062836,5.927785E-05,0.009834046,0.009934776,0.002387696,0.0009336317,3.526473E-07,0.01887875,0.002649406,0.0004881294,0.01156672,0.09284038,0.08003746,0.07435169,0.02699568,0.03101732,0.002645798
117,0.0004531351,0.0004468799,0.0001445058,0.0005186176,5.937358E-06,0.0004186179,8.668235E-05,0.005909859,7.189998E-05,0.009660566,0.001082309,0.007028732,0.003944655,0.005135246,0.001591753,0.001200933,5.682305E-07,5.665859E-05,6.431552E-05,0.000190528,0.00148185,0.001968533,1.804371E-09,0.0002010351,1.465359E-05,0.0004930127,0.001636198,9.840793E-10,0.0001190706,0.003352246,0.00222327,0.0007718978,0.002763721,0.00541186,0.01557446,0.0005747288,0.002112343,0.0004543246,0.00584511,0.01308207,0.002534555,0.01025324,0.0003238107,0.002243794,0.009743854,0.000115259,0.0004383097,0.0005477312,7.57103E-05,0.009179409,0.009871688,0.002005876,0.0008896002,3.092146E-07,0.01768773,0.00257328,0.0004984563,0.01270626,0.09146219,0.07992541,0.075798,0.02559915,0.03116284,0.002770019
118,0.0004514186,0.000441116,0.0001425048,0.0005189449,5.938799E-06,0.00041285,8.677356E-05,0.005935741,7.215858E-05,0.009716929,0.001084822,0.00700899,0.003712218,0.005049148,0.001594445,0.001141386,5.315073E-07,4.760725E-05,6.396334E-05,0.0001948952,0.001486988,0.001925973,1.815214E-09,0.0002012664,1.306726E-05,0.000494703,0.001643885,7.996064E-10,0.0001074718,0.003284527,0.002228335,0.0007802398,0.00281912,0.005049594,0.01461697,0.0005642099,0.002129449,0.0004586157,0.005493079,0.01267033,0.002396734,0.009846086,0.0003220948,0.00220883,0.009872591,0.0001186368,0.0004386069,0.0004917315,9.43339E-05,0.008385239,0.009551669,0.001665604,0.0008102772,2.669412E-07,0.01656694,0.00251754,0.0005126575,0.01413588,0.09110478,0.07575325,0.07815381,0.0241498,0.03053434,0.002862178
119,0.0004496766,0.0004362979,0.0001410294,0.0005191065,5.940559E-06,0.0004087181,8.678283E-05,0.005956013,7.317436E-05,0.009773358,0.00108888,0.007013024,0.003787088,0.004925394,0.001600106,0.001065474,6.783874E-07,4.022493E-05,6.2825E-05,0.0001970589,0.001488527,0.001904665,1.806933E-09,0.000201887,1.273263E-05,0.000497142,0.001660545,8.416859E-10,9.601375E-05,0.00324421,0.002228454,0.0007887182,0.002870675,0.005046878,0.01447566,0.0005596593,0.002129528,0.0004655454,0.005508577,0.01240466,0.002386491,0.009615933,0.0003202884,0.0021788,0.01002005,0.0001215876,0.0004419037,0.0004810315,0.0001115968,0.006891401,0.008939247,0.001305148,0.0007080007,2.601344E-07,0.0168225,0.002510343,0.0005183056,0.01558069,0.09119802,0.07328657,0.08045108,0.02427453,0.0306219,0.002890868
120,0.0004562073,0.0004769936,0.0001729158,0.0005191608,7.301373E-06,0.0004099804,8.668474E-05,0.00596646,7.455401E-05,0.009831206,0.001094225,0.007025957,0.003955668,0.001893111,0.0009287091,0.0007911717,7.915971E-07,5.14465E-05,6.207555E-05,0.0001955787,0.001551485,0.001056209,1.812277E-09,0.000232616,1.480679E-06,0.0004993636,0.001681711,1.063574E-09,6.560978E-05,0.00243983,0.003127618,0.0006028347,0.002913386,0.005217994,0.01482021,0.0005640093,0.002118288,0.0004725307,0.00572703,0.01249246,0.002441763,0.009654682,0.0002794408,0.00332568,0.01013654,0.0001235783,0.0004438669,0.0005082131,0.0001213936,0.005549688,0.008637047,0.001031196,0.0006156283,2.757352E-07,0.01756824,0.002517629,0.0005191583,0.01522547,0.08006396,0.06776092,0.07108004,0.02533589,0.03102256,0.002847963
121,0.0004569419,0.0004731922,0.0001714227,0.0005192198,7.30147E-06,0.0004110527,8.656897E-05,0.005971838,7.596599E-05,0.009892476,0.001100977,0.007041622,0.004157722,0.001904562,0.0009408076,0.0007524003,8.864628E-07,6.556728E-05,6.178173E-05,0.0001927489,0.001548064,0.001077021,1.804172E-09,0.0002332279,2.137728E-06,0.0004997596,0.001677375,1.081944E-09,7.010663E-05,0.002476387,0.003081168,0.0006089559,0.002916398,0.005455774,0.01532628,0.0005712294,0.002108009,0.0004728132,0.00597882,0.01267479,0.002523948,0.00981519,0.0002778224,0.003220551,0.01013226,0.0001237263,0.0004447577,0.0005481655,0.0001188966,0.006029875,0.009675191,0.0009913406,0.0006444686,2.993965E-07,0.01829411,0.00252656,0.0005198016,0.01458022,0.08052495,0.06954719,0.07195516,0.02649557,0.03140203,0.002750151
122,0.0004574472,0.0004708151,0.0001709689,0.0005194197,7.300922E-06,0.000411641,8.654815E-05,0.005977531,7.731496E-05,0.009962477,0.001109423,0.007057509,0.004394373,0.001939561,0.0009427984,0.0007216698,9.584664E-07,7.628027E-05,6.204595E-05,0.0001870837,0.001536281,0.001080107,1.770981E-09,0.0002332232,2.749091E-06,0.0004983576,0.001636692,9.317047E-10,6.974504E-05,0.002504103,0.003027678,0.0006084376,0.002864414,0.005703479,0.01582599,0.0005790048,0.002107996,0.0004643305,0.006082824,0.01278989,0.002621518,0.01002398,0.0002764703,0.003103768,0.009907699,0.0001209304,0.0004420636,0.0005909817,0.0001086764,0.007081134,0.01040923,0.000941733,0.0006462127,3.2247E-07,0.01866473,0.002541047,0.0005210489,0.01305536,0.07998732,0.0712099,0.07145488,0.0275173,0.03149368,0.002624066
123,0.0004560102,0.0004691627,0.000170148,0.0005197094,7.299837E-06,0.000409592,8.660255E-05,0.005985508,7.859207E-05,0.01003931,0.001119081,0.007072961,0.004607084,0.001981269,0.0009407852,0.0007330255,1.010694E-06,8.378595E-05,6.216938E-05,0.0001816575,0.001519184,0.00107366,1.717134E-09,0.0002320869,3.320279E-06,0.000496343,0.001584643,7.713863E-10,6.793345E-05,0.002527395,0.002970621,0.000601511,0.002784958,0.005955227,0.01631855,0.0005866287,0.002114019,0.000451906,0.00606593,0.01288452,0.002720235,0.01023792,0.0002751858,0.00299002,0.009615703,0.0001165753,0.0004377652,0.0006322633,9.438653E-05,0.009520678,0.01213656,0.001039615,0.0007496082,3.464387E-07,0.01901438,0.002559645,0.0005183946,0.0113516,0.07924599,0.07215435,0.07074295,0.0282371,0.03127117,0.002505045
124,0.0004545791,0.0004678069,0.0001689691,0.0005199285,7.298384E-06,0.0004024944,8.662503E-05,0.005995255,7.986431E-05,0.01012466,0.001129081,0.007089549,0.00468309,0.002022686,0.000948961,0.0007065438,9.741937E-07,8.842048E-05,6.205354E-05,0.0001794836,0.001507212,0.001077762,1.677409E-09,0.0002309234,4.130546E-06,0.0004943539,0.001547777,7.497388E-10,6.903878E-05,0.002561455,0.002912344,0.0005939442,0.002706924,0.006171383,0.0167603,0.000594104,0.002116168,0.0004403435,0.006124858,0.01303726,0.002806752,0.01042977,0.0002738378,0.002882678,0.009477897,0.0001121334,0.0004365219,0.0006651967,7.917695E-05,0.01058698,0.0118089,0.001008305,0.0007322685,3.709928E-07,0.01948649,0.002574871,0.0005089713,0.010041,0.07825651,0.07234561,0.07091957,0.02865154,0.03090954,0.002416577
125,0.0004557819,0.0004671826,0.0001680293,0.0005200327,7.296683E-06,0.0003966965,8.658745E-05,0.006007444,8.113609E-05,0.01021999,0.00113966,0.007106853,0.004775511,0.002064695,0.0009667772,0.0006005435,8.488647E-07,8.968823E-05,6.225677E-05,0.0001788288,0.001504447,0.001107025,1.67585E-09,0.0002301354,5.196503E-06,0.0004926285,0.001542582,9.654308E-10,7.436365E-05,0.002601634,0.002856015,0.0005893603,0.002656997,0.006335432,0.0171636,0.0006014971,0.002114898,0.0004387905,0.006341984,0.01320627,0.002877063,0.01059108,0.0002725017,0.002783338,0.009490519,0.0001087317,0.0004369365,0.0006942024,6.511504E-05,0.009909824,0.00978513,0.0008583443,0.0005476429,3.950182E-07,0.01999772,0.00258687,0.0004965955,0.009471954,0.07732416,0.07235426,0.07116172,0.02906737,0.03052695,0.002382702
126,0.0004589556,0.0004678899,0.0001675611,0.0005200942,7.294997E-06,0.0003943435,8.654626E-05,0.006027883,8.255902E-05,0.01034649,0.001150259,0.007132306,0.004919206,0.002107738,0.0009860926,0.0005647723,7.00586E-07,8.617881E-05,6.270389E-05,0.0001800515,0.001505972,0.001140684,1.698118E-09,0.0002295138,6.40471E-06,0.0004912878,0.001559138,1.129705E-09,7.834716E-05,0.002641944,0.002805086,0.0005885811,0.002648306,0.006383325,0.01744145,0.0006079432,0.002113573,0.0004440348,0.006600088,0.01337339,0.002900121,0.01070965,0.0002712767,0.002693063,0.009547607,0.0001076846,0.0004372181,0.0007198882,5.237983E-05,0.01006866,0.008409025,0.0008834574,0.0004655917,4.172034E-07,0.0205239,0.002597624,0.0004861915,0.009484251,0.07706263,0.07291781,0.07134815,0.0292082,0.03029869,0.002410558
127,0.0004616688,0.0004687342,0.000166578,0.0005203031,7.294663E-06,0.0003929859,8.661226E-05,0.006066805,8.38376E-05,0.01049417,0.001160187,0.007165663,0.004797377,0.002171186,0.001005029,0.0005517148,5.447323E-07,7.499911E-05,6.313402E-05,0.0001843116,0.001520179,0.001181088,1.736597E-09,0.0002297947,7.688797E-06,0.000490742,0.001585609,1.155719E-09,7.978251E-05,0.002690483,0.002763283,0.0005921702,0.00267353,0.00611752,0.01707492,0.0005997654,0.002118032,0.0004512603,0.006581321,0.0133948,0.002805546,0.01067692,0.0002703923,0.002612407,0.009630154,0.0001087792,0.0004399431,0.0006801373,4.319346E-05,0.009293646,0.006654638,0.0009606389,0.0003846233,3.932261E-07,0.01988794,0.002596802,0.0004834172,0.00998312,0.07806044,0.0740155,0.07240868,0.02828717,0.03051316,0.002503057
128,0.0004609492,0.0004674225,0.000164394,0.000520699,7.295155E-06,0.0003892058,8.674664E-05,0.006112644,8.433628E-05,0.01062239,0.001167118,0.007177393,0.004305827,0.002241793,0.001017384,0.0005271055,3.389707E-07,5.004536E-05,6.405199E-05,0.0001882439,0.001533035,0.001215434,1.76298E-09,0.0002292274,8.939742E-06,0.0004908497,0.001613645,1.101893E-09,7.892824E-05,0.002728083,0.002729038,0.0005986432,0.002716751,0.005753371,0.01640213,0.0005886477,0.00212874,0.000455957,0.006248562,0.01330936,0.002661627,0.01052792,0.0002698069,0.002539506,0.009695222,0.0001111623,0.0004401022,0.000608408,3.721497E-05,0.007197627,0.004524367,0.0008662347,0.0002908053,3.512393E-07,0.01881692,0.002555568,0.0004870495,0.010798,0.07976467,0.07487219,0.07381868,0.02698818,0.03092676,0.002629828
129,0.0004584904,0.000463079,0.0001614744,0.0005212263,7.296666E-06,0.0003834734,8.692622E-05,0.006154184,8.413348E-05,0.01071258,0.001170081,0.007149239,0.003916245,0.00230985,0.001025281,0.0005059731,2.227604E-07,2.768982E-05,6.546552E-05,0.0001924298,0.001542343,0.001240644,1.779486E-09,0.0002281309,9.996197E-06,0.0004915337,0.001637435,9.921997E-10,7.516578E-05,0.002746141,0.002700863,0.0006069614,0.002769521,0.005378531,0.015539,0.0005779878,0.002145869,0.0004580146,0.00583898,0.01308391,0.002506147,0.01025011,0.0002694156,0.002471511,0.00974351,0.0001143547,0.0004372239,0.0005497736,3.526498E-05,0.004534964,0.002438977,0.0005690334,0.0001773712,3.082895E-07,0.01763005,0.002487335,0.0004970565,0.01186963,0.08141665,0.07474751,0.07521623,0.02559344,0.03108423,0.002757201
130,0.0004567155,0.0004571387,0.0001586519,0.0005215754,7.298858E-06,0.0003793034,8.706019E-05,0.006185376,8.444513E-05,0.01077638,0.001173184,0.007128889,0.003687058,0.002367217,0.001039579,0.0005195478,2.619868E-07,1.954137E-05,6.508486E-05,0.0001964192,0.001546577,0.001253333,1.786185E-09,0.0002280219,1.038842E-05,0.0004931766,0.001645761,8.109008E-10,6.780685E-05,0.002715094,0.002678259,0.0006166585,0.00282576,0.005018737,0.01458235,0.0005674569,0.002161956,0.0004626524,0.005490797,0.01267259,0.002369804,0.009840986,0.0002690434,0.002408598,0.009873761,0.0001177629,0.0004385517,0.0004940646,3.555146E-05,0.003134684,0.001574767,0.0004495681,0.0001269816,2.664727E-07,0.01651342,0.002443786,0.0005109102,0.01321302,0.08369397,0.07085801,0.07752844,0.02414502,0.03047284,0.002851121
131,0.0004549189,0.0004521932,0.0001564749,0.0005217581,7.30145E-06,0.0003765649,8.711145E-05,0.006211112,8.563499E-05,0.01084003,0.001178076,0.00713278,0.003763708,0.002403473,0.001055236,0.0005721308,3.649076E-07,2.51172E-05,6.389048E-05,0.0001981408,0.001547171,0.00127626,1.774299E-09,0.0002283811,1.101467E-05,0.0004955799,0.001663166,8.587491E-10,6.055175E-05,0.002703492,0.002651222,0.0006264508,0.002878335,0.005016763,0.01444134,0.0005628564,0.002161037,0.0004700601,0.005509939,0.01240807,0.002360345,0.00960975,0.0002685856,0.002353711,0.01002415,0.0001207626,0.000443138,0.0004838145,3.385822E-05,0.003892869,0.001674943,0.0005771716,0.0001374444,2.599613E-07,0.01676941,0.002452086,0.0005163354,0.01457414,0.0861138,0.06855095,0.07979689,0.02427019,0.030575,0.002881558
132,0.0004893348,0.0004859132,0.0001436659,0.0005218373,7.589179E-06,0.0004275376,8.705496E-05,0.00622695,8.724682E-05,0.01090536,0.001184435,0.007145787,0.003932975,0.005584258,0.001045495,0.0009072418,4.651366E-07,4.398181E-05,6.308406E-05,0.0001962016,0.001689272,0.001400911,1.775796E-09,0.0002060258,1.478437E-05,0.0004977759,0.001685127,1.094507E-09,0.000107133,0.002513861,0.002730206,0.0009019411,0.002922201,0.005187898,0.0147872,0.0005671112,0.002148294,0.0004775976,0.005733282,0.01249712,0.002416015,0.009647212,0.0001712028,0.001900873,0.01014483,0.0001228454,0.0004466067,0.0005116756,3.038984E-05,0.006061248,0.002465503,0.0008792618,0.0001721541,2.759748E-07,0.01751501,0.002478092,0.0005170802,0.01389939,0.06060914,0.07250644,0.09867627,0.02533221,0.03098875,0.002840993
133,0.0004900995,0.0004821398,0.0001427689,0.0005219245,7.589737E-06,0.0004279553,8.698133E-05,0.006237585,8.889621E-05,0.01097456,0.00119234,0.007161657,0.004135292,0.005452211,0.001057545,0.000945584,5.546713E-07,5.813382E-05,6.273673E-05,0.000193032,0.001681563,0.001410959,1.76489E-09,0.0002071815,1.574245E-05,0.0004981644,0.001681424,1.121749E-09,0.0001141421,0.002548267,0.002692724,0.0009062978,0.002926337,0.00542554,0.01529553,0.0005742292,0.00213644,0.0004784389,0.005991798,0.01268057,0.002498493,0.009806599,0.0001714781,0.001876695,0.01014598,0.0001231517,0.0004491048,0.0005524412,2.719691E-05,0.006156662,0.003118881,0.001045664,0.0001802094,3.001035E-07,0.01824152,0.00250777,0.0005176608,0.01334979,0.06486487,0.07423586,0.09838334,0.02649255,0.03138345,0.002748693
134,0.0004906236,0.0004798494,0.0001429734,0.0005221572,7.589633E-06,0.0004270932,8.700231E-05,0.006248117,9.047265E-05,0.01105295,0.001202085,0.007177789,0.004372062,0.005286178,0.001055291,0.0008889743,5.497014E-07,6.911283E-05,6.296078E-05,0.00018711,0.001664179,0.001389631,1.732394E-09,0.0002072687,1.575955E-05,0.0004967782,0.001641107,9.727918E-10,0.0001133586,0.002572566,0.002657168,0.0008981223,0.002875131,0.00567338,0.01579817,0.0005819091,0.002135138,0.0004703427,0.006102532,0.01279668,0.002596308,0.01001413,0.0001721035,0.001858821,0.00992699,0.000120557,0.0004479061,0.0005961823,2.497505E-05,0.005581228,0.003683687,0.001141003,0.0001872452,3.237383E-07,0.01861543,0.002540546,0.000518852,0.01198788,0.06864689,0.07579984,0.09593307,0.02751512,0.03149439,0.002629181
135,0.0004890731,0.0004783057,0.0001429258,0.0005224862,7.588977E-06,0.000423379,8.709676E-05,0.006260254,9.196575E-05,0.01113829,0.001213146,0.007193549,0.004585596,0.005124206,0.001047962,0.0008411528,5.521708E-07,7.707626E-05,6.304885E-05,0.0001815025,0.001641042,0.001355303,1.680473E-09,0.00020641,1.550611E-05,0.0004948041,0.001589279,8.108066E-10,0.0001103165,0.002592163,0.002619839,0.0008800059,0.002796167,0.005925426,0.01629322,0.0005894463,0.002140228,0.0004581608,0.006091469,0.01289252,0.002695055,0.01022698,0.0001728143,0.001842525,0.009640174,0.0001164182,0.000444897,0.000638402,2.563173E-05,0.00368662,0.002656303,0.0008701143,0.0001541844,3.48299E-07,0.01896972,0.00257387,0.0005162138,0.01045132,0.07200988,0.07660883,0.09325977,0.02823626,0.03129038,0.002514981
136,0.000487544,0.0004770613,0.0001425849,0.0005227461,7.587934E-06,0.0004146713,8.715222E-05,0.006274379,9.345167E-05,0.01123304,0.001224595,0.007210509,0.004663716,0.004972196,0.001051457,0.0009382013,6.516661E-07,8.424711E-05,6.289933E-05,0.0001792456,0.001623792,0.001335954,1.642838E-09,0.0002055218,1.57317E-05,0.0004928837,0.00155275,7.914389E-10,0.0001121122,0.002622024,0.00258139,0.0008612062,0.002718664,0.006142569,0.01673721,0.0005968367,0.002141835,0.0004468743,0.006156926,0.01304683,0.002781635,0.01041777,0.0001734832,0.001825814,0.009507452,0.0001121999,0.0004447477,0.0006722941,2.707686E-05,0.004016986,0.002204621,0.000804756,0.0001395992,3.733862E-07,0.01944634,0.002604264,0.0005069191,0.009267109,0.07483669,0.07664248,0.09189539,0.02865244,0.03094168,0.002427688
137,0.0004888677,0.0004765615,0.0001424244,0.000522898,7.586668E-06,0.0004075043,8.714105E-05,0.006291061,9.493549E-05,0.01133882,0.001236683,0.007228239,0.004758494,0.004837526,0.001065426,0.000769302,7.681557E-07,9.15674E-05,6.307793E-05,0.0001785895,0.001616813,0.001349017,1.642904E-09,0.0002049707,1.657946E-05,0.0004912506,0.001548064,1.022593E-09,0.0001208479,0.002657721,0.002543961,0.000847178,0.002669374,0.006308323,0.0171422,0.0006041381,0.002140348,0.0004456787,0.006380199,0.01321729,0.002852124,0.01057669,0.0001741393,0.001808842,0.009524467,0.0001089912,0.0004459347,0.0007021561,2.878491E-05,0.00501464,0.003728329,0.0008196174,0.0001496637,3.978554E-07,0.01996152,0.002631895,0.0004946829,0.008757945,0.07738229,0.07650174,0.09077465,0.02906978,0.03056435,0.002390684
138,0.0004923355,0.0004774114,0.0001426395,0.0005230174,7.585432E-06,0.0004039893,8.712186E-05,0.006315143,9.659082E-05,0.01147798,0.001248839,0.007254273,0.004904665,0.004720358,0.001081026,0.0008770339,8.834926E-07,9.754011E-05,6.3509E-05,0.0001798695,0.001614789,0.001369078,1.666744E-09,0.0002045785,1.770824E-05,0.0004900252,0.001565121,1.200953E-09,0.0001274969,0.00269354,0.002510196,0.0008390829,0.002661402,0.006358218,0.017421,0.0006104776,0.002138986,0.0004512926,0.006643078,0.01338517,0.002875624,0.01069071,0.000174834,0.001792604,0.009584789,0.0001080758,0.0004465767,0.0007283634,2.932525E-05,0.007982287,0.006993462,0.0009165143,0.0001681013,4.203044E-07,0.02049009,0.002654314,0.0004843746,0.008776329,0.0802808,0.07695556,0.08971199,0.02921121,0.03033365,0.002412791
139,0.0004953362,0.0004784035,0.0001424013,0.0005232896,7.585598E-06,0.000401682,8.720544E-05,0.006356664,9.807858E-05,0.01163947,0.001260263,0.007288338,0.004785692,0.004660964,0.001095904,0.0009782944,9.367128E-07,9.131587E-05,6.39276E-05,0.0001842227,0.001626879,0.001398206,1.707333E-09,0.0002049987,1.895324E-05,0.0004896106,0.00159194,1.231308E-09,0.0001301046,0.002738007,0.002483398,0.0008375908,0.002687336,0.006094645,0.0170564,0.0006022743,0.002143514,0.0004588118,0.006625869,0.01340683,0.002782018,0.01065376,0.0001757143,0.00177817,0.009669074,0.0001092142,0.0004492535,0.0006885699,2.807998E-05,0.01090067,0.01083668,0.001002432,0.0002115419,3.962561E-07,0.01985669,0.002659897,0.0004816416,0.009235118,0.08419303,0.07797639,0.08979761,0.0282902,0.03054033,0.002500086
140,0.0004946634,0.0004771839,0.0001410995,0.0005237663,7.58664E-06,0.000396974,8.735254E-05,0.006404105,9.866774E-05,0.01177958,0.001268324,0.007300367,0.004296772,0.004623742,0.001103584,0.000999268,7.631578E-07,8.156077E-05,6.484355E-05,0.0001882427,0.001637495,0.001421461,1.736734E-09,0.0002046714,2.012109E-05,0.0004898598,0.001620065,1.175089E-09,0.0001290266,0.002771755,0.002462194,0.0008404297,0.002731078,0.005732426,0.01638492,0.0005911731,0.002154326,0.0004636315,0.006291256,0.01332067,0.002639269,0.01049976,0.0001767625,0.001764777,0.009734175,0.0001115798,0.0004489846,0.0006163836,2.626481E-05,0.01079668,0.01263258,0.0009693529,0.0002347355,3.539938E-07,0.01878756,0.002619916,0.0004852313,0.009978167,0.08849571,0.07874464,0.09034932,0.02699062,0.03094583,0.002624854
141,0.0004921321,0.000472872,0.0001391237,0.0005243791,7.58876E-06,0.0003903313,8.753922E-05,0.006446304,9.844077E-05,0.01187815,0.001271967,0.007271787,0.00390842,0.004586299,0.001106524,0.0009714668,6.437248E-07,6.190407E-05,6.626483E-05,0.0001925081,0.001644207,0.001435341,1.757076E-09,0.0002038701,2.102068E-05,0.0004906871,0.001643713,1.05717E-09,0.0001231986,0.002786474,0.002445448,0.0008460065,0.002784084,0.005359015,0.01552184,0.0005805537,0.002171558,0.0004656158,0.005877011,0.01309332,0.00248499,0.01021501,0.0001779132,0.00175097,0.00978105,0.000114709,0.0004453564,0.0005567718,2.539628E-05,0.009366332,0.01224308,0.0008399822,0.0002194703,3.105132E-07,0.01760095,0.002548367,0.0004951219,0.01095131,0.09236823,0.07847895,0.09093037,0.02559473,0.03109569,0.002751154
142,0.0004903511,0.0004669759,0.0001372229,0.0005248004,7.59158E-06,0.00038551,8.767314E-05,0.00647655,9.88175E-05,0.01194636,0.001275868,0.007251155,0.00367813,0.0045336,0.001115884,0.0009147407,9.361833E-07,3.504534E-05,6.587999E-05,0.0001965712,0.001645444,0.001436221,1.768642E-09,0.0002039388,2.110888E-05,0.0004924638,0.001651675,8.605373E-10,0.0001113798,0.002753805,0.002432745,0.000853614,0.002840235,0.005000264,0.01456434,0.0005700758,0.002187755,0.000470087,0.005521786,0.01267887,0.002349732,0.009797702,0.0001790468,0.00173757,0.009908602,0.0001180135,0.0004455298,0.000499153,2.468966E-05,0.009721112,0.01332238,0.0007725322,0.0002153552,2.679093E-07,0.01648227,0.002498368,0.0005088779,0.01216769,0.09652416,0.07426006,0.09260335,0.02414575,0.03046954,0.002840649
143,0.0004885523,0.0004621026,0.000135861,0.0005250495,7.594812E-06,0.0003821568,8.771758E-05,0.006499849,0.0001002123,0.01201268,0.001281845,0.007255205,0.003754113,0.004444655,0.001126654,0.0008470397,1.285723E-06,5.382555E-05,6.46741E-05,0.0001983857,0.001642933,0.001449684,1.762783E-09,0.0002044284,2.148194E-05,0.0004949813,0.001668626,9.048934E-10,9.965858E-05,0.00273863,0.002414861,0.0008614167,0.002892323,0.004998292,0.01442024,0.0005655065,0.002186874,0.0004772913,0.005533355,0.01241112,0.002340553,0.009557065,0.0001800977,0.001727178,0.01005502,0.0001208214,0.0004487238,0.0004871198,2.286111E-05,0.01178552,0.0173272,0.0008124966,0.0002407123,2.603887E-07,0.01673193,0.002498807,0.000514347,0.01339084,0.1007204,0.07170057,0.09423296,0.02427119,0.03055259,0.002865557
144,0.0003712246,0.0004897999,0.0001367347,0.000525192,1.082177E-05,0.000289111,8.764622E-05,0.006511843,0.000102096,0.01207974,0.001289468,0.007268568,0.003923617,0.003669616,0.001359828,0.0008784496,1.333874E-06,9.204183E-05,6.386111E-05,0.0001965012,0.001485755,0.001426772,1.770804E-09,0.0002783411,7.717324E-06,0.0004972791,0.001690072,1.157197E-09,9.076388E-05,0.003566912,0.003107308,0.001190349,0.002935227,0.005170234,0.01476335,0.0005697566,0.002173941,0.00048456,0.005748999,0.01249855,0.002396234,0.009589794,0.0001823741,0.001591775,0.01017057,0.0001226398,0.0004506123,0.0005135621,1.9742E-05,0.01479113,0.02359045,0.001092342,0.0002956376,2.756276E-07,0.01747086,0.002514831,0.0005151849,0.01089205,0.08933948,0.08076999,0.1133134,0.02533332,0.03094829,0.002820724
145,0.0003720982,0.0004862063,0.0001361192,0.0005253375,1.082319E-05,0.0002922544,8.755056E-05,0.006517645,0.0001040215,0.01215043,0.001298756,0.007284787,0.004126659,0.003614782,0.001364342,0.0008166347,1.22687E-06,9.649579E-05,6.351222E-05,0.0001933743,0.001485971,0.001433382,1.766002E-09,0.0002780741,8.435657E-06,0.0004977614,0.001686256,1.185238E-09,9.716638E-05,0.003568364,0.003041153,0.001187126,0.002938643,0.005408825,0.01526929,0.0005768624,0.002161844,0.000485168,0.006001185,0.01268153,0.002478621,0.009748697,0.0001829355,0.001586181,0.01016807,0.0001227244,0.000451752,0.0005531755,1.70118E-05,0.01381876,0.02548009,0.00144437,0.0003141972,2.990712E-07,0.0181918,0.002532441,0.0005158969,0.01047685,0.09266502,0.082469,0.1118782,0.02649358,0.03132957,0.00272747
146,0.0003728346,0.0004841189,0.0001364641,0.0005256237,1.082362E-05,0.0002953515,8.754349E-05,0.006523792,0.0001058602,0.01223158,0.001310008,0.007301279,0.004364938,0.00357853,0.001351205,0.0009262956,1.008979E-06,8.921635E-05,6.37401E-05,0.0001875267,0.00147895,0.001410499,1.734892E-09,0.0002774409,8.954001E-06,0.0004964637,0.001645995,1.025338E-09,9.698405E-05,0.003554199,0.002969219,0.001167292,0.002886854,0.005657436,0.01576942,0.0005845153,0.002160341,0.000476805,0.006108155,0.01279793,0.002576142,0.009958272,0.0001835249,0.001581887,0.00994724,0.0001199924,0.0004497541,0.0005963099,1.587695E-05,0.01381165,0.02996836,0.002157142,0.0003584609,3.222944E-07,0.01856257,0.002553658,0.0005172021,0.009432223,0.09473835,0.08398308,0.1081456,0.02751622,0.03143538,0.00261033
147,0.000371994,0.0004827802,0.0001365342,0.0005260043,1.082327E-05,0.0002967013,8.760491E-05,0.006532457,0.0001076004,0.01232103,0.001322657,0.007317358,0.004580196,0.003549698,0.001332358,0.001106284,7.869272E-07,7.921451E-05,6.382993E-05,0.000181953,0.0014668,0.001374958,1.684033E-09,0.0002754231,9.356098E-06,0.0004945707,0.001594215,8.531986E-10,9.478823E-05,0.003534755,0.002894887,0.001134879,0.002807264,0.005909583,0.01626118,0.0005920148,0.002165251,0.0004643531,0.006094792,0.01289456,0.002674239,0.01017552,0.0001840929,0.001577245,0.00965944,0.000115791,0.0004462759,0.000638165,1.542244E-05,0.01378661,0.02914751,0.003049639,0.0004356682,3.465346E-07,0.01891479,0.0025772,0.0005147193,0.008246439,0.09623837,0.08468398,0.1043131,0.02823798,0.03123187,0.002499897
148,0.0003711585,0.0004817331,0.0001363125,0.0005263143,1.082236E-05,0.0002946261,8.762282E-05,0.00654337,0.0001093308,0.01242083,0.001335704,0.00733463,0.004659979,0.00352195,0.001326744,0.001066223,5.903501E-07,7.038756E-05,6.367585E-05,0.0001796765,0.00145968,0.001353897,1.646662E-09,0.000273356,9.923895E-06,0.0004927177,0.001557748,8.308355E-10,9.661919E-05,0.00353024,0.002821726,0.001102235,0.002729068,0.006126557,0.01670226,0.0005993621,0.002166556,0.0004528289,0.00615823,0.01305003,0.002760081,0.01037253,0.0001845752,0.001571411,0.009525145,0.0001115608,0.000445606,0.0006717686,1.457666E-05,0.01154679,0.02558986,0.003243474,0.000406586,3.71268E-07,0.01938943,0.002598381,0.0005057057,0.007331228,0.09723494,0.0845613,0.1020314,0.02865539,0.0308871,0.002416675
149,0.0003724771,0.0004814224,0.000136253,0.0005265096,1.082115E-05,0.0002935264,8.756919E-05,0.006557168,0.000111058,0.01253276,0.001349426,0.007352644,0.004755815,0.003498421,0.001334111,0.0008510139,4.398206E-07,6.280734E-05,6.384856E-05,0.0001789433,0.001461366,0.00136427,1.646133E-09,0.0002717727,1.074419E-05,0.0004911381,0.001552964,1.071038E-09,0.0001042737,0.003534871,0.002752859,0.00107652,0.002678893,0.00629242,0.01710513,0.000606616,0.002164667,0.0004514364,0.00637747,0.01322189,0.002829924,0.01054006,0.0001850304,0.001564938,0.009539534,0.0001083683,0.0004463763,0.0007015896,1.237232E-05,0.007112646,0.01979171,0.002837006,0.0002755822,3.95504E-07,0.01990394,0.002617719,0.0004938518,0.006946205,0.09804484,0.08428128,0.1000957,0.02907429,0.03051926,0.002386474
150,0.0003754117,0.0004824497,0.0001365428,0.0005266636,1.082E-05,0.0002948617,8.750355E-05,0.006579377,0.0001129794,0.01268164,0.001363229,0.007379104,0.004902668,0.003479893,0.001343957,0.0006427639,3.29338E-07,5.724827E-05,6.427374E-05,0.0001801454,0.001466776,0.00138117,1.668886E-09,0.0002704164,1.168337E-05,0.000489953,0.001569735,1.257418E-09,0.0001102018,0.003541486,0.002691037,0.001059086,0.002669792,0.006343069,0.01738274,0.0006128805,0.002162862,0.000456859,0.006636612,0.01339148,0.002853303,0.01066457,0.000185527,0.001558947,0.009597789,0.0001074615,0.0004469312,0.0007281073,8.827646E-06,0.005086107,0.01657051,0.002595648,0.0002129398,4.17926E-07,0.02043372,0.002634144,0.0004839448,0.006977224,0.09943218,0.08468934,0.09829898,0.02921759,0.03030461,0.002418383
151,0.0003779606,0.00048361,0.0001363938,0.0005269644,1.082091E-05,0.0002968924,8.753843E-05,0.006620375,0.000114706,0.01285567,0.001376192,0.007413654,0.004784771,0.003501325,0.001353116,0.0006133137,2.558119E-07,5.711772E-05,6.468616E-05,0.0001844337,0.001484444,0.00140677,1.708016E-09,0.0002700992,1.26906E-05,0.0004895736,0.001596227,1.288352E-09,0.0001127598,0.00356149,0.002639474,0.00105061,0.002694599,0.006080942,0.0170193,0.0006046566,0.002166978,0.0004642367,0.006618194,0.01341453,0.002760464,0.01063624,0.0001862244,0.001554548,0.009680894,0.0001086007,0.0004498002,0.0006890881,5.136902E-06,0.003467932,0.01326388,0.002296806,0.0001645339,3.944E-07,0.01980392,0.00263648,0.0004815448,0.007357508,0.1021618,0.08573366,0.09779005,0.02829797,0.03053124,0.002515806
152,0.0003776725,0.0004825225,0.0001352134,0.0005274703,1.082308E-05,0.0002968979,8.763598E-05,0.006668461,0.0001153971,0.0130079,0.001385361,0.007425753,0.004297844,0.003535556,0.001353955,0.0006039973,1.810234E-07,4.659775E-05,6.560106E-05,0.0001884067,0.001500435,0.001426439,1.735416E-09,0.0002688292,1.369163E-05,0.000489852,0.001624052,1.228867E-09,0.0001121624,0.003569479,0.002596132,0.001047996,0.002737381,0.005720277,0.01635055,0.0005935525,0.002177493,0.0004689874,0.006284607,0.01332995,0.002618779,0.0104902,0.0001871092,0.00155109,0.009745828,0.0001109849,0.0004499924,0.0006180971,4.368466E-06,0.002086507,0.009054697,0.00177433,0.0001150931,3.528397E-07,0.01873964,0.002596423,0.0004855037,0.007965786,0.1054248,0.08650839,0.09784316,0.02699959,0.03095357,0.002645421
153,0.0003759459,0.000478311,0.0001333846,0.0005281112,1.082684E-05,0.0002952378,8.77734E-05,0.006712073,0.0001151387,0.01311649,0.00138959,0.007396549,0.003911522,0.003565357,0.001349539,0.0005420681,1.299258E-07,3.040289E-05,6.702836E-05,0.0001926534,0.001512581,0.001436843,1.753177E-09,0.0002669852,1.460306E-05,0.0004907106,0.001647526,1.103826E-09,0.0001074528,0.003555035,0.002559452,0.001049107,0.002789714,0.00534834,0.01549199,0.0005829292,0.002194599,0.0004709707,0.005872631,0.0131049,0.00246562,0.01021523,0.0001881132,0.001547193,0.00979339,0.0001141596,0.0004470139,0.0005596195,5.149809E-06,0.001572161,0.006835855,0.001500826,8.662127E-05,3.09979E-07,0.01755805,0.00252713,0.0004958501,0.008760734,0.1082665,0.08615418,0.09799977,0.02560423,0.03111604,0.002772529
154,0.0003747925,0.0004725379,0.0001316475,0.0005285573,1.08316E-05,0.0002947909,8.785975E-05,0.006743926,0.0001155885,0.01319212,0.001394215,0.007375468,0.003681158,0.003578801,0.001353198,0.0005087277,1.478337E-07,2.532748E-05,6.664308E-05,0.0001967238,0.001519378,0.001434646,1.761784E-09,0.0002663696,1.513965E-05,0.0004925207,0.001655485,8.949516E-10,9.746533E-05,0.003482745,0.002528346,0.001053008,0.002845593,0.004991066,0.01453986,0.0005724325,0.002211018,0.0004754568,0.005520618,0.01269349,0.002331374,0.009811163,0.0001891078,0.001543574,0.009922492,0.0001175441,0.0004479679,0.0005028661,7.895857E-06,0.001649747,0.006690277,0.001490182,7.870963E-05,2.679075E-07,0.01644469,0.002480459,0.0005101233,0.009753935,0.1114044,0.08145679,0.09935783,0.02415471,0.03050583,0.002866574
155,0.0003736302,0.0004678084,0.0001304385,0.0005288346,1.083693E-05,0.000295305,8.785799E-05,0.006768943,0.0001172196,0.01326537,0.001401242,0.007379534,0.003756674,0.003558074,0.001359386,0.0005093662,3.503061E-07,2.357942E-05,6.542019E-05,0.0001985693,0.001522374,0.001444577,1.752736E-09,0.0002663435,1.575392E-05,0.0004950766,0.001672513,9.384797E-10,8.747455E-05,0.003435133,0.002492793,0.001057355,0.00289773,0.004990891,0.01439983,0.0005677933,0.002210524,0.0004827098,0.005535093,0.01242937,0.002322162,0.009585092,0.0001900294,0.001542636,0.01007158,0.0001205365,0.0004521163,0.0004919298,1.35064E-05,0.002513877,0.008150583,0.001913561,9.281188E-05,2.609119E-07,0.01670065,0.002485044,0.0005160816,0.01076,0.1147164,0.07861792,0.1006884,0.02427784,0.03060868,0.002897469
156,0.0003486967,0.0005052163,0.0001156923,0.0005290085,1.442993E-05,0.0002574568,8.774272E-05,0.006782655,0.0001194184,0.0133394,0.001410142,0.007393122,0.003926806,0.003990592,0.001411416,0.0004885754,5.804521E-07,3.286609E-05,6.458964E-05,0.0001967208,0.002029368,0.00155645,1.756868E-09,0.0002038099,2.026048E-05,0.0004974184,0.001694062,1.201059E-09,0.0001539974,0.003980052,0.002515463,0.0008451882,0.002940907,0.005165772,0.01474548,0.0005719459,0.002197658,0.0004900484,0.005755132,0.01252041,0.002377197,0.009628435,0.0002564871,0.001592584,0.01018991,0.0001226052,0.0004549067,0.0005197781,2.297146E-05,0.004247018,0.01131467,0.002760897,0.000131988,2.767042E-07,0.01744694,0.002507134,0.000517317,0.01780531,0.1353385,0.06738012,0.1013168,0.02533804,0.03102188,0.002856111
157,0.0003496336,0.0005016128,0.0001155461,0.0005291915,1.443277E-05,0.000261744,8.760571E-05,0.006790087,0.0001216661,0.01341725,0.001420868,0.007409675,0.004131308,0.003923021,0.001414273,0.0005443046,7.921246E-07,4.755347E-05,6.422572E-05,0.0001936458,0.002006589,0.001553822,1.748617E-09,0.0002051542,2.121075E-05,0.0004979545,0.001690304,1.224453E-09,0.0001647281,0.003963684,0.002473024,0.0008488767,0.002944685,0.005407939,0.01525332,0.0005789789,0.002185513,0.0004907054,0.006011163,0.01270586,0.002458739,0.009793112,0.0002560783,0.001587761,0.01018825,0.0001228917,0.0004565875,0.0005607578,3.411773E-05,0.006664354,0.01461335,0.003852753,0.0002111388,3.006292E-07,0.01817515,0.002532396,0.0005183353,0.01693757,0.1329528,0.06914867,0.1006136,0.02649716,0.03141294,0.002759704
158,0.0003515832,0.0005006643,0.000116698,0.0005294564,1.44343E-05,0.0002666362,8.751477E-05,0.006800684,0.0001238734,0.01352671,0.001434703,0.007429123,0.004343253,0.003844581,0.001408754,0.0006304841,9.101901E-07,6.174677E-05,6.436744E-05,0.0001919312,0.00197844,0.001540491,1.733168E-09,0.0002063221,2.18758E-05,0.0004966009,0.001663791,1.191793E-09,0.0001717484,0.003947671,0.002427467,0.0008464775,0.002915878,0.005596882,0.01580357,0.0005866098,0.002172972,0.0004849272,0.006190913,0.01291854,0.002525659,0.01000685,0.0002550892,0.001581765,0.01006126,0.0001216259,0.0004559994,0.0006036094,4.368447E-05,0.008272149,0.01463371,0.004544069,0.0003101739,3.260589E-07,0.01886562,0.002555378,0.0005187768,0.01544163,0.1290511,0.07086726,0.09973377,0.02741405,0.0314667,0.002631919
159,0.0003528465,0.0005005248,0.0001177629,0.0005298323,1.443484E-05,0.0002693147,8.750849E-05,0.006810002,0.0001259469,0.01362769,0.001450096,0.007445139,0.004548597,0.00378096,0.001395673,0.0007250956,8.879202E-07,7.080744E-05,6.482741E-05,0.0001871532,0.001943932,0.001510674,1.699478E-09,0.0002063414,2.227432E-05,0.0004946577,0.00162562,1.067442E-09,0.0001726934,0.003925724,0.002384425,0.000836761,0.002868265,0.00578601,0.01632927,0.0005941033,0.002169612,0.0004727787,0.006195884,0.01308046,0.002603441,0.01024266,0.000254089,0.001575002,0.009811767,0.0001195056,0.0004527275,0.0006441626,4.721785E-05,0.010246,0.01420824,0.005166948,0.0004261952,3.506363E-07,0.01931161,0.002580094,0.0005173048,0.01404685,0.1248211,0.07196805,0.09786695,0.02804628,0.03124798,0.002524737
160,0.0003534632,0.0004996842,0.0001176963,0.000530202,1.443449E-05,0.0002693196,8.751316E-05,0.006820988,0.0001280109,0.01372769,0.001464345,0.00746188,0.004700491,0.003736534,0.001385659,0.0008721605,8.344336E-07,6.98076E-05,6.481285E-05,0.0001841814,0.001909759,0.001479163,1.668998E-09,0.0002051047,2.275641E-05,0.0004928331,0.001589439,9.581269E-10,0.0001734047,0.003905842,0.002346243,0.0008255286,0.002809201,0.005986138,0.01680576,0.0006013951,0.002175277,0.0004590478,0.00616596,0.01322143,0.002685705,0.01045252,0.0002532733,0.001567279,0.009626231,0.0001163642,0.0004505806,0.0006793897,4.465499E-05,0.01402236,0.01500193,0.006308041,0.0005087231,3.76623E-07,0.01977596,0.002606959,0.0005107581,0.01277307,0.1212614,0.07251946,0.0959894,0.02856506,0.03092722,0.002468511
161,0.0003551942,0.000499812,0.0001178816,0.0005305095,1.443367E-05,0.0002688975,8.749575E-05,0.006837196,0.0001303479,0.0138683,0.001477102,0.007492173,0.004829572,0.003696147,0.001388,0.001047661,7.869586E-07,7.324989E-05,6.490922E-05,0.000184636,0.00188462,0.001470134,1.653141E-09,0.0002043589,2.345717E-05,0.0004912996,0.00157552,1.0277E-09,0.0001814752,0.003897615,0.002309693,0.0008161893,0.002760648,0.00614546,0.01723683,0.0006081202,0.002178956,0.00045101,0.006294031,0.01339243,0.002755813,0.01063123,0.0002525017,0.001559742,0.009590857,0.0001135789,0.0004504588,0.0007085488,4.074703E-05,0.0157004,0.01385316,0.006619643,0.000606484,4.029101E-07,0.02029756,0.002628759,0.0005010659,0.01209393,0.1188338,0.07301802,0.09476727,0.02905777,0.03063312,0.00245873
162,0.0003567135,0.0005031384,0.000118669,0.0005308136,1.44331E-05,0.0002715807,8.748488E-05,0.006867756,0.00013255,0.01409972,0.001497113,0.00753956,0.004990206,0.003653445,0.001388551,0.001155505,7.580583E-07,7.8429E-05,6.569057E-05,0.0001856588,0.001869249,0.001479001,1.66333E-09,0.0002047079,2.434205E-05,0.000489948,0.001582613,1.173936E-09,0.000191793,0.003896624,0.002274018,0.000810549,0.002744219,0.006190781,0.01764276,0.0006135537,0.002177763,0.0004518367,0.006492918,0.0135729,0.002778442,0.01076535,0.0002516005,0.001553868,0.009582407,0.0001125426,0.0004484528,0.0007340256,3.868255E-05,0.01600453,0.01311054,0.00655636,0.0007013645,4.225708E-07,0.02088507,0.002646911,0.0004932269,0.01200957,0.1173619,0.07386277,0.09332626,0.02952426,0.0304263,0.002499055
163,0.0003603587,0.0005086542,0.000120095,0.0005312037,1.443538E-05,0.0002769432,8.756164E-05,0.006922875,0.0001350205,0.01437954,0.001513469,0.007592022,0.005027905,0.003635801,0.001390721,0.001248702,7.717753E-07,8.110364E-05,6.696982E-05,0.0001893475,0.001864933,0.001493222,1.673358E-09,0.0002031092,2.534357E-05,0.0004893256,0.001600987,1.187369E-09,0.0001924997,0.003897919,0.002244983,0.000809576,0.002760486,0.005955684,0.01738559,0.0006112839,0.002183631,0.0004558103,0.006615393,0.01360867,0.002693915,0.01074278,0.0002509754,0.00155004,0.009583191,0.0001135822,0.0004479222,0.0007212376,4.026567E-05,0.01571542,0.01267189,0.006228652,0.0007855187,4.052466E-07,0.02038649,0.002659207,0.0004937751,0.01229937,0.1175491,0.07531544,0.0927735,0.0289066,0.03040699,0.002597028
164,0.0003612361,0.0005052841,0.0001190944,0.0005319319,1.44397E-05,0.0002759884,8.77436E-05,0.00697504,0.0001334832,0.01450888,0.00150859,0.007618745,0.004462142,0.003665171,0.001385785,0.001303104,6.66247E-07,8.030477E-05,6.770149E-05,0.0001943411,0.001865365,0.00150525,1.677348E-09,0.0001999806,2.634831E-05,0.0004895497,0.001624067,1.122058E-09,0.000191279,0.003897072,0.00222348,0.0008116964,0.002793708,0.00561311,0.01680437,0.0006021901,0.002200963,0.0004573224,0.006352901,0.01357719,0.002564538,0.01065814,0.0002508365,0.001548028,0.009580114,0.0001157428,0.0004451872,0.0006500846,4.636632E-05,0.0152403,0.01251514,0.005817192,0.0008337644,3.663415E-07,0.01934678,0.002619975,0.0004994664,0.01277545,0.1188942,0.07691705,0.09317227,0.02774334,0.03094594,0.002736726
165,0.0003587916,0.0004973208,0.0001167638,0.000532964,1.44462E-05,0.0002719252,8.8037E-05,0.0070312,0.0001305224,0.01459136,0.001500465,0.007630864,0.004084197,0.003696134,0.001371198,0.001322204,6.625999E-07,6.332356E-05,6.928325E-05,0.0001974006,0.00186331,0.001510119,1.684647E-09,0.0001967968,2.728731E-05,0.0004904783,0.001647282,1.026353E-09,0.000185784,0.003881561,0.002207043,0.0008170505,0.002841198,0.005259693,0.01601994,0.0005926444,0.002225774,0.0004563236,0.005984619,0.01343184,0.002422349,0.01046147,0.0002510737,0.001545243,0.009569409,0.0001188035,0.0004386298,0.0005903299,5.82249E-05,0.01612734,0.01249237,0.005534734,0.0009229065,3.263483E-07,0.01820539,0.002536116,0.000511574,0.01359566,0.1201282,0.07797775,0.09358878,0.02644547,0.03147417,0.00288329
166,0.0003576633,0.0004928933,0.0001149629,0.0005338374,1.445371E-05,0.0002698217,8.825106E-05,0.007077529,0.0001308478,0.01475126,0.001495737,0.007574976,0.003816674,0.003708881,0.001369741,0.001310077,6.846062E-07,6.245617E-05,6.975813E-05,0.0002004447,0.001855496,0.001503195,1.68988E-09,0.0001941138,2.782326E-05,0.000492054,0.001657048,8.651471E-10,0.0001702227,0.003810924,0.002194345,0.0008249449,0.002894487,0.004915802,0.01505602,0.0005824795,0.0022525,0.0004579418,0.005618302,0.01308122,0.002292038,0.01007397,0.0002512773,0.001542283,0.009648264,0.0001222853,0.0004362864,0.000539412,7.453795E-05,0.01591093,0.01235797,0.005066582,0.0009678022,2.869063E-07,0.01708474,0.002472629,0.0005286406,0.01479402,0.1212007,0.07580036,0.09492153,0.02501758,0.03125593,0.002998151
167,0.0003572611,0.0004872431,0.0001140728,0.0005343447,1.446251E-05,0.0002705438,8.834386E-05,0.007083728,0.0001333382,0.01478729,0.001500803,0.007509813,0.003857288,0.003672208,0.001370317,0.001260196,8.634815E-07,5.684858E-05,6.847028E-05,0.0002035482,0.001845208,0.001507034,1.686E-09,0.0001936306,2.827611E-05,0.0004944752,0.001671712,8.757348E-10,0.0001523928,0.003742314,0.002175851,0.0008335939,0.00294652,0.004865173,0.01491996,0.0005773723,0.002253476,0.0004634987,0.005589722,0.01284822,0.002272971,0.009856221,0.0002512955,0.001543685,0.009752515,0.0001255955,0.00043879,0.0005249884,9.27892E-05,0.01545537,0.01230247,0.004630102,0.001002285,2.775101E-07,0.01738972,0.002472725,0.0005390177,0.01612792,0.1230236,0.07371835,0.0965767,0.02501784,0.03136877,0.003039159
168,0.0003273408,0.0005395379,0.0001427511,0.0005346723,1.439702E-05,0.0003197974,8.829063E-05,0.007081348,0.0001368241,0.01483453,0.001511186,0.007497143,0.004033706,0.003393451,0.001243676,0.001476851,9.6857E-07,7.740251E-05,6.722496E-05,0.0002009761,0.001668913,0.001356922,1.695152E-09,0.000268282,3.072925E-05,0.0004964118,0.001688336,1.080248E-09,6.486599E-05,0.00337227,0.002127653,0.0006024938,0.002983007,0.005016595,0.01530211,0.0005815119,0.002244904,0.000469278,0.00579664,0.01295326,0.002327772,0.009908035,0.0003539482,0.001543271,0.009835661,0.0001277107,0.0004409993,0.0005501988,0.00011184,0.01473304,0.01262236,0.004214161,0.001042798,2.934969E-07,0.01820141,0.0024936,0.000544408,0.01811494,0.1177453,0.1011872,0.09943356,0.0261855,0.03170732,0.002986938
169,0.0003278115,0.0005358517,0.0001420468,0.0005350154,1.44019E-05,0.0003229056,8.822479E-05,0.007083053,0.0001403222,0.01491933,0.001526239,0.00750579,0.004266257,0.003353738,0.001246278,0.001386895,1.051634E-06,9.307407E-05,6.676435E-05,0.000197078,0.001662725,0.001364001,1.694954E-09,0.000268192,3.161621E-05,0.0004973323,0.001687342,1.095178E-09,6.854382E-05,0.003386255,0.002108054,0.0006095998,0.002996235,0.005252219,0.0158437,0.0005888295,0.00223475,0.0004667337,0.006007243,0.01314474,0.002413209,0.01007678,0.0003508242,0.001543294,0.009765982,0.0001288669,0.0004416677,0.0005906705,0.0001216483,0.01280054,0.01259265,0.003645643,0.001085401,3.180946E-07,0.01888508,0.002520459,0.0005493105,0.01764407,0.118021,0.1026667,0.09907441,0.02754518,0.03203179,0.002867445
170,0.00032839,0.0005332861,0.000142173,0.0005355254,1.44057E-05,0.0003247552,8.827715E-05,0.007086099,0.0001433135,0.01499587,0.001540006,0.007518258,0.004535608,0.00332951,0.001232805,0.001370176,1.080193E-06,0.0001060584,6.72532E-05,0.0001869932,0.001638642,0.00133057,1.647868E-09,0.0002664416,3.154494E-05,0.0004965662,0.0016386,8.820741E-10,6.595787E-05,0.003369584,0.002084098,0.000603979,0.002933217,0.005435695,0.01614859,0.0005966454,0.002237691,0.0004567132,0.006062855,0.0131014,0.002513099,0.01023987,0.0003473141,0.001543278,0.009523794,0.0001260287,0.0004384246,0.0006317337,0.0001202765,0.01244533,0.01308068,0.003142319,0.001130502,3.373441E-07,0.01901187,0.00255029,0.0005559891,0.01543745,0.1160468,0.1030968,0.0959512,0.02880823,0.03181374,0.002719103
171,0.0003258839,0.0005322326,0.0001418581,0.00053617,1.44085E-05,0.000324062,8.843733E-05,0.007096665,0.0001460181,0.01509987,0.001556949,0.007534553,0.004788556,0.003302622,0.001210029,0.001362646,1.106038E-06,0.0001183061,6.687278E-05,0.0001749599,0.001608053,0.00129146,1.57981E-09,0.0002637992,3.105809E-05,0.0004951028,0.001575073,7.1336E-10,6.239486E-05,0.003344965,0.002050379,0.0005902826,0.002835201,0.005647897,0.01660563,0.000604148,0.00224177,0.0004432927,0.005987797,0.01296396,0.002606433,0.01042651,0.0003435288,0.001542723,0.009217381,0.0001213446,0.0004324128,0.0006735164,0.0001126901,0.01336221,0.01452591,0.002817112,0.001202486,3.541401E-07,0.01911319,0.002582108,0.0005561203,0.0128983,0.114284,0.103129,0.09236629,0.02973602,0.03111282,0.002585026
172,0.000323712,0.0005313584,0.0001408022,0.0005367475,1.441058E-05,0.0003179256,8.854757E-05,0.007113133,0.0001488199,0.01523295,0.00157367,0.007562807,0.004831457,0.00328064,0.001202973,0.001372008,1.125087E-06,0.0001292635,6.619203E-05,0.0001680383,0.001589346,0.001269442,1.537103E-09,0.0002618966,3.088662E-05,0.0004937444,0.001524076,6.898107E-10,6.218597E-05,0.00335354,0.002020421,0.0005791759,0.00274627,0.005857536,0.0170646,0.00061146,0.002240813,0.0004301328,0.005933924,0.01296792,0.002695241,0.01062676,0.0003396391,0.001540314,0.009024615,0.0001170018,0.000429521,0.0007049717,9.930767E-05,0.01679948,0.01900693,0.002888699,0.001432602,3.763292E-07,0.01952328,0.002603761,0.0005469428,0.01098092,0.112651,0.1024249,0.09084251,0.03022553,0.03062212,0.002485519
173,0.0003253829,0.0005310983,0.0001404677,0.0005371606,1.441251E-05,0.0003140563,8.855142E-05,0.007131053,0.0001511765,0.01537545,0.001591008,0.007580671,0.004925239,0.003274962,0.001209946,0.001202695,1.14132E-06,0.0001394654,6.654612E-05,0.0001667587,0.001581278,0.001274,1.539031E-09,0.0002591015,3.130154E-05,0.0004927045,0.001507729,9.409221E-10,6.659354E-05,0.003376011,0.001997225,0.0005729427,0.002684926,0.005997329,0.0175059,0.0006187457,0.002240787,0.0004264604,0.006113952,0.01311283,0.002742364,0.01078342,0.0003361625,0.001536859,0.00899654,0.0001133727,0.0004292123,0.0007345491,8.661972E-05,0.01617666,0.0185285,0.002507842,0.001331516,3.987971E-07,0.02002515,0.002616897,0.0005345754,0.01010909,0.110784,0.1014382,0.08983919,0.03065225,0.03013353,0.002441814
174,0.0003289509,0.0005344248,0.0001406924,0.0005375699,1.441498E-05,0.0003144292,8.857468E-05,0.007166231,0.0001539399,0.01562725,0.001611009,0.007636922,0.005082298,0.003271003,0.001221252,0.001058606,1.131687E-06,0.0001467772,6.712917E-05,0.0001697893,0.001580768,0.001292899,1.565421E-09,0.0002556595,3.209109E-05,0.0004920312,0.001519701,1.164583E-09,7.08699E-05,0.00340346,0.001978911,0.0005704148,0.002660481,0.005972248,0.01775963,0.0006225542,0.002242632,0.000429939,0.006349108,0.01330251,0.002739893,0.01091192,0.0003330609,0.001533645,0.008988478,0.0001115433,0.0004280193,0.0007531632,7.779411E-05,0.01568086,0.01784577,0.002296274,0.001196255,4.153943E-07,0.02048482,0.002616432,0.0005245864,0.01000515,0.1099461,0.1014391,0.08922745,0.03052092,0.02996363,0.002468018
175,0.0003300114,0.0005337638,0.0001393013,0.0005380497,1.441997E-05,0.0003123037,8.86485E-05,0.007203093,0.0001558226,0.01575384,0.001625198,0.007649818,0.00501752,0.003299636,0.001230428,0.00101473,1.081914E-06,0.0001414567,6.731301E-05,0.0001757567,0.001593312,0.001321582,1.62593E-09,0.000253704,3.306464E-05,0.000492003,0.001543107,1.261242E-09,7.43729E-05,0.00344292,0.001965936,0.0005722634,0.002663413,0.005728199,0.01757825,0.0006173598,0.002245565,0.0004354563,0.006366193,0.01342975,0.002660776,0.01097777,0.0003302442,0.001531226,0.009025518,0.0001111308,0.0004297445,0.0007292664,7.406009E-05,0.01573248,0.01713443,0.002225759,0.001121533,3.943111E-07,0.02000554,0.002607009,0.0005202558,0.01041128,0.1106135,0.1028754,0.08938238,0.02976226,0.03022891,0.002560297
176,0.0003284144,0.0005291093,0.0001368351,0.0005386803,1.442602E-05,0.0003095932,8.874156E-05,0.007241118,0.0001573379,0.01585011,0.001631423,0.007652558,0.004702166,0.003346439,0.00123581,0.0009443031,9.950181E-07,0.0001281919,6.750615E-05,0.0001816097,0.001606243,0.00134727,1.696762E-09,0.0002524397,3.409068E-05,0.0004926363,0.001569822,1.252856E-09,7.565293E-05,0.003474195,0.001958199,0.0005791734,0.002690626,0.005425242,0.01707347,0.0006066345,0.002253758,0.0004408275,0.006162398,0.01343428,0.002558008,0.01093418,0.0003278779,0.001530435,0.009080266,0.0001123869,0.0004316359,0.0006719368,7.341144E-05,0.01568286,0.01382557,0.00195055,0.0009728846,3.663384E-07,0.01920678,0.002555488,0.0005206065,0.01130213,0.1125477,0.1048684,0.09018475,0.0286197,0.03081326,0.002678922
177,0.0003282271,0.0005253209,0.0001350985,0.0005392447,1.443309E-05,0.0003092202,8.884386E-05,0.007278096,0.0001584731,0.01598617,0.001639972,0.007639667,0.004415982,0.003392222,0.001243562,0.0008567451,9.342654E-07,7.054068E-05,6.83422E-05,0.0001855425,0.001615521,0.001360992,1.742386E-09,0.0002490623,3.485051E-05,0.0004938506,0.001588534,1.093527E-09,7.116691E-05,0.003461099,0.001955911,0.0005892928,0.002737277,0.005087384,0.01615096,0.0005949902,0.002275392,0.0004464893,0.005886073,0.01315493,0.002434975,0.01057861,0.0003258614,0.001529622,0.009163842,0.0001151439,0.0004341546,0.0006111895,7.240053E-05,0.01363117,0.01066697,0.001585352,0.0007790383,3.270059E-07,0.01811911,0.00250212,0.0005286626,0.01254837,0.114806,0.1027022,0.09147901,0.02714466,0.03083648,0.002796054
178,0.0003283166,0.0005216842,0.0001338962,0.0005397669,1.444125E-05,0.0003097268,8.892943E-05,0.007313746,0.0001602398,0.0161157,0.001650848,0.007638298,0.004107424,0.0034165,0.001251495,0.0008062793,9.135517E-07,5.693427E-05,6.841581E-05,0.0001881989,0.001620422,0.001363981,1.766516E-09,0.000247398,3.504838E-05,0.0004955476,0.001590659,8.788196E-10,6.455519E-05,0.003390907,0.001954485,0.0006009357,0.002789422,0.004767761,0.01516521,0.0005836788,0.002292999,0.0004531434,0.005647121,0.01270976,0.002325242,0.01015089,0.0003240524,0.001526289,0.00930132,0.000118374,0.0004382234,0.0005624524,7.049129E-05,0.01069657,0.008092501,0.001297144,0.0006136053,2.871988E-07,0.01714374,0.002475405,0.0005417578,0.01399167,0.1172693,0.09453659,0.09336417,0.02566753,0.0298729,0.002888768
179,0.0003268053,0.0005167268,0.0001324209,0.0005401453,1.444922E-05,0.0003087975,8.891941E-05,0.007339963,0.000162537,0.01618782,0.001659504,0.007646586,0.004080672,0.003381979,0.001256005,0.0007643256,9.006918E-07,6.241662E-05,6.738031E-05,0.0001911349,0.001619987,0.001379112,1.767867E-09,0.0002481994,3.544753E-05,0.0004975536,0.001604199,9.894052E-10,5.863374E-05,0.003352002,0.001939248,0.0006119324,0.00283631,0.004785526,0.01507321,0.0005797477,0.002277096,0.0004612212,0.005721388,0.01246853,0.002324228,0.009947142,0.0003216335,0.001526189,0.009435599,0.0001211894,0.0004429666,0.0005534017,6.62875E-05,0.009179699,0.006385077,0.001139883,0.0004939485,2.798531E-07,0.01743188,0.00248513,0.0005467272,0.01540993,0.1203406,0.09021901,0.09510398,0.02594912,0.02970239,0.002922366
180,0.0002891369,0.000580657,0.0001291572,0.0005404445,1.994812E-05,0.0002644721,8.881703E-05,0.007359859,0.000165209,0.01627015,0.001670574,0.007662005,0.004163067,0.002384017,0.0009117324,0.000735774,8.225624E-07,6.180961E-05,6.689138E-05,0.0001914186,0.001933592,0.001326104,1.778952E-09,0.0002010632,2.810028E-05,0.0004995144,0.001623568,1.226588E-09,3.702115E-05,0.00311935,0.002199368,0.0006244664,0.002880371,0.004951522,0.0154317,0.0005830142,0.002247302,0.0004693044,0.00595672,0.01256564,0.002377632,0.009989569,0.0004094107,0.001801413,0.009539904,0.000123391,0.0004459151,0.0005782029,5.925823E-05,0.007684395,0.005223218,0.0009959177,0.0003873771,2.945575E-07,0.01814375,0.002509091,0.0005487002,0.0196829,0.1337517,0.07221547,0.1264791,0.02712218,0.02982581,0.002863469
181,0.0002900951,0.0005762812,0.000128746,0.0005407202,1.995387E-05,0.0002682793,8.867469E-05,0.007373321,0.0001679632,0.01635682,0.001684629,0.007680098,0.004316696,0.002391585,0.000924058,0.0006989194,7.718644E-07,6.756142E-05,6.663196E-05,0.000192023,0.001918496,0.00134642,1.78696E-09,0.0002024441,2.899674E-05,0.0005007655,0.001639023,1.325347E-09,4.04631E-05,0.003148483,0.002166015,0.000633963,0.002908309,0.00517116,0.0159375,0.0005894023,0.002221955,0.0004734583,0.006238166,0.01278751,0.002455387,0.01013315,0.0004035164,0.001784005,0.00959319,0.0001249004,0.0004479099,0.0006135677,5.303559E-05,0.007586281,0.004859718,0.001072396,0.0003600129,3.170879E-07,0.01888717,0.002536156,0.0005492215,0.0196747,0.1320706,0.07443906,0.1248831,0.0283388,0.03000243,0.002757465
182,0.0002909941,0.0005715112,0.0001281229,0.0005410952,1.995774E-05,0.0002711735,8.859233E-05,0.007383939,0.0001706101,0.01643863,0.001698757,0.007697708,0.004527996,0.002418251,0.0009279012,0.0007084326,7.262952E-07,7.084043E-05,6.650155E-05,0.0001901437,0.001897364,0.001350996,1.773806E-09,0.0002027118,2.982086E-05,0.0005004021,0.001627179,1.243461E-09,4.238018E-05,0.00317441,0.00213327,0.0006387913,0.002898195,0.005409995,0.01643603,0.0005965244,0.002211201,0.0004676309,0.006377675,0.01300123,0.002543205,0.01031091,0.0003974979,0.001761678,0.00949686,0.0001244056,0.0004482373,0.0006517119,4.701138E-05,0.00688207,0.00473707,0.001152921,0.0003338899,3.418054E-07,0.01932309,0.002566694,0.0005485605,0.01832412,0.1285513,0.0766535,0.1208116,0.02930547,0.03014916,0.002640629
183,0.0002901634,0.0005668932,0.0001273536,0.0005415352,1.996007E-05,0.0002719722,8.856533E-05,0.007395641,0.0001731654,0.01653006,0.001714547,0.007714869,0.00471525,0.002454411,0.0009281938,0.0006553618,6.722558E-07,7.597214E-05,6.626693E-05,0.000187342,0.001868565,0.001336243,1.725976E-09,0.0002009438,3.040155E-05,0.000499166,0.001595368,1.075745E-09,4.258118E-05,0.003196607,0.002101939,0.0006375383,0.002841264,0.005655827,0.01689528,0.0006036569,0.002214252,0.0004581111,0.006420235,0.01315007,0.002631821,0.01046683,0.0003917091,0.001738071,0.009336615,0.000120926,0.0004477342,0.000688979,3.982983E-05,0.005525342,0.004239119,0.001142739,0.0003086802,3.671034E-07,0.01968563,0.002598274,0.0005423866,0.01616575,0.1252546,0.07806014,0.116585,0.02988939,0.03011918,0.002544843
184,0.0002886297,0.0005630405,0.0001268935,0.0005419431,1.996121E-05,0.0002706209,8.852538E-05,0.007409264,0.0001756845,0.01663537,0.001731561,0.007732233,0.004801784,0.002485075,0.0009313817,0.000647097,6.552548E-07,8.215126E-05,6.583799E-05,0.0001838038,0.001840734,0.001322291,1.689669E-09,0.0002003906,3.080632E-05,0.0004975359,0.001555715,9.723957E-10,4.267137E-05,0.003220562,0.002068345,0.0006313713,0.002760574,0.005875693,0.01731056,0.0006105304,0.002216905,0.0004484527,0.006509884,0.01329535,0.002700052,0.01061605,0.0003861192,0.001714603,0.009248939,0.0001161639,0.000448592,0.0007198763,3.297564E-05,0.005021478,0.002524347,0.001051991,0.0002676682,3.923015E-07,0.02011966,0.002628756,0.0005300624,0.01394814,0.1218159,0.07859045,0.1130746,0.0301918,0.02989485,0.002467421
185,0.0002898007,0.0005605338,0.0001273838,0.0005422533,1.996167E-05,0.0002717577,8.8427E-05,0.007424293,0.0001780975,0.01674853,0.001748596,0.007747926,0.004919593,0.002510506,0.0009453446,0.0005619275,6.828545E-07,8.892368E-05,6.620467E-05,0.0001825438,0.001824615,0.001335792,1.681514E-09,0.0002002827,3.149742E-05,0.0004958758,0.001543462,1.111509E-09,4.545002E-05,0.003253398,0.002033984,0.0006255998,0.00270246,0.006035209,0.01769819,0.0006170442,0.002215437,0.0004470072,0.006735987,0.01345427,0.00275816,0.01074746,0.0003806365,0.001692244,0.00928496,0.0001122077,0.000450747,0.0007485054,3.023952E-05,0.00479323,0.003000861,0.0009839028,0.0002265668,4.180793E-07,0.0205748,0.002657112,0.0005167656,0.01284307,0.1183229,0.07872409,0.1097244,0.03048529,0.02957962,0.002432615
186,0.0002928961,0.0005606798,0.0001284387,0.0005425637,1.996268E-05,0.0002760683,8.835306E-05,0.007454719,0.0001806426,0.01693452,0.001765817,0.00777752,0.005127614,0.002538634,0.0009623418,0.0006931509,7.258493E-07,9.264076E-05,6.694657E-05,0.0001839816,0.001816622,0.001357802,1.684699E-09,0.0001993866,3.238759E-05,0.0004945929,0.001555302,1.2181E-09,4.751073E-05,0.003288182,0.002004246,0.0006233353,0.002688222,0.00604225,0.01788935,0.0006211125,0.002216499,0.0004524891,0.006995254,0.01361352,0.002760697,0.01085151,0.0003754755,0.001672226,0.009361771,0.0001107801,0.0004524765,0.0007744108,3.154939E-05,0.005503591,0.004060752,0.001012283,0.0002143425,4.412769E-07,0.0209922,0.002680329,0.0005068767,0.01279526,0.1161986,0.07948282,0.1066751,0.03045444,0.02938055,0.002459906
187,0.0002942714,0.0005636266,0.0001285654,0.0005431875,1.996744E-05,0.0002798311,8.841333E-05,0.007509911,0.0001830463,0.01726137,0.001788796,0.00784307,0.005033965,0.002587756,0.0009732631,0.0008341395,7.77273E-07,9.168841E-05,6.777345E-05,0.000188395,0.001825109,0.001389435,1.70804E-09,0.0002008708,3.339963E-05,0.0004939152,0.001578275,1.209133E-09,4.785639E-05,0.003331453,0.001978275,0.0006252209,0.002711363,0.005796192,0.01750786,0.0006140631,0.002217792,0.0004586437,0.007009274,0.01361943,0.00267309,0.0108177,0.0003704681,0.001655922,0.009412743,0.0001118847,0.0004543257,0.000743387,3.693131E-05,0.00683474,0.005168321,0.001111941,0.0002345668,4.171432E-07,0.02039094,0.002679836,0.0005041088,0.01338071,0.1161051,0.08067977,0.1050184,0.02951386,0.02954595,0.002548504
188,0.0002924884,0.0005593668,0.0001268695,0.0005439614,1.99748E-05,0.0002793119,8.851599E-05,0.007572015,0.0001830257,0.01742755,0.001789912,0.007858919,0.004634517,0.002651227,0.0009750983,0.000900687,6.047389E-07,7.819138E-05,6.798837E-05,0.0001927242,0.001833571,0.001420983,1.721617E-09,0.0002016841,3.445289E-05,0.0004938558,0.001604422,1.151985E-09,4.826539E-05,0.003369557,0.001957353,0.0006296683,0.002747832,0.005446112,0.01694707,0.0006028363,0.002223037,0.0004621883,0.006662782,0.01359877,0.002538072,0.01076602,0.0003659948,0.001642012,0.009470616,0.0001140492,0.0004543682,0.0006658096,4.484421E-05,0.00674666,0.005242441,0.001052133,0.0002315301,3.718582E-07,0.01928405,0.0026322,0.0005059603,0.0143326,0.1172789,0.08256626,0.1042889,0.02825841,0.03013657,0.002680023
189,0.0002910217,0.0005565462,0.000125304,0.0005448789,1.998448E-05,0.0002790733,8.866599E-05,0.007629645,0.0001841874,0.01764058,0.00180419,0.007831084,0.004036636,0.002716937,0.0009789785,0.0008929118,4.942731E-07,5.689296E-05,6.875602E-05,0.0001935056,0.00183669,0.001434483,1.734801E-09,0.0002030458,3.509728E-05,0.0004946883,0.001618409,9.723029E-10,4.451794E-05,0.00334848,0.001942355,0.0006383038,0.002801099,0.005084337,0.01597516,0.0005914755,0.002239771,0.0004630781,0.006193969,0.01325057,0.002385404,0.0103658,0.0003621053,0.00162517,0.009532052,0.0001174511,0.0004507373,0.0005920086,5.372574E-05,0.005140758,0.004084946,0.0007975129,0.000185853,3.229063E-07,0.01801215,0.002551042,0.0005161464,0.01581402,0.1180961,0.0799168,0.1037383,0.02671672,0.02988235,0.002817735
190,0.0002894718,0.000550328,0.000123231,0.0005457717,1.999641E-05,0.0002760544,8.879349E-05,0.007672009,0.0001842882,0.01775527,0.001814516,0.007783288,0.003680218,0.002779389,0.0009809535,0.0008944588,7.858775E-07,3.144359E-05,6.931202E-05,0.0001916902,0.001830205,0.001431684,1.731662E-09,0.0002039081,3.522291E-05,0.0004963459,0.001607114,7.850921E-10,4.022865E-05,0.003281776,0.001929784,0.0006488929,0.002850513,0.004744214,0.01489458,0.0005805945,0.002257453,0.0004632089,0.005756514,0.01277934,0.002245535,0.009893042,0.0003586606,0.00159652,0.009619119,0.0001206785,0.0004460611,0.000535799,6.113278E-05,0.005212592,0.00379149,0.0006770187,0.0001647816,2.793691E-07,0.01678901,0.002475996,0.0005328507,0.01743932,0.1173333,0.07307553,0.1031383,0.02518478,0.02834871,0.00293785
191,0.0002886193,0.0005438665,0.0001216823,0.0005462751,2.00095E-05,0.0002753901,8.877547E-05,0.00770159,0.0001869539,0.01781756,0.001823845,0.007775807,0.003794599,0.002804342,0.0009898985,0.0008836027,1.540838E-06,4.643788E-05,6.759111E-05,0.00019374,0.001821587,0.001442824,1.697212E-09,0.0002053622,3.563663E-05,0.0004987078,0.001617273,8.791476E-10,3.562647E-05,0.003247067,0.001905273,0.0006596899,0.002899273,0.004779106,0.01483123,0.0005763286,0.002235466,0.00046847,0.005759066,0.01259956,0.002244375,0.009713441,0.0003548268,0.001584317,0.009752356,0.0001235462,0.0004475366,0.0005288651,6.196871E-05,0.008661406,0.005389931,0.0007330555,0.0001872381,2.767219E-07,0.01710409,0.002477169,0.0005400201,0.01926709,0.1192113,0.07010584,0.1035601,0.0257039,0.02819163,0.002973668
192,0.0003670299,0.0006181294,0.0001380781,0.0005466281,2.553151E-05,0.0002696021,8.862541E-05,0.007717712,0.0001905891,0.01789296,0.001838333,0.007786349,0.004055221,0.003686538,0.001305789,0.0006921534,2.07409E-06,6.08132E-05,6.668986E-05,0.0001899066,0.001360209,0.001249171,1.696163E-09,0.0001303427,7.97984E-06,0.0005010998,0.001636863,1.170539E-09,2.800232E-05,0.003316708,0.001331024,0.000579456,0.002942184,0.004964795,0.01523934,0.0005804555,0.002212579,0.000474331,0.005977682,0.01274516,0.002301762,0.00979641,0.0001671695,0.0009649055,0.009851343,0.0001256635,0.0004488636,0.0005604388,5.550174E-05,0.008911029,0.009753211,0.000978779,0.0002615488,2.955408E-07,0.01789233,0.002502701,0.0005441594,0.02665033,0.09455743,0.05710603,0.1087471,0.02704489,0.02862218,0.00291994
193,0.0003689835,0.000612135,0.0001371326,0.0005469733,2.55404E-05,0.0002741993,8.844977E-05,0.007725733,0.00019429,0.01796799,0.001853855,0.007802417,0.00431913,0.003654716,0.001310313,0.0006578552,2.360883E-06,7.987614E-05,6.619018E-05,0.0001868122,0.001367272,0.001265067,1.687628E-09,0.0001316064,8.310839E-06,0.0005020184,0.001646077,1.229389E-09,2.996E-05,0.003341282,0.00133848,0.0005874116,0.002960206,0.005209981,0.01577997,0.0005871963,0.002199679,0.0004753027,0.006239363,0.01297903,0.002382683,0.009959592,0.0001672942,0.0009794311,0.009874975,0.0001263946,0.0004501441,0.0006038076,4.485255E-05,0.010501,0.01358311,0.001120379,0.0003082975,3.216099E-07,0.01862088,0.00253425,0.0005468221,0.02628605,0.09879196,0.05968588,0.1078311,0.02834343,0.02919901,0.002808284
194,0.0003698169,0.0006083379,0.0001371293,0.0005476318,2.554709E-05,0.0002776792,8.840976E-05,0.007735759,0.0001977864,0.01806525,0.001870871,0.007819976,0.00459765,0.003622091,0.001294479,0.0006597789,1.844047E-06,8.821287E-05,6.6547E-05,0.0001790222,0.001363386,0.001249413,1.638805E-09,0.000131469,8.568583E-06,0.0005003844,0.00161236,1.025308E-09,2.936929E-05,0.003340321,0.001349817,0.0005857322,0.002909126,0.005416759,0.01615342,0.0005943859,0.002203213,0.0004660574,0.006289836,0.01308982,0.002476867,0.01014864,0.0001682156,0.0009996284,0.009648078,0.0001235315,0.0004478618,0.0006464302,3.595592E-05,0.01049772,0.01747983,0.001424004,0.0003801318,3.423081E-07,0.01890349,0.002571053,0.0005509468,0.02316804,0.1014976,0.06187342,0.1040498,0.02950384,0.02949439,0.00268278
195,0.0003671007,0.0006060567,0.0001368269,0.0005485185,2.555216E-05,0.000278621,8.84995E-05,0.007751206,0.00020122,0.01818946,0.001891671,0.007839905,0.004865733,0.003594118,0.001269749,0.0008572669,1.597788E-06,9.583238E-05,6.649838E-05,0.0001691268,0.001349327,0.001218029,1.542564E-09,0.0001302801,8.738642E-06,0.0004978985,0.001559911,7.92499E-10,2.758447E-05,0.003318577,0.001354575,0.0005738932,0.002810433,0.005638953,0.01655132,0.0006015489,0.002214812,0.0004522965,0.006194536,0.01313973,0.002573411,0.0103257,0.0001693793,0.001020635,0.009342721,0.0001180832,0.0004429571,0.0006883487,3.041443E-05,0.008662175,0.01289108,0.001380323,0.0004065478,3.610826E-07,0.01909502,0.002609666,0.0005509801,0.01918684,0.1031546,0.06321917,0.09951117,0.03043122,0.0294583,0.002575199
196,0.0003631038,0.0006018393,0.0001353363,0.0005493932,2.555648E-05,0.0002762059,8.856968E-05,0.00776465,0.0002043049,0.01829522,0.001909757,0.007857015,0.004962347,0.003573994,0.001248262,0.0009208129,1.624922E-06,9.168951E-05,6.604589E-05,0.0001605489,0.001337628,0.001191188,1.449179E-09,0.0001284688,8.93567E-06,0.0004957771,0.001513429,6.576151E-10,2.653668E-05,0.003313523,0.001359711,0.0005609209,0.002707213,0.00588524,0.01697535,0.0006084846,0.002229085,0.0004375615,0.006078918,0.01323575,0.002667311,0.01048136,0.0001706189,0.001040131,0.009065098,0.0001121345,0.0004387152,0.0007241933,2.595975E-05,0.008437555,0.01327228,0.001521377,0.0004336954,3.841675E-07,0.01943646,0.002641524,0.0005435423,0.01578767,0.1041524,0.06379974,0.09614358,0.03102268,0.0293513,0.002473953
197,0.0003606841,0.0005977608,0.00013411,0.0005500728,2.556038E-05,0.0002716395,8.851477E-05,0.007776398,0.0002073238,0.01841823,0.001928426,0.007875133,0.004975075,0.003547522,0.001240211,0.0008298635,1.336152E-06,8.509703E-05,6.572837E-05,0.0001575492,0.001333864,0.00118365,1.390127E-09,0.0001272403,9.204101E-06,0.0004941351,0.001486512,7.702445E-10,2.747002E-05,0.003333624,0.001365041,0.0005503718,0.002615386,0.006088459,0.01736884,0.0006153196,0.00223359,0.0004266767,0.006132727,0.0133895,0.002726738,0.01062926,0.0001718266,0.001057677,0.008990734,0.0001065802,0.0004378973,0.0007512091,2.205664E-05,0.01010919,0.02080271,0.002088082,0.0004806861,4.074034E-07,0.01987374,0.002662851,0.0005296488,0.01354496,0.1041521,0.06385759,0.09407265,0.03143391,0.02913446,0.002402059
198,0.0003610622,0.0005957445,0.0001337116,0.0005506077,2.556437E-05,0.0002705064,8.83851E-05,0.007794518,0.0002103704,0.0185886,0.00195107,0.007896359,0.005078741,0.003517779,0.001242515,0.0005638188,1.01791E-06,7.959384E-05,6.587038E-05,0.000157058,0.001340608,0.001202437,1.403822E-09,0.0001266696,9.563634E-06,0.0004929238,0.001490694,1.067876E-09,2.959452E-05,0.00336157,0.001370628,0.0005445237,0.002571878,0.006173633,0.01760516,0.0006214927,0.002230018,0.0004288201,0.006348408,0.01355326,0.002739372,0.0107363,0.000172942,0.001073933,0.009024729,0.0001033531,0.0004374786,0.000777655,1.860867E-05,0.008653288,0.02416646,0.00214598,0.0003220841,4.28282E-07,0.02031249,0.002672517,0.0005168324,0.01295937,0.1040272,0.06397901,0.09224124,0.03141185,0.0289337,0.002393751
199,0.0003600853,0.0005939441,0.0001330469,0.0005513073,2.557368E-05,0.0002698197,8.835819E-05,0.007830641,0.000213215,0.01882704,0.001964936,0.007955136,0.004949922,0.00353402,0.001243296,0.0005047866,7.212415E-07,7.104462E-05,6.608097E-05,0.0001612191,0.001361039,0.001234219,1.462812E-09,0.0001262418,9.980222E-06,0.0004925161,0.001511976,1.203819E-09,3.101756E-05,0.003401272,0.001380586,0.0005433576,0.002570925,0.005935947,0.01723666,0.0006146974,0.002232759,0.0004349568,0.006364976,0.01358035,0.002651898,0.01071938,0.0001742659,0.001089863,0.009093002,0.0001029088,0.0004391129,0.0007381064,1.560061E-05,0.008268644,0.02632438,0.002364623,0.0003036315,4.042738E-07,0.01963661,0.002648731,0.000511208,0.0134439,0.1052199,0.06467913,0.09139603,0.03032163,0.02915291,0.002467494
200,0.0003584669,0.0005910406,0.0001316682,0.0005521103,2.558606E-05,0.0002693133,8.837585E-05,0.007885122,0.000215977,0.01905625,0.001976761,0.007960246,0.004419772,0.003557622,0.001241194,0.0004694762,4.614226E-07,5.659255E-05,6.699883E-05,0.0001665803,0.001381135,0.001264955,1.527991E-09,0.0001261696,1.041871E-05,0.0004926368,0.001538882,1.229132E-09,3.162052E-05,0.0034324,0.001392588,0.0005449057,0.002594732,0.005588354,0.01655112,0.0006034693,0.002237498,0.0004394711,0.006074532,0.0134829,0.00251951,0.0105915,0.0001756118,0.001104525,0.009149248,0.00010434,0.000438079,0.000658892,1.41706E-05,0.005596651,0.02050798,0.001895288,0.0002373048,3.603019E-07,0.01852786,0.002571343,0.0005123102,0.01452275,0.1072071,0.06538113,0.09099563,0.0288846,0.02955836,0.002587924
201,0.0003569878,0.0005853109,0.0001297003,0.0005528735,2.560223E-05,0.000268029,8.836986E-05,0.007934117,0.0002177534,0.01919711,0.001987542,0.007936494,0.004047033,0.003579072,0.001242811,0.0004468687,2.948619E-07,2.909694E-05,6.795895E-05,0.0001725352,0.001397196,0.001287159,1.583209E-09,0.0001256528,1.083954E-05,0.0004932992,0.001562975,1.14026E-09,3.07546E-05,0.003435205,0.001406768,0.0005489261,0.002632841,0.00523349,0.01567571,0.0005921074,0.002246727,0.0004436392,0.005717428,0.01322759,0.002378465,0.01031102,0.0001769641,0.001118428,0.009212877,0.0001069458,0.0004365108,0.0005975507,1.258543E-05,0.002835569,0.01162536,0.001160797,0.000133832,3.180766E-07,0.01736995,0.002485289,0.0005192046,0.01616626,0.109394,0.0653047,0.09104496,0.02732231,0.0298039,0.00271099
202,0.0003556227,0.0005782276,0.0001278822,0.000553539,2.562128E-05,0.0002678398,8.831049E-05,0.007976917,0.0002192476,0.01930703,0.001998163,0.007924237,0.003848878,0.003596404,0.001248056,0.0003806279,2.57523E-07,2.354791E-05,6.793161E-05,0.0001768962,0.001407743,0.001299114,1.620732E-09,0.0001253573,1.118421E-05,0.0004945162,0.00157462,9.826351E-10,2.869517E-05,0.003399429,0.001423432,0.000555271,0.002676877,0.004891151,0.01473664,0.0005811783,0.00226193,0.0004487193,0.005413305,0.01283849,0.002252698,0.009878024,0.0001783586,0.001131262,0.009310867,0.0001099993,0.0004367963,0.0005498729,9.894628E-06,0.002210929,0.009983863,0.001038995,0.0001109762,2.787666E-07,0.01630616,0.002434846,0.0005300674,0.01833804,0.111637,0.06323491,0.09181765,0.02571579,0.02958209,0.00279827
203,0.0003541489,0.0005709957,0.0001266553,0.0005539872,2.5639E-05,0.0002684775,8.813184E-05,0.008006493,0.0002219395,0.01939254,0.002012162,0.007931504,0.003867131,0.003574094,0.001253356,0.0003727573,3.092991E-07,2.288637E-05,6.651137E-05,0.0001807674,0.001413202,0.001321368,1.625566E-09,0.0001258861,1.154152E-05,0.0004970608,0.00159302,1.141377E-09,2.67519E-05,0.003390958,0.001434694,0.0005629936,0.00272196,0.004920106,0.01473368,0.0005797513,0.002250177,0.0004553495,0.005474217,0.01277502,0.002255643,0.009730443,0.0001797176,0.001146204,0.009409602,0.0001125306,0.0004383101,0.0005463344,5.577353E-06,0.002103423,0.01075576,0.001157287,0.0001099946,2.763769E-07,0.01660219,0.002435632,0.0005305008,0.02042867,0.1131339,0.06221279,0.09212372,0.02602128,0.02979591,0.002809816
204,0.0002943881,0.0006514493,9.835034E-05,0.0005542655,1.989623E-05,0.000282393,8.785204E-05,0.008023495,0.0002253965,0.01948674,0.002030476,0.007947834,0.004007033,0.002970734,0.001502395,0.0003757458,3.569112E-07,2.66402E-05,6.537747E-05,0.0001802703,0.001434558,0.00143866,1.646302E-09,0.0001666233,3.433015E-05,0.0004999101,0.001613028,1.294518E-09,5.242756E-05,0.003840861,0.00190917,0.000430595,0.00275936,0.005084579,0.01510401,0.0005850256,0.002231159,0.0004619388,0.005679391,0.01291858,0.00230926,0.009778453,0.0002756388,0.001060911,0.0094947,0.000114357,0.0004387346,0.0005738156,4.16663E-06,0.00229538,0.01330426,0.001505849,0.0001216758,2.901861E-07,0.01732969,0.002451679,0.0005273088,0.01851629,0.1116399,0.07635654,0.07736036,0.02700334,0.03016374,0.00275775
205,0.0002955858,0.0006450792,9.872849E-05,0.0005545293,1.9906E-05,0.0002876331,8.755739E-05,0.008037094,0.0002291462,0.01960084,0.002052209,0.007968488,0.00421051,0.002953959,0.001507529,0.0003529248,3.780307E-07,3.419551E-05,6.48776E-05,0.000177595,0.001436008,0.001445352,1.648813E-09,0.0001675631,3.515411E-05,0.0005003036,0.001608758,1.222033E-09,5.532458E-05,0.003837456,0.001890117,0.0004362436,0.002759179,0.005304472,0.01560948,0.0005922766,0.002216583,0.0004630312,0.005913357,0.01312096,0.002385866,0.009934692,0.0002749796,0.001075484,0.009493452,0.0001143767,0.0004388803,0.000613217,4.213085E-06,0.002507197,0.01548738,0.001888653,0.0001382064,3.114761E-07,0.01805192,0.002472317,0.000525293,0.01752782,0.1109195,0.07720688,0.07717378,0.0280758,0.03051253,0.002662384
206,0.0002965534,0.0006403817,9.991002E-05,0.0005549203,1.991416E-05,0.000292005,8.735655E-05,0.008047968,0.0002327198,0.01971388,0.002074538,0.007987162,0.004476446,0.002952527,0.001493729,0.0003469923,4.356096E-07,4.142674E-05,6.519068E-05,0.0001718486,0.001427399,0.001424956,1.619828E-09,0.0001681097,3.54484E-05,0.0004989583,0.001568676,9.995024E-10,5.420902E-05,0.003807533,0.001863687,0.0004370492,0.002709024,0.005524115,0.01607014,0.000599796,0.002215262,0.0004556956,0.006008514,0.01318641,0.002477695,0.01013224,0.0002737874,0.001089962,0.009291654,0.0001118535,0.0004358453,0.0006567228,6.406867E-06,0.00240024,0.01557058,0.002240955,0.0001580438,3.336233E-07,0.01842606,0.002498579,0.0005260349,0.01559043,0.1085715,0.07801877,0.0753641,0.0291702,0.0304871,0.002556466
207,0.0002950038,0.0006377674,0.0001011029,0.0005554293,1.992095E-05,0.0002947814,8.725228E-05,0.008062598,0.0002362097,0.0198551,0.002098844,0.008005613,0.004730553,0.002958364,0.001468342,0.0003596607,5.803834E-07,4.571243E-05,6.55554E-05,0.0001661959,0.001414884,0.001398999,1.573445E-09,0.0001680308,3.552657E-05,0.0004970486,0.001521595,8.223529E-10,5.255971E-05,0.003775718,0.001832249,0.0004335151,0.002636007,0.005743038,0.0165485,0.0006070906,0.002219437,0.0004439077,0.005970832,0.01322779,0.002565189,0.01033938,0.0002723631,0.001103444,0.009006871,0.0001082703,0.0004299681,0.0006961326,1.126797E-05,0.002717275,0.01773496,0.002958417,0.0001834387,3.538726E-07,0.01872056,0.002525571,0.0005243026,0.01354962,0.1067878,0.0781173,0.07359614,0.02999429,0.03011029,0.002441984
208,0.0002963406,0.0006369003,0.0001025385,0.0005558383,1.992688E-05,0.0002949703,8.710577E-05,0.008081095,0.0002402599,0.02004643,0.002121299,0.008038784,0.00481398,0.002968432,0.001461739,0.0004324508,8.055933E-07,5.207947E-05,6.555182E-05,0.0001639893,0.001406836,0.001383419,1.538122E-09,0.0001678954,3.561692E-05,0.0004952349,0.001482451,8.342221E-10,5.319871E-05,0.003765514,0.001800464,0.0004287028,0.002564386,0.005876096,0.0169908,0.0006138845,0.002219468,0.0004348538,0.006040075,0.01334639,0.002619759,0.01054665,0.0002708643,0.001115272,0.008884693,0.0001047009,0.0004268461,0.0007260188,2.048277E-05,0.004516541,0.02622726,0.004741164,0.0002657825,3.76381E-07,0.01917016,0.002542871,0.0005165545,0.01200688,0.1054024,0.07740287,0.07294796,0.03044673,0.02972027,0.00236854
209,0.0002987986,0.0006358193,0.0001036232,0.0005561173,1.993266E-05,0.0002940709,8.687747E-05,0.008094782,0.0002435541,0.02018893,0.002146001,0.008049261,0.004864254,0.002975523,0.001466579,0.0004480487,1.117217E-06,6.130686E-05,6.583585E-05,0.0001627887,0.001407785,0.001394135,1.536024E-09,0.0001677047,3.607507E-05,0.0004937685,0.001475481,1.08995E-09,5.733441E-05,0.003770031,0.001771995,0.0004266552,0.002524836,0.005992313,0.01740006,0.0006208139,0.002215762,0.0004319094,0.006242284,0.01350459,0.002680898,0.01071528,0.0002693425,0.001125894,0.008842482,0.000102402,0.0004251385,0.0007544135,3.301023E-05,0.00590721,0.02475806,0.005501002,0.0003784239,4.011229E-07,0.01966739,0.002563252,0.0005057834,0.01135958,0.1047092,0.07668185,0.07232886,0.03091874,0.0293684,0.002364243
210,0.0003011856,0.0006361291,0.0001040593,0.0005563976,1.993843E-05,0.0002941939,8.666512E-05,0.00811917,0.0002476684,0.02042829,0.002170997,0.008090745,0.004974513,0.002988657,0.001471529,0.0005253982,1.321032E-06,6.954467E-05,6.579581E-05,0.0001645208,0.001412219,0.001412088,1.563728E-09,0.0001678559,3.670756E-05,0.0004926872,0.001493107,1.261461E-09,6.10131E-05,0.003778803,0.001748737,0.0004277593,0.002519264,0.006083786,0.01776747,0.0006267693,0.002213161,0.0004354861,0.006482836,0.01368011,0.002719146,0.01086115,0.0002679719,0.001136445,0.008862361,0.0001018889,0.0004239436,0.0007758172,4.16094E-05,0.007450648,0.0256551,0.006441726,0.0005111988,4.252864E-07,0.02021604,0.002573495,0.0004941127,0.01150301,0.1057672,0.07690803,0.07185104,0.03145156,0.02929995,0.00243367
211,0.0003028067,0.0006361195,0.0001039129,0.0005569313,1.994818E-05,0.0002951972,8.658969E-05,0.008172098,0.0002512287,0.02075196,0.002194084,0.008149426,0.005009743,0.003021441,0.001471188,0.0005904601,1.247089E-06,7.531916E-05,6.59932E-05,0.0001685203,0.001425625,0.001435484,1.601902E-09,0.0001687712,3.744298E-05,0.0004921615,0.001519118,1.317681E-09,6.310115E-05,0.003801382,0.001731472,0.0004311525,0.002541359,0.005900117,0.0176327,0.0006226086,0.002213724,0.0004411386,0.006550771,0.01377121,0.002659724,0.01091466,0.0002667895,0.001148139,0.008906607,0.0001031852,0.0004245748,0.0007556173,4.292537E-05,0.007875975,0.02410421,0.006585112,0.0005626284,4.156216E-07,0.020053,0.002572904,0.0004893688,0.01221219,0.1090755,0.07853251,0.07216405,0.03094281,0.0295793,0.002567875
212,0.0003031509,0.0006311096,0.0001031197,0.0005577173,1.996013E-05,0.0002943112,8.662319E-05,0.00824309,0.0002508191,0.02105219,0.002198905,0.008197122,0.004552062,0.003070896,0.001465457,0.0006563396,9.019508E-07,7.427097E-05,6.675047E-05,0.0001728929,0.001443302,0.001458267,1.637608E-09,0.0001698221,3.821708E-05,0.0004921557,0.001547371,1.282868E-09,6.379518E-05,0.003822746,0.00171963,0.0004366444,0.002581916,0.005583132,0.01711113,0.0006122749,0.002219338,0.0004434374,0.006256347,0.01374129,0.002545346,0.01085619,0.0002659261,0.001161372,0.008936848,0.000105695,0.0004225438,0.0006851226,4.565741E-05,0.008493586,0.02240778,0.006706177,0.0006216455,3.827728E-07,0.01912555,0.002520469,0.0004911643,0.01339941,0.1134959,0.08061362,0.07303263,0.02980628,0.03028865,0.002728977
213,0.0003020292,0.0006216046,0.0001021414,0.0005585633,1.997647E-05,0.000292225,8.668353E-05,0.008306544,0.000248612,0.02121324,0.00219215,0.008128038,0.004333936,0.003132175,0.001456439,0.000746215,7.124486E-07,6.6156E-05,6.832074E-05,0.0001770976,0.001455778,0.001468553,1.641353E-09,0.0001679567,3.890466E-05,0.0004925936,0.001567573,1.175329E-09,6.176117E-05,0.0038158,0.001712735,0.0004429822,0.002630651,0.005247579,0.01629335,0.000601091,0.002234534,0.0004449899,0.00590774,0.01353962,0.002414851,0.01059114,0.0002651815,0.001174014,0.008983806,0.0001089667,0.0004205737,0.0006315542,5.18749E-05,0.009608507,0.02093121,0.00687087,0.0006936478,3.5036E-07,0.01807423,0.002452234,0.0005005709,0.01483397,0.1170934,0.08102116,0.0739577,0.02843241,0.03068441,0.002872231
214,0.000300318,0.0006116912,0.0001010844,0.0005593117,1.999448E-05,0.0002897818,8.670323E-05,0.008338497,0.0002500277,0.02128657,0.00219695,0.008066166,0.003982561,0.003181313,0.001449191,0.0008596839,6.645847E-07,6.671457E-05,6.869937E-05,0.0001802156,0.001462304,0.001464253,1.641808E-09,0.000166962,3.922232E-05,0.000493832,0.001572244,9.458228E-10,5.614428E-05,0.003734461,0.001711082,0.0004505857,0.002683378,0.00490417,0.01527241,0.0005898996,0.002257356,0.0004488947,0.00557595,0.01314224,0.002285053,0.01017646,0.0002647195,0.001181866,0.009107057,0.0001125003,0.0004218562,0.0005630527,6.253774E-05,0.009033199,0.01809581,0.006205722,0.000667445,3.062984E-07,0.01686919,0.002408072,0.0005161849,0.01663471,0.1197524,0.07651255,0.07568884,0.02687709,0.03001514,0.002978002
215,0.0002988883,0.000603059,0.000100323,0.0005598604,2.001076E-05,0.0002884943,8.661671E-05,0.008361735,0.0002542681,0.02134165,0.002209618,0.008058853,0.003972719,0.003186895,0.001448532,0.0009447415,8.374825E-07,5.620774E-05,6.718552E-05,0.0001825995,0.001466926,0.001477192,1.632418E-09,0.000166816,3.95988E-05,0.0004961092,0.001589477,9.957395E-10,5.08497E-05,0.003692742,0.001705297,0.0004583109,0.002733873,0.004929501,0.01514031,0.0005848009,0.002268732,0.0004553935,0.005632933,0.01289671,0.002280598,0.009968029,0.0002643683,0.001193894,0.009248207,0.0001156732,0.0004262541,0.0005504922,7.470579E-05,0.009311776,0.01695303,0.005946747,0.0006765609,2.995696E-07,0.01710054,0.002418911,0.0005225537,0.01855078,0.1228267,0.07441321,0.07755197,0.02709747,0.03008744,0.003002898
216,0.0003499238,0.0006745117,9.573715E-05,0.0005602199,2.119617E-05,0.0003392311,8.642174E-05,0.008371249,0.0002596168,0.02140481,0.002225828,0.008068644,0.004112149,0.00257992,0.0009972613,0.0009121468,9.760328E-07,6.185847E-05,6.605376E-05,0.0001796397,0.001889593,0.001179672,1.626135E-09,0.0001555118,4.284682E-05,0.0004975848,0.001611657,1.158906E-09,3.147102E-05,0.003119169,0.001283112,0.0005251709,0.002772822,0.005113628,0.01548196,0.0005888593,0.002269849,0.0004616795,0.005864601,0.0129743,0.002332912,0.01000519,0.0002340759,0.0011617,0.009359554,0.0001179888,0.000429778,0.0005780154,8.81559E-05,0.00791711,0.01599156,0.00521246,0.0006820767,3.14844E-07,0.01777194,0.002445443,0.0005251821,0.02525687,0.1826681,0.08771995,0.08279115,0.02818579,0.03047263,0.00293116
217,0.0003506666,0.0006666298,9.624283E-05,0.0005606278,2.120591E-05,0.0003417375,8.625348E-05,0.008376526,0.0002648735,0.02148908,0.002245884,0.0080835,0.004332377,0.002590169,0.001001887,0.0009482967,1.08707E-06,7.421812E-05,6.571437E-05,0.0001746763,0.001867147,0.001186059,1.61399E-09,0.0001555535,4.332192E-05,0.0004977041,0.001599652,1.085522E-09,3.232964E-05,0.003143846,0.001291575,0.0005279785,0.002759141,0.005361079,0.01595464,0.0005955665,0.002266944,0.0004586591,0.006044431,0.01313095,0.002410306,0.01016226,0.0002338565,0.001174173,0.009276586,0.000117366,0.000430876,0.0006206394,0.0001001308,0.008004579,0.0159848,0.005137428,0.0007986967,3.385413E-07,0.01831431,0.002475967,0.0005285046,0.02306627,0.1719257,0.08937315,0.08251011,0.02928078,0.0308055,0.002792925
218,0.0003500837,0.0006619455,9.730543E-05,0.0005611949,2.121332E-05,0.0003408834,8.620448E-05,0.008386384,0.0002698282,0.02161614,0.002271186,0.008100554,0.004555587,0.002609142,0.0009959245,0.0009903871,1.212003E-06,8.022139E-05,6.575631E-05,0.000168152,0.001831148,0.001176977,1.570422E-09,0.000154783,4.344838E-05,0.0004967476,0.00156044,9.117662E-10,3.145547E-05,0.003155187,0.001299985,0.0005237813,0.002697985,0.005584871,0.01644765,0.0006027365,0.00226756,0.0004475421,0.006032302,0.01321661,0.002475318,0.01037189,0.0002336774,0.00118645,0.009058854,0.000114135,0.0004282894,0.0006627035,0.0001125813,0.008362168,0.01521092,0.004782496,0.0008854191,3.606945E-07,0.01859254,0.002509563,0.000530776,0.0198169,0.1585246,0.09060743,0.08111832,0.03012729,0.03085872,0.002635065
219,0.0003493128,0.0006598032,9.865408E-05,0.0005618405,2.121899E-05,0.0003388651,8.623146E-05,0.008401961,0.0002746175,0.0217779,0.00229936,0.008118775,0.00476227,0.002630287,0.0009907607,0.001049249,1.346894E-06,8.47028E-05,6.595388E-05,0.0001633015,0.001792879,0.001163844,1.525274E-09,0.0001535067,4.35807E-05,0.0004954138,0.001521974,7.926554E-10,3.092062E-05,0.003171505,0.001305964,0.000516796,0.002630563,0.005782384,0.01691655,0.0006099012,0.002269571,0.000433162,0.00589282,0.0133679,0.002534977,0.01058679,0.0002334323,0.001197457,0.008781002,0.000110563,0.0004230348,0.0007013101,0.0001265227,0.009472795,0.01559739,0.004673926,0.001029028,3.826472E-07,0.01882554,0.002541875,0.000528294,0.01715487,0.1461015,0.09074073,0.08016896,0.03047717,0.03064302,0.002484129
220,0.0003493787,0.0006572783,9.946698E-05,0.000562448,2.122372E-05,0.0003349925,8.625016E-05,0.008420546,0.0002791573,0.02194737,0.002326168,0.008136711,0.004885205,0.002650369,0.0009902839,0.00100332,1.475825E-06,8.682242E-05,6.61174E-05,0.0001602882,0.001758721,0.001154123,1.470151E-09,0.0001518406,4.381171E-05,0.0004941082,0.001495647,7.254631E-10,3.076819E-05,0.003192785,0.001310492,0.0005093204,0.002563192,0.005963903,0.01734461,0.0006169541,0.002270516,0.0004185329,0.005748724,0.01353384,0.002580381,0.01077947,0.0002331023,0.00120659,0.008556406,0.000106883,0.0004186232,0.0007344217,0.0001318011,0.010186,0.01475113,0.004347376,0.001127279,4.064759E-07,0.0191643,0.002570631,0.0005201827,0.01521484,0.135587,0.09007607,0.07939347,0.03061335,0.03025541,0.002398383
221,0.0003500789,0.0006564549,0.0001002054,0.0005629201,2.122808E-05,0.0003314951,8.619041E-05,0.008445664,0.000283909,0.02219882,0.002357872,0.008168511,0.004962106,0.002676634,0.0009949108,0.0009575884,1.563408E-06,9.008391E-05,6.666101E-05,0.0001593769,0.001732973,0.001159661,1.424637E-09,0.0001502695,4.409499E-05,0.0004929338,0.001482911,8.744813E-10,3.218354E-05,0.003221266,0.001313554,0.0005013198,0.00250105,0.006094416,0.01772944,0.0006236187,0.002268453,0.0004123634,0.005863676,0.01370026,0.002611776,0.01094277,0.0002327489,0.001214587,0.008522985,0.0001032609,0.0004173387,0.00076076,0.0001257485,0.009593945,0.01291058,0.003697535,0.001100341,4.262703E-07,0.01958646,0.002589536,0.0005086118,0.01403361,0.127272,0.08942323,0.07863194,0.03079505,0.02985582,0.002374462
222,0.0003499468,0.0006553234,0.000100047,0.0005635195,2.123444E-05,0.0003260205,8.615534E-05,0.008475894,0.0002879072,0.02254226,0.002370148,0.008248402,0.005044001,0.00271665,0.0009978215,0.000857638,1.580635E-06,9.171064E-05,6.69157E-05,0.000160623,0.001716473,0.001179284,1.413381E-09,0.0001483891,4.457669E-05,0.0004921716,0.001488534,1.055564E-09,3.394865E-05,0.003251423,0.001320112,0.0004959562,0.00246672,0.006122584,0.01791695,0.0006262286,0.002271691,0.0004148684,0.006057312,0.01386765,0.002609484,0.01106665,0.0002326335,0.001222489,0.008565325,0.0001007139,0.000415886,0.0007687467,0.000112323,0.008722957,0.01211051,0.003144584,0.00103702,4.42003E-07,0.01999563,0.002588601,0.000497967,0.01366554,0.1213917,0.08958764,0.07790393,0.03080188,0.02972847,0.00241243
223,0.0003492135,0.0006483741,9.961422E-05,0.0005641783,2.124502E-05,0.0003225381,8.614458E-05,0.00851799,0.0002891343,0.02265705,0.002376914,0.008215933,0.004831849,0.002772626,0.001005417,0.0007915993,1.617857E-06,8.946324E-05,6.701829E-05,0.0001645829,0.001718251,0.001209181,1.458384E-09,0.0001483184,4.520487E-05,0.0004920227,0.001505361,1.109493E-09,3.481186E-05,0.003292538,0.001329445,0.0004939924,0.002466748,0.005856836,0.01750555,0.0006174529,0.002273675,0.0004207876,0.005939014,0.01388731,0.002520928,0.01104698,0.0002326191,0.001230515,0.008650773,0.0001001445,0.000417962,0.000715041,9.82042E-05,0.008138395,0.01223499,0.00277112,0.0009663194,4.127033E-07,0.01931474,0.002560732,0.0004944037,0.0141514,0.1181968,0.09043255,0.07790311,0.02985139,0.03000569,0.002521108
224,0.0003485064,0.0006364679,9.906059E-05,0.0005650648,2.125954E-05,0.0003199802,8.621403E-05,0.008561664,0.0002862695,0.02272945,0.002365652,0.00817672,0.004482883,0.00282891,0.001013031,0.0007346959,1.180956E-06,6.677677E-05,6.747532E-05,0.0001696566,0.001720629,0.001240223,1.510427E-09,0.0001483298,4.590222E-05,0.0004922352,0.001528801,1.125722E-09,3.534646E-05,0.003328054,0.001340531,0.0004949005,0.002488476,0.005504787,0.01692661,0.0006073721,0.002275736,0.0004232352,0.00560362,0.01386221,0.002399276,0.01098179,0.0002326779,0.001238899,0.008714076,0.0001011577,0.0004151534,0.000650396,8.76442E-05,0.008657807,0.01227986,0.002504185,0.0009392191,3.675977E-07,0.0182246,0.002458601,0.0004969991,0.01525929,0.1166271,0.09207586,0.07825452,0.0286138,0.03058874,0.00265917
225,0.0003476279,0.0006251086,9.831058E-05,0.0005661023,2.127681E-05,0.0003172853,8.634137E-05,0.0086155,0.0002843055,0.02291614,0.002359503,0.008139131,0.003996681,0.002881611,0.001017449,0.0006782934,8.691288E-07,5.527013E-05,6.88261E-05,0.0001739681,0.001720757,0.001263332,1.558135E-09,0.0001485029,4.650487E-05,0.0004930187,0.00155065,1.038101E-09,3.389919E-05,0.003333612,0.001354223,0.0004987763,0.00253092,0.005143289,0.01602355,0.0005976838,0.002284043,0.0004228151,0.005234581,0.0135917,0.002266739,0.01064887,0.0002328858,0.001245597,0.008753232,0.000103866,0.0004089722,0.0005804123,8.061624E-05,0.008824016,0.01133307,0.002145569,0.000841971,3.185475E-07,0.01703207,0.002312273,0.0005071245,0.01692559,0.1151596,0.09082837,0.07859209,0.02713795,0.03073761,0.002794486
226,0.0003484332,0.0006156496,9.789947E-05,0.0005668469,2.129512E-05,0.0003162224,8.634791E-05,0.00865258,0.0002886718,0.02303631,0.00236972,0.008131521,0.003615441,0.002925065,0.001029505,0.0006281576,9.012058E-07,4.200288E-05,6.748908E-05,0.0001791824,0.001712398,0.001271146,1.552682E-09,0.0001488659,4.657883E-05,0.0004949774,0.001556226,7.876436E-10,2.96211E-05,0.003248585,0.001358331,0.0005056967,0.002583847,0.004821841,0.0151667,0.0005872452,0.002265178,0.0004270709,0.004951845,0.01314167,0.002155591,0.01020197,0.0002329075,0.001253909,0.008903915,0.0001069893,0.0004097054,0.000531626,8.063012E-05,0.007098676,0.00883682,0.001626863,0.000661974,2.763827E-07,0.01611525,0.002247914,0.0005197527,0.0191374,0.1152151,0.0827596,0.08017365,0.025641,0.02998584,0.002887234
227,0.0003506211,0.0006090765,9.810908E-05,0.0005673838,2.131372E-05,0.0003173904,8.624886E-05,0.008688898,0.0002942714,0.02319159,0.002390892,0.008139754,0.003702436,0.00294222,0.001045669,0.0005849433,1.311242E-06,3.447651E-05,6.659579E-05,0.0001792234,0.001701503,0.001288124,1.526861E-09,0.0001486429,4.674753E-05,0.0004979966,0.001573006,7.941114E-10,2.596064E-05,0.003199254,0.001358743,0.0005133547,0.002636808,0.004776655,0.01504153,0.0005827148,0.00223683,0.0004342346,0.004957822,0.01287989,0.002141496,0.009969778,0.0002326113,0.00126386,0.009072257,0.000110077,0.000414255,0.0005215276,8.363747E-05,0.005521407,0.007625347,0.001359099,0.0005311158,2.63626E-07,0.01639816,0.002245406,0.0005271922,0.02145563,0.1156288,0.07961933,0.08186556,0.02543778,0.03006523,0.002903593
228,0.0001682083,0.0006621541,9.655114E-05,0.0005677767,1.734336E-05,0.000324272,8.602754E-05,0.008714635,0.0003009093,0.023368,0.002420644,0.008154307,0.003895254,0.002676437,0.001328499,0.0004844946,1.498172E-06,6.129981E-05,6.612013E-05,0.0001793166,0.001326687,0.001923554,1.551212E-09,0.0002100771,2.407267E-05,0.000501161,0.001596205,1.148445E-09,2.730272E-05,0.002972271,0.001932943,0.0005057707,0.002684962,0.00489335,0.015413,0.0005867389,0.002205373,0.0004406173,0.005152758,0.01297639,0.002188506,0.0100146,0.0002817915,0.001217179,0.009162195,0.0001124944,0.000416292,0.0005509307,8.537903E-05,0.007694,0.009886919,0.001784933,0.0006686521,2.769819E-07,0.01718052,0.002264773,0.000530178,0.01213539,0.08984922,0.0881608,0.1005166,0.02644737,0.03054477,0.002872778
229,0.0001685326,0.0006566674,9.688416E-05,0.0005680593,1.7354E-05,0.000325528,8.575898E-05,0.008732071,0.0003073006,0.02351646,0.002448384,0.008170987,0.004062027,0.00268534,0.001336815,0.0004741854,1.465165E-06,7.49837E-05,6.589255E-05,0.0001802111,0.001331313,0.001924475,1.575278E-09,0.0002093249,2.455107E-05,0.0005028811,0.001619423,1.354084E-09,2.963304E-05,0.002999613,0.001908382,0.0005130584,0.002723765,0.005085162,0.01593764,0.0005937956,0.002186254,0.0004458523,0.005417598,0.01320332,0.002261904,0.01016393,0.0002800594,0.001226655,0.009255516,0.0001143139,0.0004185085,0.0005903916,8.322775E-05,0.007967534,0.01047473,0.001889231,0.0006933059,2.987643E-07,0.01807014,0.002290041,0.000530848,0.01285584,0.09293152,0.09101585,0.1000822,0.02762433,0.03104031,0.002784838
230,0.0001688541,0.000650302,9.710115E-05,0.0005684115,1.736332E-05,0.0003269311,8.554422E-05,0.008744932,0.0003131657,0.02364242,0.002472711,0.008188217,0.004272377,0.002700951,0.001331678,0.0004354991,1.196422E-06,7.622832E-05,6.60378E-05,0.0001762604,0.001332679,0.001891438,1.583156E-09,0.000209853,2.497961E-05,0.0005016316,0.001600676,1.263942E-09,3.062018E-05,0.003018522,0.001876108,0.0005157571,0.002711498,0.005312224,0.0164779,0.0006014687,0.002175624,0.000441685,0.005592748,0.01338774,0.002348803,0.01036349,0.0002780275,0.001235673,0.009174349,0.0001137266,0.0004195863,0.0006328972,7.608548E-05,0.007023107,0.009532495,0.001680158,0.000610731,3.241678E-07,0.01868057,0.002318992,0.0005319393,0.01207003,0.09541819,0.09302835,0.09701795,0.02874068,0.03128222,0.002678632
231,0.0001686123,0.0006453093,9.755655E-05,0.0005688223,1.737145E-05,0.0003252289,8.538346E-05,0.008765356,0.0003193088,0.02382625,0.002498779,0.008223563,0.00441813,0.002719605,0.001325764,0.0004377165,9.215036E-07,6.945733E-05,6.586498E-05,0.0001779101,0.001337312,0.001867814,1.593796E-09,0.0002105885,2.548991E-05,0.0004991892,0.001584661,1.242569E-09,3.233563E-05,0.003046991,0.001844145,0.0005179206,0.002689828,0.005519832,0.01699664,0.0006092586,0.002169681,0.0004347279,0.005721834,0.01361847,0.002434305,0.01055931,0.000275984,0.001243745,0.009123295,0.0001125687,0.0004207132,0.000668362,6.648583E-05,0.007651662,0.01066499,0.001837282,0.0006608454,3.50129E-07,0.01934919,0.00234585,0.0005276476,0.01151398,0.09832025,0.09433338,0.09505734,0.02948707,0.03141506,0.002589253
232,0.0001682674,0.0006399918,9.78236E-05,0.0005692027,1.737905E-05,0.0003221618,8.521463E-05,0.008782494,0.0003247707,0.02397111,0.002529002,0.008236394,0.004530381,0.002735437,0.00132489,0.0003866443,7.35972E-07,6.219887E-05,6.566671E-05,0.0001784449,0.001341791,0.001847282,1.594101E-09,0.0002107141,2.605287E-05,0.0004965526,0.001578507,1.231837E-09,3.420315E-05,0.003076925,0.00181549,0.0005201495,0.002669439,0.005734234,0.01747081,0.0006168454,0.002167031,0.0004274055,0.005872432,0.01383658,0.002524114,0.01072273,0.0002739828,0.001250649,0.009107589,0.0001113452,0.0004229581,0.0007010762,5.567127E-05,0.006125976,0.008385581,0.001430727,0.0005105888,3.769909E-07,0.02000028,0.002380008,0.0005185684,0.01137479,0.1010951,0.09506597,0.09337878,0.03009707,0.03142904,0.002536945
233,0.0001686097,0.0006361278,9.838669E-05,0.0005695284,1.738611E-05,0.0003211711,8.50276E-05,0.008804705,0.0003303255,0.02415289,0.002559409,0.008255916,0.004663311,0.002745908,0.001331729,0.0003603604,6.060242E-07,5.68977E-05,6.561579E-05,0.0001798615,0.001349591,0.001845232,1.601616E-09,0.0002115484,2.663471E-05,0.0004940599,0.00159021,1.329608E-09,3.660082E-05,0.003109108,0.001787926,0.0005226128,0.002663135,0.005921987,0.01790707,0.0006238529,0.002159995,0.0004287384,0.006124538,0.01403606,0.002605542,0.01085911,0.0002718548,0.001257,0.009170128,0.0001107806,0.0004255779,0.0007311272,4.589382E-05,0.005443081,0.007495163,0.001258522,0.0004370782,4.044153E-07,0.02064475,0.002416267,0.0005072535,0.01160782,0.1036812,0.09580337,0.09166803,0.03073261,0.03139694,0.002519672
234,0.0001691654,0.0006341805,9.888923E-05,0.0005699636,1.739403E-05,0.000321406,8.488551E-05,0.008844305,0.0003360652,0.02444458,0.002584499,0.008314736,0.004828856,0.002749067,0.00134135,0.0003477525,5.110259E-07,5.290373E-05,6.576557E-05,0.0001817059,0.001359435,0.001848993,1.607975E-09,0.000213239,2.723176E-05,0.0004916963,0.001612698,1.367417E-09,3.801367E-05,0.003141923,0.001759801,0.0005251578,0.002676996,0.005973509,0.01818023,0.0006274766,0.002143956,0.0004348932,0.006399574,0.01421033,0.0026381,0.01093572,0.0002693589,0.001263597,0.009259946,0.0001115469,0.0004283793,0.0007534954,3.754489E-05,0.004727968,0.006425919,0.001109017,0.0003520342,4.277606E-07,0.02124472,0.002444402,0.0004984979,0.01209098,0.106486,0.09730922,0.09014225,0.03089686,0.03149259,0.002559795
235,0.0001699564,0.0006308637,9.946796E-05,0.0005706143,1.740501E-05,0.0003238274,8.485671E-05,0.008904037,0.0003395611,0.0246767,0.002608607,0.008337021,0.00471598,0.002792639,0.001353297,0.0003596353,4.403104E-07,5.058929E-05,6.664715E-05,0.0001848659,0.001380756,0.001859916,1.620944E-09,0.0002147266,2.786625E-05,0.0004902426,0.00163669,1.287994E-09,3.763148E-05,0.003179173,0.00174028,0.0005295526,0.002716626,0.005722703,0.01762849,0.0006183427,0.002140451,0.0004429192,0.006376536,0.01409846,0.00255625,0.01077066,0.0002675024,0.001271453,0.009374673,0.0001136755,0.000433672,0.000717737,2.938895E-05,0.003943103,0.005590379,0.001041104,0.0003025712,4.015249E-07,0.02051171,0.002458216,0.0004991556,0.01303381,0.1098442,0.09747593,0.08963758,0.02982132,0.03171839,0.00265201
236,0.0001708926,0.0006285225,0.0001001376,0.0005714193,1.741785E-05,0.000326716,8.489705E-05,0.008980156,0.0003427048,0.02498049,0.00263409,0.008351658,0.004187934,0.002839698,0.001365391,0.0003966961,3.284956E-07,4.443812E-05,6.796284E-05,0.0001881813,0.001400665,0.001866141,1.626052E-09,0.0002159762,2.847205E-05,0.000489466,0.001656322,1.159972E-09,3.642496E-05,0.003200151,0.001725979,0.0005354153,0.002768114,0.005377979,0.01675937,0.0006065816,0.002144232,0.0004491852,0.006099157,0.01383628,0.002424335,0.01049647,0.0002659034,0.001278389,0.009476586,0.0001166657,0.0004365861,0.0006372494,2.364319E-05,0.002976095,0.004776694,0.0009720956,0.0002744197,3.558127E-07,0.0192821,0.002437796,0.0005066151,0.01424894,0.1126909,0.09665136,0.089598,0.02835031,0.03177646,0.002758016
237,0.0001702442,0.0006203143,9.929139E-05,0.0005724985,1.743381E-05,0.0003234358,8.503254E-05,0.009044971,0.0003394879,0.02518872,0.002636242,0.008314781,0.003775391,0.002890409,0.001354403,0.0004450887,2.147862E-07,2.815293E-05,6.925505E-05,0.0001932878,0.001417582,0.001869879,1.618718E-09,0.0002155663,2.911578E-05,0.0004892205,0.001677612,1.070392E-09,3.584268E-05,0.003224741,0.001716936,0.0005417094,0.002821279,0.005030226,0.0159384,0.0005963634,0.002154916,0.0004501608,0.005718472,0.01364134,0.002289369,0.01028794,0.0002648076,0.001284447,0.009500224,0.0001200125,0.0004326298,0.0005765954,2.224741E-05,0.001966489,0.003448147,0.0007417804,0.0002114311,3.113907E-07,0.01801916,0.002368871,0.0005178964,0.01552365,0.1145657,0.09748133,0.08945151,0.0269128,0.03218653,0.002853632
238,0.0001690084,0.000609694,9.81947E-05,0.0005733881,1.745085E-05,0.0003194601,8.508064E-05,0.009083447,0.0003411732,0.02528754,0.00264568,0.008274393,0.003569972,0.002938419,0.001346484,0.0004688232,2.89145E-07,2.148253E-05,6.822829E-05,0.000197871,0.001430346,0.001865538,1.610824E-09,0.0002158015,2.960543E-05,0.0004897218,0.001688931,9.101237E-10,3.276136E-05,0.00320843,0.001711513,0.0005492508,0.002873424,0.004715467,0.01515008,0.000586013,0.002170072,0.0004541836,0.005407901,0.01326098,0.002181571,0.009924564,0.0002638885,0.001292272,0.009593395,0.0001234228,0.0004337848,0.0005277531,2.379665E-05,0.001479779,0.002396113,0.0004742109,0.0001306422,2.724954E-07,0.01703584,0.00233212,0.0005292225,0.0170827,0.1166141,0.09473532,0.0907025,0.02538574,0.0322306,0.002918351
239,0.0001680448,0.0006011495,9.781575E-05,0.0005740822,1.746804E-05,0.0003176821,8.502658E-05,0.009117669,0.00034704,0.0254018,0.00266376,0.0082771,0.00368521,0.002963479,0.001347476,0.0004903728,6.885585E-07,3.205241E-05,6.68095E-05,0.0001977476,0.001436754,0.001867978,1.583447E-09,0.0002154945,3.00732E-05,0.0004917088,0.00170641,1.009028E-09,2.993786E-05,0.003204277,0.001702388,0.0005574909,0.002920443,0.004763394,0.01519299,0.0005817364,0.002162908,0.000460825,0.005465592,0.01319662,0.002193211,0.00978241,0.0002632426,0.001301136,0.009708103,0.0001261358,0.0004379049,0.0005249899,2.746161E-05,0.002523944,0.003316473,0.0006192629,0.0001714021,2.731901E-07,0.0174408,0.002335229,0.0005293185,0.01853819,0.1179664,0.09304173,0.09141592,0.02564338,0.0326489,0.002913355
240,0.0003228709,0.0005939611,4.929232E-05,0.0005746566,1.480383E-05,0.0002872758,8.486022E-05,0.00913698,0.0003543322,0.02551383,0.00268762,0.008293074,0.003883919,0.003150744,0.001270156,0.000581965,1.010055E-06,5.028102E-05,6.581975E-05,0.000195043,0.001729215,0.001871317,1.57682E-09,0.0002438669,0.0001090418,0.000493654,0.001725603,1.187529E-09,1.338712E-05,0.003312543,0.001122128,0.0004224269,0.002955351,0.004952218,0.01558429,0.0005859809,0.002155414,0.0004678112,0.005690232,0.01334683,0.002255133,0.009831591,0.0003261722,0.001023418,0.009810123,0.0001277816,0.0004413002,0.0005559308,3.138828E-05,0.002993941,0.003817059,0.0006219649,0.0001679538,2.916677E-07,0.01825405,0.002351609,0.0005244769,0.01692462,0.1376727,0.1064906,0.1006989,0.02652925,0.03316528,0.002838208
241,0.0003232585,0.0005878048,4.993769E-05,0.0005752394,1.481399E-05,0.0002911593,8.467924E-05,0.009150685,0.000361326,0.02562745,0.002714111,0.00831319,0.004102485,0.003143635,0.001271994,0.0005334617,1.220619E-06,6.609452E-05,6.541396E-05,0.000189442,0.001718265,0.001856288,1.559778E-09,0.0002451424,0.0001085494,0.0004927161,0.001700176,1.128522E-09,1.379818E-05,0.003333611,0.001133343,0.0004260847,0.002932237,0.005194207,0.01609789,0.0005928665,0.002147157,0.0004687974,0.005934139,0.01347421,0.002337453,0.009989604,0.0003231951,0.001036099,0.009796062,0.0001263308,0.0004439175,0.0005978112,3.427915E-05,0.003451454,0.004407088,0.0007049408,0.0001864692,3.167703E-07,0.01894332,0.002366996,0.0005202374,0.01560799,0.1332179,0.1077896,0.09837154,0.02747594,0.03345652,0.002727044
242,0.000323099,0.0005832123,5.091156E-05,0.0005759371,1.482281E-05,0.0002943238,8.456562E-05,0.009163991,0.0003677456,0.0257537,0.002742966,0.008334268,0.004336397,0.003136455,0.001263303,0.0004286267,1.306771E-06,7.988451E-05,6.536373E-05,0.0001824756,0.001693359,0.001813862,1.517791E-09,0.000244926,0.0001065007,0.0004902821,0.001649601,9.557048E-10,1.348464E-05,0.003337521,0.001148158,0.0004240469,0.002863827,0.005455561,0.01660554,0.0006002979,0.002146687,0.000462227,0.006078009,0.01346913,0.002429028,0.01016663,0.0003196865,0.001049764,0.009650949,0.0001224452,0.0004438453,0.0006408403,3.520252E-05,0.003399578,0.004845341,0.0008066773,0.0002091489,3.417024E-07,0.01938177,0.002385828,0.000515644,0.0137146,0.1272702,0.1082446,0.09431911,0.02830276,0.03328425,0.002604035
243,0.0003213056,0.0005796317,5.188494E-05,0.000576724,1.483042E-05,0.0002954496,8.451744E-05,0.009178984,0.000373693,0.02589328,0.002773773,0.008355082,0.004538483,0.003126106,0.001249643,0.0004661157,1.367588E-06,9.065541E-05,6.505788E-05,0.00017281,0.001654593,0.001749214,1.444287E-09,0.0002425569,0.0001035527,0.0004874392,0.001587265,7.450234E-10,1.267693E-05,0.00332146,0.001155395,0.0004154507,0.002761941,0.005717553,0.0170657,0.0006073571,0.002147171,0.0004524514,0.006161707,0.01336104,0.00252226,0.01032147,0.0003157328,0.001062381,0.009442079,0.0001168255,0.0004418976,0.0006823254,3.364044E-05,0.003532499,0.004883178,0.0008991717,0.0002568179,3.649244E-07,0.0197244,0.002402962,0.0005083356,0.01161819,0.1214792,0.1075469,0.08987384,0.02894986,0.03260375,0.002491978
244,0.0003196948,0.000576282,5.282342E-05,0.0005773663,1.483712E-05,0.0002924385,8.438648E-05,0.009194417,0.0003794018,0.02603934,0.00280468,0.008376107,0.004616182,0.003116831,0.001251962,0.0006581988,1.491563E-06,9.80238E-05,6.447874E-05,0.0001713778,0.001633923,0.001724329,1.399649E-09,0.0002414294,0.0001015097,0.0004847808,0.001549935,9.270416E-10,1.332077E-05,0.003340736,0.001162801,0.0004076475,0.002676892,0.005954028,0.01745126,0.000614074,0.002139193,0.0004469418,0.006356863,0.0134268,0.002609121,0.01044378,0.0003115401,0.001072846,0.009399957,0.000111719,0.0004421487,0.0007114043,2.992319E-05,0.00675426,0.008083845,0.001557444,0.0004496768,3.884434E-07,0.02017983,0.00241442,0.0004931555,0.01025444,0.116402,0.1059733,0.08728313,0.02921814,0.03199434,0.002394806
245,0.0003194553,0.0005738477,5.388428E-05,0.0005778877,1.484327E-05,0.0002909578,8.419322E-05,0.009211131,0.0003852429,0.02620801,0.00283578,0.008401943,0.004722271,0.003123241,0.001262788,0.0004448594,1.53499E-06,0.000105851,6.413316E-05,0.0001705559,0.001625238,0.001733281,1.390141E-09,0.0002386778,0.0001004329,0.0004826253,0.001550505,1.243704E-09,1.445201E-05,0.00336432,0.001173961,0.000403651,0.002634344,0.006167643,0.0177897,0.0006208894,0.002134632,0.0004481887,0.006600906,0.0135441,0.002685711,0.0105363,0.0003077445,0.001081423,0.009434738,0.0001085102,0.0004423343,0.0007349626,2.550703E-05,0.00479988,0.008272499,0.0009485109,0.0002206384,4.11209E-07,0.02065014,0.002425736,0.0004754214,0.009697559,0.1119638,0.1042407,0.08496267,0.02948332,0.03141752,0.002343648
246,0.0003198913,0.0005714374,5.483801E-05,0.000578317,1.484947E-05,0.000291621,8.398134E-05,0.009234912,0.0003905238,0.02637938,0.002868199,0.008419958,0.004869457,0.003132935,0.001275836,0.0004023313,1.538419E-06,0.0001096901,6.403103E-05,0.0001720013,0.001621014,0.001747942,1.423092E-09,0.0002379619,9.979119E-05,0.0004809739,0.001571121,1.418266E-09,1.504791E-05,0.003387191,0.001185427,0.000403902,0.002633529,0.006211952,0.01789068,0.0006264627,0.002128349,0.0004538329,0.006853011,0.01363635,0.002705285,0.01054532,0.0003041467,0.001088548,0.009503486,0.0001077654,0.0004423128,0.000756412,2.124701E-05,0.005935326,0.01259465,0.00113796,0.0002291557,4.287826E-07,0.02099465,0.002428478,0.0004626544,0.009838054,0.1087428,0.1033312,0.08292148,0.02920321,0.03098158,0.002347895
247,0.000320603,0.0005695701,5.588045E-05,0.0005788694,1.485845E-05,0.0002942764,8.385306E-05,0.009277894,0.0003959201,0.02658295,0.002901414,0.008437964,0.004856268,0.003177559,0.001291128,0.0004212321,1.436326E-06,9.817293E-05,6.441495E-05,0.0001760544,0.001631667,0.00176588,1.474473E-09,0.0002376843,9.935183E-05,0.0004803682,0.001596725,1.340811E-09,1.474946E-05,0.003407122,0.001199852,0.0004079241,0.002667096,0.005986211,0.01730347,0.0006193509,0.002133297,0.0004613583,0.006858581,0.01351366,0.002627766,0.01038687,0.0003012763,0.001095207,0.009597517,0.0001090887,0.0004444172,0.0007288011,1.852534E-05,0.006062649,0.01637904,0.001327263,0.000242913,4.076587E-07,0.02032409,0.002419412,0.0004595176,0.01047634,0.1074264,0.1018075,0.08187179,0.02798407,0.0307726,0.002410957
248,0.0003201959,0.0005671278,5.672851E-05,0.0005795935,1.48691E-05,0.0002958162,8.379952E-05,0.009337769,0.000398752,0.02686178,0.002919579,0.00845993,0.004421226,0.003237326,0.001297708,0.0004150148,1.034694E-06,9.026712E-05,6.553125E-05,0.0001798181,0.001640194,0.001775888,1.497598E-09,0.0002351784,9.900225E-05,0.0004803575,0.001621311,1.239326E-09,1.446169E-05,0.003416955,0.001216279,0.0004133852,0.002711256,0.005667316,0.01648023,0.0006086159,0.002147128,0.0004659439,0.006568766,0.0133396,0.002511589,0.01020395,0.0002989408,0.001099771,0.009664334,0.0001113337,0.0004429509,0.0006596147,1.757377E-05,0.005164046,0.01779643,0.0014763,0.0002464424,3.729848E-07,0.01928623,0.002358813,0.0004629713,0.01125957,0.1065562,0.100259,0.08083227,0.02656151,0.03067904,0.002511127
249,0.0003197561,0.000563877,5.740884E-05,0.0005804453,1.488269E-05,0.0002963638,8.378541E-05,0.00940774,0.0003978953,0.02717628,0.002933982,0.008457845,0.004092097,0.003290984,0.001302356,0.0003939789,7.067187E-07,5.000841E-05,6.70826E-05,0.000183797,0.001645136,0.00177653,1.51327E-09,0.0002324294,9.842069E-05,0.0004809805,0.001637665,1.075482E-09,1.363834E-05,0.003399943,0.001233951,0.0004197794,0.002758426,0.005328241,0.01552207,0.0005982456,0.00216628,0.0004684283,0.006190674,0.01305906,0.002380798,0.009919158,0.0002969106,0.001102222,0.009719365,0.000114111,0.0004389006,0.0005988897,1.804066E-05,0.003890899,0.01483643,0.001282762,0.0001974709,3.326038E-07,0.01811671,0.002278042,0.00047226,0.01216478,0.1056917,0.09678151,0.07978417,0.02512542,0.03018713,0.002613974
250,0.0003189695,0.0005581813,5.77201E-05,0.0005812214,1.489776E-05,0.0002953062,8.372995E-05,0.009463399,0.0003998311,0.02738424,0.002952223,0.008442966,0.003838891,0.003320978,0.001310092,0.0003766369,6.561486E-07,3.337577E-05,6.633714E-05,0.000188646,0.001645788,0.001769473,1.527832E-09,0.0002328955,9.731459E-05,0.0004827165,0.001642527,8.433592E-10,1.225389E-05,0.003337723,0.001250848,0.0004266227,0.002806198,0.005003836,0.01458635,0.0005878715,0.002177175,0.0004717665,0.005811083,0.01262514,0.002264254,0.00956242,0.0002949801,0.001105566,0.009825444,0.000116895,0.0004374871,0.0005449173,1.888843E-05,0.003089925,0.01210013,0.00111251,0.0001592481,2.923439E-07,0.01702461,0.002207608,0.000481801,0.01326451,0.1066688,0.09070262,0.08005688,0.02359222,0.02953077,0.002687189
251,0.0003183001,0.0005533394,5.826746E-05,0.0005817626,1.491311E-05,0.0002956538,8.355439E-05,0.009504816,0.0004060291,0.02754363,0.002978631,0.008450422,0.00390319,0.003303335,0.001319895,0.0003572856,7.45342E-07,4.194936E-05,6.464353E-05,0.0001886735,0.00164184,0.001784223,1.521291E-09,0.0002340472,9.65867E-05,0.0004839942,0.001658699,1.14714E-09,1.198541E-05,0.003340295,0.001259312,0.0004328185,0.002843043,0.005047023,0.01454692,0.0005851191,0.002144773,0.0004775024,0.00585593,0.01255842,0.002269829,0.009469314,0.000292035,0.001111214,0.009929168,0.0001188398,0.0004381497,0.0005418395,1.844028E-05,0.003153247,0.01276615,0.001157728,0.0001584604,2.913795E-07,0.01723758,0.002183925,0.0004784604,0.01415136,0.1077126,0.08889725,0.07965869,0.02383812,0.02967142,0.00270376
252,0.0001848475,0.0004846999,7.247325E-05,0.0005821829,1.545198E-05,0.0002517674,8.327493E-05,0.009529959,0.0004138731,0.02768478,0.003008754,0.0084691,0.00406098,0.002906204,0.001455689,0.0003421053,6.874984E-07,7.384258E-05,6.351437E-05,0.0001854448,0.001835218,0.001496407,1.517287E-09,0.000169064,8.749132E-05,0.0004854054,0.001677424,1.337657E-09,1.887866E-05,0.003506075,0.001848662,0.0003822663,0.002870031,0.005213343,0.01482927,0.0005895857,0.002117475,0.0004832748,0.00606679,0.01265582,0.002318749,0.009516334,0.0002917708,0.001264199,0.01001384,0.0001200727,0.0004386629,0.0005663098,1.652961E-05,0.003252234,0.01497124,0.001327755,0.0001711612,3.056807E-07,0.017826,0.002180945,0.0004713876,0.01872519,0.09799051,0.07386646,0.06228568,0.02458912,0.02997026,0.002648293
253,0.0001855726,0.0004841436,7.399216E-05,0.0005826715,1.546509E-05,0.0002568182,8.301727E-05,0.009545757,0.0004217265,0.02782451,0.003041208,0.00849168,0.004292709,0.002903983,0.001444374,0.0003396021,6.109039E-07,8.207824E-05,6.359698E-05,0.0001768763,0.001811792,0.001491616,1.495806E-09,0.0001699697,8.679831E-05,0.0004842347,0.001643446,1.166639E-09,1.901831E-05,0.003501516,0.001825928,0.0003841099,0.002831256,0.005402681,0.01515358,0.0005964868,0.002101559,0.0004798695,0.006224337,0.01268695,0.002389332,0.009649805,0.0002888044,0.001266314,0.009843927,0.0001181112,0.0004365023,0.0006047066,1.37603E-05,0.002792317,0.01454253,0.001294121,0.0001667802,3.251615E-07,0.01809695,0.002193466,0.0004699913,0.01705695,0.09764713,0.07546002,0.06095648,0.02558109,0.03002939,0.002562173
254,0.0001843564,0.0004890319,7.608035E-05,0.0005835002,1.547711E-05,0.0002614596,8.296229E-05,0.009571205,0.0004290554,0.02804486,0.003081379,0.008515352,0.004588616,0.00292219,0.001408946,0.0003840289,5.443619E-07,8.276435E-05,6.446557E-05,0.0001632078,0.001759315,0.001450701,1.412353E-09,0.000168555,8.494416E-05,0.0004817699,0.001577657,8.532645E-10,1.746854E-05,0.003445192,0.001780735,0.0003767603,0.002733496,0.005433583,0.01519894,0.0006038407,0.002102403,0.0004688617,0.006189744,0.0124893,0.002468534,0.009744203,0.0002861828,0.001267805,0.009465706,0.0001131617,0.0004278917,0.0006383176,1.072943E-05,0.002266787,0.01348053,0.001339537,0.0001713515,3.311917E-07,0.0178293,0.002215827,0.000475177,0.01454194,0.09492881,0.07616617,0.05821867,0.0266588,0.02913411,0.002476017
255,0.0001835175,0.000492299,7.703144E-05,0.0005843486,1.548826E-05,0.0002661716,8.292306E-05,0.009594066,0.0004358976,0.02824034,0.003119521,0.008539204,0.004820829,0.002940779,0.001383409,0.0004441329,4.911487E-07,8.739853E-05,6.425609E-05,0.0001491177,0.001707978,0.001410082,1.337141E-09,0.0001661878,8.309251E-05,0.0004792747,0.001512808,6.74107E-10,1.636292E-05,0.00340855,0.001730318,0.000367348,0.002627461,0.005588609,0.01547353,0.0006111031,0.00210309,0.0004556089,0.006128709,0.01232146,0.002543166,0.009881939,0.0002835655,0.001267757,0.009128264,0.000107795,0.0004209029,0.0006775463,6.822034E-06,0.0009669121,0.00641409,0.00075517,0.0001108148,3.464446E-07,0.01788956,0.002234627,0.0004731948,0.01207137,0.0935554,0.0767874,0.05662385,0.02734501,0.02836392,0.002391349
256,0.0001830314,0.0004945947,7.762681E-05,0.0005850439,1.549892E-05,0.00026512,8.279333E-05,0.009615281,0.0004427489,0.02843508,0.003154906,0.008565597,0.004827363,0.002966862,0.001369062,0.0004085657,4.856797E-07,8.755669E-05,6.363642E-05,0.0001459992,0.00167683,0.001394283,1.298274E-09,0.0001641064,8.205828E-05,0.0004772079,0.001472844,7.446456E-10,1.673708E-05,0.003410591,0.001691185,0.0003604919,0.002542658,0.005746081,0.01577081,0.0006184626,0.002102694,0.0004434393,0.006131298,0.01235926,0.002593691,0.01002567,0.0002811213,0.001266292,0.008914377,0.0001031056,0.0004175429,0.0007060338,5.443904E-06,0.0008251475,0.006459383,0.0008763914,9.79251E-05,3.658947E-07,0.01816395,0.002258779,0.0004630394,0.01032174,0.09209634,0.07668541,0.05633084,0.02763887,0.02787997,0.00233126
257,0.0001840561,0.0004965161,7.845496E-05,0.0005855171,1.550944E-05,0.0002628483,8.255635E-05,0.009637209,0.0004490167,0.02863137,0.003192245,0.008588585,0.004857432,0.002986823,0.001369462,0.0003567144,4.310432E-07,8.801077E-05,6.371237E-05,0.0001451299,0.001657913,0.001404345,1.300386E-09,0.0001624444,8.168776E-05,0.000475505,0.001461116,1.040562E-09,1.822908E-05,0.003423149,0.001658028,0.0003564958,0.00248777,0.005863091,0.01606077,0.0006255308,0.00209744,0.0004421906,0.006325682,0.01247187,0.002625822,0.01013832,0.0002787769,0.001264368,0.008870635,9.948402E-05,0.0004164912,0.0007303025,5.605777E-06,0.0008909641,0.00762566,0.001150422,0.0001009231,3.862379E-07,0.01854186,0.002285563,0.0004512981,0.0095744,0.09108977,0.07661477,0.05608134,0.02794527,0.02744875,0.002326284
258,0.000185602,0.0004974235,7.897645E-05,0.0005858679,1.551992E-05,0.0002624888,8.226815E-05,0.009660784,0.0004554463,0.02881134,0.003221587,0.008611727,0.004937745,0.002992411,0.001375799,0.0002976772,4.276525E-07,0.0001005914,6.371212E-05,0.0001484931,0.00164737,0.001430504,1.370873E-09,0.0001630135,8.171413E-05,0.0004741275,0.001472985,1.318638E-09,1.97492E-05,0.003440429,0.001627954,0.0003558408,0.002476781,0.005932107,0.01630859,0.0006313951,0.002084374,0.0004469157,0.00657009,0.01260743,0.002645713,0.01023224,0.0002762205,0.001262901,0.008902356,9.86478E-05,0.0004165576,0.0007521905,7.844635E-06,0.001192278,0.009367645,0.001705203,0.0001317325,4.080846E-07,0.01900933,0.002315623,0.0004401169,0.009627781,0.09111164,0.07731882,0.05574698,0.02829251,0.02737069,0.002383346
259,0.0001862161,0.0004977965,7.933337E-05,0.0005863191,1.553327E-05,0.0002626519,8.207548E-05,0.009708848,0.0004619322,0.02905068,0.003243821,0.008640695,0.004988396,0.00302579,0.00138052,0.0002869516,4.653364E-07,0.0001261883,6.343142E-05,0.0001548295,0.00165133,0.00146381,1.44747E-09,0.0001638116,8.19534E-05,0.0004734494,0.001495726,1.386214E-09,2.045809E-05,0.003466439,0.001605844,0.0003578222,0.002496319,0.005746295,0.01606067,0.0006273471,0.002078486,0.00045404,0.006636954,0.01263515,0.002587216,0.01022699,0.0002741446,0.001262795,0.00898852,9.974928E-05,0.0004201889,0.0007312744,1.248477E-05,0.001359863,0.009617168,0.002074596,0.0001466185,3.949756E-07,0.0187003,0.002328658,0.0004359795,0.01024295,0.09286095,0.07930531,0.05602099,0.02763607,0.02786332,0.002504804
260,0.0001865311,0.0004979698,7.97262E-05,0.0005869628,1.554801E-05,0.0002639565,8.198022E-05,0.009773435,0.0004675307,0.02937747,0.00326199,0.008669118,0.0044819,0.003078782,0.001382971,0.0002950487,5.413189E-07,0.000109125,6.428085E-05,0.0001604376,0.001658752,0.001491592,1.51727E-09,0.0001652221,8.221687E-05,0.0004735128,0.001518646,1.3151E-09,2.026287E-05,0.003482031,0.001590248,0.0003619906,0.002537379,0.005432006,0.01540068,0.0006163561,0.00208173,0.0004592083,0.006389199,0.01252175,0.00247164,0.01006398,0.000272531,0.001263785,0.009075763,0.0001023224,0.0004215654,0.0006500569,2.134752E-05,0.001812043,0.01024777,0.002563677,0.0001746696,3.568342E-07,0.0177819,0.002289488,0.0004406844,0.01125573,0.09557401,0.08099917,0.0567016,0.02645615,0.02842586,0.00264506
261,0.0001865853,0.0004966302,7.981817E-05,0.0005876592,1.556484E-05,0.0002638703,8.191117E-05,0.009835295,0.000471551,0.02961403,0.003288594,0.0086641,0.004147444,0.003133053,0.001386694,0.0003336011,6.712195E-07,0.0001086195,6.530493E-05,0.000165609,0.001661851,0.001508443,1.56322E-09,0.0001663768,8.226708E-05,0.0004743468,0.001535165,1.125361E-09,1.896195E-05,0.00345822,0.001580219,0.0003674081,0.0025879,0.005094551,0.01451407,0.0006043733,0.002095594,0.0004630596,0.006024631,0.01224677,0.002344798,0.009740883,0.0002712464,0.001263604,0.009184752,0.000105573,0.0004220592,0.0005839517,3.518688E-05,0.002619571,0.01114557,0.003067309,0.0002149342,3.146272E-07,0.01669955,0.002226802,0.000452762,0.01254054,0.09824441,0.08002438,0.05781532,0.02506857,0.02844809,0.002780852
262,0.0001876205,0.0004941202,8.011019E-05,0.0005883106,1.558325E-05,0.0002657794,8.181856E-05,0.009887045,0.0004753734,0.02977318,0.003313238,0.008663942,0.003907099,0.003173103,0.001396911,0.0003865091,7.678071E-07,0.0001097706,6.508967E-05,0.0001704531,0.001661532,0.001518546,1.58537E-09,0.000167459,8.196464E-05,0.0004760476,0.001542158,8.957087E-10,1.716581E-05,0.003397041,0.001572523,0.0003733941,0.002641899,0.004796796,0.01364797,0.0005928201,0.002108268,0.0004687717,0.005716355,0.01187239,0.00224238,0.009365026,0.0002701126,0.001264318,0.009350792,0.0001089357,0.000425767,0.000535682,4.827133E-05,0.00369826,0.01200074,0.003514306,0.000245498,2.774672E-07,0.01578084,0.002196156,0.0004685136,0.01405299,0.1013327,0.07548326,0.05956237,0.0237083,0.02802669,0.002871617
263,0.0001878674,0.0004918249,8.051802E-05,0.0005887801,1.560326E-05,0.0002670798,8.16227E-05,0.009922899,0.0004813217,0.02990475,0.003338553,0.008679298,0.003948657,0.003177434,0.001399512,0.0004378181,8.309098E-07,0.0001164315,6.423853E-05,0.0001732373,0.001654509,0.001538758,1.582144E-09,0.0001686325,8.177343E-05,0.0004786568,0.001558403,1.090087E-09,1.613474E-05,0.003380908,0.001558009,0.0003790452,0.002689127,0.004843294,0.01364572,0.0005916424,0.00209101,0.000475799,0.005799975,0.01181831,0.002249394,0.00928091,0.0002686701,0.001267465,0.009505183,0.000111623,0.0004296469,0.0005346185,5.353357E-05,0.004741436,0.01256743,0.00389312,0.0002687759,2.770865E-07,0.01608707,0.002210495,0.0004762502,0.01536396,0.1041992,0.07365159,0.06087679,0.02431867,0.02825932,0.002901659
264,0.0001884078,0.0003871429,6.997756E-05,0.000589168,1.774223E-05,0.0002450791,8.134538E-05,0.009943511,0.0004882756,0.03004127,0.003368506,0.00870047,0.00410329,0.00373707,0.001104042,0.0003510213,7.495756E-07,9.709127E-05,6.375887E-05,0.0001730011,0.001577708,0.001447996,1.587873E-09,0.0001705203,6.564926E-05,0.0004805919,0.001577534,1.304655E-09,2.374156E-05,0.003639667,0.001551259,0.0005263619,0.002726316,0.005005783,0.01398725,0.0005964621,0.002066401,0.0004824039,0.006029477,0.01197847,0.002299141,0.009373945,0.000298428,0.001688253,0.009627284,0.0001136294,0.000432033,0.000563686,5.40708E-05,0.006586991,0.01433434,0.004868253,0.0003421075,2.932908E-07,0.01678775,0.002237965,0.0004817278,0.01960034,0.1178517,0.08997563,0.07256003,0.02559412,0.02878356,0.002865619
265,0.0001896757,0.0003883574,7.092477E-05,0.0005895541,1.775755E-05,0.0002490849,8.105687E-05,0.009959651,0.0004956131,0.03020114,0.003403661,0.008723542,0.004277113,0.003714479,0.001114944,0.0004260612,6.834127E-07,0.0001009456,6.340996E-05,0.0001728794,0.001575277,0.001470219,1.57965E-09,0.0001715055,6.605279E-05,0.0004809388,0.001590943,1.379016E-09,2.592371E-05,0.003642952,0.001535117,0.0005306994,0.002751701,0.005207583,0.01444274,0.0006032472,0.002049463,0.000484362,0.006291904,0.01221155,0.002366548,0.009544913,0.0002954371,0.001677387,0.009671169,0.0001151892,0.0004332797,0.0006019474,5.340284E-05,0.007567717,0.01444231,0.00542863,0.0003965857,3.160958E-07,0.01757895,0.002269248,0.0004860063,0.01980076,0.1175525,0.09227005,0.07280398,0.02688413,0.02934947,0.002783549
266,0.0001901807,0.0003905167,7.209605E-05,0.0005901218,1.77708E-05,0.0002531586,8.086608E-05,0.009972508,0.0005027973,0.03035376,0.003436436,0.008744491,0.004506747,0.003705168,0.001111533,0.0005168567,6.851755E-07,0.0001025584,6.37144E-05,0.0001666195,0.001562384,0.001462538,1.539485E-09,0.0001706493,6.616412E-05,0.0004789252,0.001562326,1.175787E-09,2.606917E-05,0.003630579,0.001520608,0.0005294576,0.002725561,0.005413332,0.0148291,0.0006102338,0.002049022,0.0004757936,0.006363703,0.01229346,0.002444701,0.009741948,0.0002924785,0.00166252,0.009482293,0.000114111,0.0004313388,0.0006443288,5.62137E-05,0.008118756,0.0147661,0.005939746,0.0004560334,3.40739E-07,0.01795539,0.002306783,0.0004920852,0.01822734,0.1155865,0.09502846,0.07110395,0.02808472,0.02969784,0.002692247
267,0.0001899051,0.0003932482,7.30709E-05,0.0005908216,1.778235E-05,0.0002565669,8.075147E-05,0.009987407,0.0005099547,0.03052554,0.003474358,0.008765202,0.004748104,0.003703848,0.001105715,0.0006451505,7.305841E-07,0.000105212,6.386118E-05,0.0001631996,0.001547972,0.001450198,1.495318E-09,0.0001697234,6.614267E-05,0.0004760322,0.001523255,1.008528E-09,2.601313E-05,0.003620947,0.001506501,0.0005235422,0.00267413,0.005642132,0.01525994,0.0006170001,0.00205675,0.000463243,0.006312339,0.01240398,0.002525962,0.009952421,0.0002896842,0.001646958,0.009194202,0.0001112984,0.0004274176,0.0006854482,6.077711E-05,0.008848093,0.01320397,0.005765234,0.000504602,3.660979E-07,0.01830121,0.002347242,0.0004944157,0.01616033,0.1139071,0.09710635,0.06949692,0.02886911,0.02983077,0.002578297
268,0.000189006,0.0003949247,7.344512E-05,0.0005915245,1.779286E-05,0.0002567747,8.065464E-05,0.01000097,0.0005168398,0.03067917,0.003507096,0.008783661,0.004851204,0.003682616,0.001100329,0.0007542361,7.850455E-07,0.000108548,6.353793E-05,0.0001562629,0.001525218,0.001425555,1.431183E-09,0.0001688735,6.573256E-05,0.0004730421,0.001474357,8.239176E-10,2.502442E-05,0.003603133,0.001485882,0.0005113248,0.002592196,0.005870556,0.01566983,0.0006232216,0.002060202,0.0004508744,0.006293198,0.01245796,0.002604382,0.01015119,0.000286773,0.001631205,0.008974647,0.0001068669,0.0004251825,0.000719471,6.562806E-05,0.01105363,0.0147034,0.006412044,0.0006842589,3.920141E-07,0.01875215,0.002386987,0.0004913042,0.01384203,0.1123907,0.09838337,0.06791338,0.02941883,0.02971535,0.002512242
269,0.00018908,0.000397852,7.444882E-05,0.0005920908,1.780305E-05,0.0002560481,8.050503E-05,0.01002743,0.0005243103,0.03091622,0.00353746,0.008812364,0.004924403,0.003654091,0.001107586,0.0007629155,8.461161E-07,0.0001126919,6.337381E-05,0.0001547415,0.001518036,0.001432442,1.393492E-09,0.0001680497,6.568134E-05,0.0004704859,0.001451226,1.018208E-09,2.64131E-05,0.003610224,0.001466682,0.0005004823,0.002525363,0.006019389,0.01604467,0.0006279804,0.002056305,0.000450548,0.006483621,0.01260808,0.00266099,0.01032156,0.0002838304,0.001616525,0.00897408,0.0001030061,0.0004250896,0.0007444894,6.88541E-05,0.01110582,0.01358892,0.005749305,0.0008112827,4.153931E-07,0.01925235,0.002418563,0.0004838258,0.0125842,0.111,0.09944827,0.06684282,0.02988479,0.0296665,0.002477876
270,0.0001900155,0.0004002215,7.52521E-05,0.00059256,1.781375E-05,0.0002561881,8.033354E-05,0.01006502,0.0005309473,0.03112835,0.003572733,0.008826549,0.005034243,0.00363713,0.001120858,0.0007102843,9.443875E-07,0.0001166932,6.342451E-05,0.000154346,0.001517482,0.001453278,1.400617E-09,0.0001675058,6.601582E-05,0.0004685793,0.001460192,1.199444E-09,2.758623E-05,0.0036191,0.001452643,0.000493809,0.002508002,0.006098506,0.01630926,0.0006313541,0.002053969,0.0004562395,0.006740702,0.0127571,0.002692153,0.01041951,0.0002811746,0.001602856,0.009059813,0.0001019897,0.0004266178,0.00076764,7.108619E-05,0.01008912,0.01308362,0.00487522,0.0009207501,4.393555E-07,0.01975978,0.002453705,0.0004770164,0.0123781,0.1098032,0.1008224,0.065827,0.03012076,0.02966499,0.002496683
271,0.0001913297,0.0004035979,7.641014E-05,0.0005931482,1.78272E-05,0.0002587107,8.024489E-05,0.01011838,0.0005382112,0.03140207,0.003612598,0.008846032,0.005071166,0.003655819,0.001132164,0.0006688948,1.012649E-06,0.0001094493,6.398094E-05,0.0001575879,0.001528821,0.001478879,1.446103E-09,0.0001678737,6.652426E-05,0.0004679331,0.001482174,1.197841E-09,2.706309E-05,0.003631669,0.001444759,0.000492978,0.002533469,0.005886608,0.01596224,0.0006271288,0.00206265,0.0004635769,0.006835447,0.01269398,0.002621084,0.01030734,0.0002790858,0.001591419,0.009152601,0.0001035502,0.0004291827,0.0007500523,7.254396E-05,0.008705416,0.01289731,0.003903814,0.0009449382,4.182551E-07,0.01928493,0.002479977,0.0004777213,0.01303833,0.1097572,0.1024007,0.06550092,0.02921727,0.02988994,0.002578605
272,0.0001927767,0.0004074501,7.750086E-05,0.0005939118,1.784201E-05,0.0002612088,8.022822E-05,0.01018574,0.0005452242,0.03176415,0.003650512,0.008868507,0.004435298,0.003690329,0.001143182,0.0006300808,7.70283E-07,9.70734E-05,6.50951E-05,0.0001608112,0.001541181,0.001496645,1.490383E-09,0.0001685449,6.699797E-05,0.0004684358,0.001500236,1.078158E-09,2.528638E-05,0.003624386,0.001441217,0.0004959308,0.002580408,0.005542713,0.01520468,0.000615831,0.002081433,0.0004688525,0.006560935,0.01244258,0.002490231,0.01001585,0.0002774538,0.001581391,0.009217818,0.0001065566,0.0004292201,0.0006583782,7.138051E-05,0.007735319,0.01256701,0.003175298,0.0009150617,3.703945E-07,0.01818206,0.002457733,0.0004855908,0.01422505,0.1104017,0.1024035,0.0657743,0.02778408,0.03001833,0.002695769
273,0.0001924594,0.0004086304,7.747944E-05,0.0005947636,1.785943E-05,0.0002603618,8.023562E-05,0.01025593,0.0005488417,0.03208373,0.003675148,0.008872584,0.003860898,0.003726204,0.001147185,0.0006049846,6.308775E-07,7.361972E-05,6.596524E-05,0.0001625411,0.00154543,0.001499472,1.516029E-09,0.0001688763,6.715567E-05,0.0004696633,0.001504209,8.678674E-10,2.289541E-05,0.003566771,0.001440396,0.000500556,0.002634657,0.005181611,0.01424923,0.0006037122,0.002106017,0.0004714992,0.006106644,0.0120555,0.002346808,0.009642155,0.0002760686,0.001570836,0.009293644,0.0001102506,0.0004268956,0.0005813119,6.934501E-05,0.006461509,0.01081783,0.002411183,0.0007881699,3.202975E-07,0.01696439,0.002401803,0.0004994083,0.0157421,0.111305,0.09892583,0.06646421,0.02617033,0.02952033,0.002822973
274,0.0001926713,0.0004086031,7.745239E-05,0.0005955526,1.788213E-05,0.0002604915,8.020665E-05,0.0103119,0.0005531514,0.03229143,0.003690307,0.008870371,0.003649188,0.003738415,0.001153725,0.0005771887,6.152476E-07,3.898173E-05,6.486156E-05,0.0001631256,0.001544433,0.001493952,1.513468E-09,0.0001698571,6.682903E-05,0.0004722477,0.001496811,6.170161E-10,2.014856E-05,0.003458069,0.001431594,0.0005056047,0.00268851,0.004871141,0.01341783,0.0005918078,0.002108367,0.0004766069,0.005768578,0.01162759,0.002239329,0.009286973,0.0002745377,0.001560579,0.009439487,0.0001137449,0.0004284957,0.0005299328,6.865674E-05,0.005255739,0.008631076,0.001771993,0.0006154058,2.784444E-07,0.01599893,0.002374553,0.0005156273,0.01753189,0.1132475,0.0897817,0.06782518,0.02481484,0.02845757,0.002925295
275,0.0001942469,0.0004099781,7.81208E-05,0.0005962081,1.790698E-05,0.0002636027,8.010496E-05,0.01036094,0.0005595001,0.03249871,0.00371894,0.008880399,0.003840436,0.003702953,0.001167678,0.0005388326,7.629446E-07,3.603459E-05,6.364096E-05,0.0001616129,0.001542673,0.00150535,1.503284E-09,0.0001711885,6.660386E-05,0.0004743898,0.001501587,5.922611E-10,1.772616E-05,0.003376834,0.001412231,0.0005100454,0.002734014,0.004842467,0.01315064,0.0005833623,0.002081755,0.000482857,0.005785558,0.01127012,0.002215332,0.009069866,0.0002720176,0.001552843,0.009571063,0.0001170079,0.0004310545,0.0005210349,6.753901E-05,0.005062264,0.009031923,0.001651924,0.0006158276,2.721813E-07,0.0161627,0.002388353,0.0005269352,0.01934954,0.1157246,0.08456469,0.06930362,0.02443042,0.02823591,0.002960687
276,0.0002003691,0.000306627,6.819984E-05,0.0005967527,1.992113E-05,0.0002753488,7.989244E-05,0.01039242,0.0005673566,0.03269219,0.003755028,0.008895245,0.004122133,0.004949326,0.00182384,0.0004694661,8.829383E-07,5.070878E-05,6.291427E-05,0.0001598229,0.001361143,0.00122125,1.514617E-09,0.0002522554,0.000129505,0.0004746486,0.001517063,1.094976E-09,1.339121E-05,0.003079366,0.00154353,0.0006083567,0.00277376,0.004968597,0.01340734,0.0005832053,0.00205076,0.0004877318,0.005997397,0.0112454,0.002242805,0.00908247,0.0002036214,0.001904142,0.009598045,0.0001194497,0.000430609,0.0005516926,6.492509E-05,0.00583555,0.01174781,0.001907493,0.0007352552,2.908546E-07,0.01679803,0.002413004,0.0005326057,0.01536941,0.1249164,0.09964909,0.06912552,0.02519207,0.02867833,0.002915155
277,0.000202087,0.000308415,6.864913E-05,0.0005973068,1.993963E-05,0.0002795658,7.966747E-05,0.01040612,0.0005758509,0.03282944,0.003784142,0.008912738,0.004389878,0.004861957,0.001811673,0.0004453425,1.087113E-06,8.221091E-05,6.270208E-05,0.0001573552,0.001362267,0.001238078,1.507395E-09,0.0002508973,0.0001282287,0.0004733056,0.001524214,1.240425E-09,1.499704E-05,0.003096676,0.001522199,0.0006095988,0.002778591,0.005184337,0.01385066,0.0005876797,0.002028519,0.0004851236,0.006212785,0.01138326,0.002300416,0.009216638,0.0002027206,0.001879586,0.009556763,0.00011986,0.0004305535,0.0005942943,5.929978E-05,0.00645898,0.01449678,0.002096992,0.0008465319,3.168706E-07,0.01737198,0.002439821,0.0005362389,0.01490921,0.1231838,0.103289,0.06899533,0.02624623,0.02924198,0.002817227
278,0.0002017878,0.0003113535,6.953032E-05,0.0005981022,1.995531E-05,0.000281559,7.95808E-05,0.0104209,0.0005844296,0.03298736,0.003818044,0.008931545,0.004628574,0.004772071,0.001769234,0.0004091673,9.649374E-07,8.436721E-05,6.297907E-05,0.0001523111,0.001353121,0.001230077,1.453549E-09,0.0002488309,0.000125603,0.0004709229,0.001499605,1.048069E-09,1.51202E-05,0.003100551,0.001499006,0.0006031466,0.002718253,0.005353308,0.01419539,0.0005933886,0.002021265,0.0004737493,0.006226218,0.01149685,0.002370554,0.009395075,0.0002023873,0.001851608,0.009313392,0.000116401,0.0004267871,0.0006350733,5.2218E-05,0.00634089,0.01501324,0.001965826,0.0008490795,3.354867E-07,0.01755517,0.002471089,0.0005405027,0.01300018,0.1196015,0.1065477,0.06720091,0.02725586,0.02958051,0.002690729
279,0.0001994202,0.0003146904,7.028312E-05,0.0005990968,1.996946E-05,0.000280958,7.961502E-05,0.01044033,0.0005925586,0.03316391,0.003851102,0.008949491,0.004853644,0.00468923,0.001717635,0.0004096436,8.606583E-07,7.405687E-05,6.299214E-05,0.0001429989,0.001330812,0.001200834,1.353412E-09,0.0002446698,0.0001216472,0.0004684514,0.001447312,7.96068E-10,1.421349E-05,0.003081389,0.00146892,0.0005863289,0.002614567,0.005551675,0.01458862,0.0005992048,0.002026112,0.000458633,0.006091357,0.01147202,0.002444383,0.009552462,0.0002023401,0.00182378,0.008971581,0.0001106163,0.0004199051,0.0006722633,4.611104E-05,0.006559642,0.01550351,0.002037559,0.0009819538,3.521115E-07,0.01768185,0.002506567,0.0005420247,0.01062147,0.1141936,0.1075158,0.06415638,0.0281548,0.02933951,0.002581489
280,0.0001991253,0.0003189851,7.130898E-05,0.0005999975,1.998287E-05,0.0002796253,7.960062E-05,0.0104662,0.0006012779,0.03342281,0.003888249,0.008978719,0.004958749,0.004618665,0.001687833,0.0003919305,7.538138E-07,7.406174E-05,6.283835E-05,0.0001359861,0.001314189,0.001179703,1.268016E-09,0.0002399453,0.0001178275,0.0004663219,0.001397581,6.952474E-10,1.390618E-05,0.003083651,0.001442014,0.0005682665,0.002508998,0.005681701,0.01501198,0.0006049679,0.002034559,0.000445121,0.006016747,0.01153671,0.002475164,0.009748117,0.0002024659,0.00179656,0.008757368,0.0001044467,0.0004165555,0.0007044564,4.134118E-05,0.005185745,0.01223879,0.001588166,0.0008645977,3.74216E-07,0.01809106,0.002531279,0.0005363451,0.008526106,0.1094776,0.1083548,0.06257521,0.02869162,0.02905371,0.002493514
281,0.0001991563,0.0003221916,7.165102E-05,0.0006006783,1.999604E-05,0.0002753896,7.948103E-05,0.01048879,0.0006094334,0.03362631,0.003931268,0.008990915,0.004971277,0.004547815,0.001672484,0.0002982763,7.476262E-07,8.413755E-05,6.259866E-05,0.0001341552,0.00131071,0.001184953,1.219021E-09,0.0002354678,0.0001152017,0.0004646205,0.001381311,8.745462E-10,1.512471E-05,0.003108591,0.001419956,0.0005547105,0.002429924,0.00583388,0.01540361,0.0006108964,0.002038275,0.0004376828,0.006162088,0.01170759,0.002522519,0.009923276,0.000202603,0.001769665,0.00873335,9.893503E-05,0.0004169088,0.0007325731,3.821114E-05,0.004553817,0.01171118,0.001394916,0.000666116,3.981884E-07,0.01858153,0.002553819,0.0005233565,0.007393167,0.1048981,0.1085089,0.06178362,0.02905421,0.02890776,0.002449998
282,0.0001989219,0.0003259838,7.207274E-05,0.0006013212,2.001043E-05,0.0002729238,7.936761E-05,0.01053423,0.0006188275,0.03399152,0.003964467,0.009043686,0.005096257,0.004472782,0.001657773,0.0002564774,6.480223E-07,8.299993E-05,6.284175E-05,0.0001355298,0.00131588,0.001208715,1.224486E-09,0.0002327878,0.000113509,0.000463331,0.001387617,1.084785E-09,1.636258E-05,0.003139875,0.001400946,0.0005465299,0.002394981,0.005800532,0.01546264,0.000612432,0.002038184,0.0004404389,0.006385656,0.01184364,0.002496735,0.01000068,0.0002028077,0.001744349,0.008780114,9.57437E-05,0.0004180108,0.0007450513,3.494674E-05,0.003919123,0.01051434,0.00133955,0.0005571198,4.130522E-07,0.01886372,0.002558499,0.0005134397,0.00740082,0.1016129,0.1091438,0.06126742,0.02865643,0.02880675,0.002479467
283,0.0001987007,0.0003271213,7.21366E-05,0.0006021449,2.003313E-05,0.0002710004,7.934716E-05,0.01059905,0.0006215436,0.03430509,0.003972751,0.009090105,0.004831033,0.004445116,0.001645358,0.0002543778,4.841735E-07,6.81155E-05,6.31548E-05,0.0001401636,0.001333304,0.001240273,1.279557E-09,0.0002323181,0.0001123231,0.0004628901,0.001406667,1.171511E-09,1.743821E-05,0.00318297,0.001388256,0.000543553,0.002398192,0.005519472,0.01511394,0.0006047933,0.002042671,0.000445378,0.00629171,0.01189465,0.00240246,0.009995108,0.0002033109,0.00172161,0.008856992,9.521305E-05,0.0004210359,0.0006984861,3.206292E-05,0.003377366,0.008748045,0.001307055,0.0004770966,3.83375E-07,0.01820159,0.00252745,0.0005089655,0.008114965,0.1004873,0.1104515,0.06132448,0.02761172,0.02917759,0.002566795
284,0.0001990539,0.0003305597,7.291716E-05,0.0006031244,2.005965E-05,0.0002720079,7.938952E-05,0.01069584,0.0006249545,0.03492639,0.003969752,0.00915836,0.004512221,0.004432458,0.001628974,0.0002460887,3.234853E-07,4.191978E-05,6.406324E-05,0.000144847,0.001349893,0.00126753,1.350484E-09,0.0002323379,0.0001112793,0.000463166,0.001426074,1.126145E-09,1.744615E-05,0.003207854,0.001380833,0.0005448338,0.00243127,0.005170755,0.01445129,0.0005938874,0.00205552,0.0004488146,0.005988496,0.01176159,0.002281206,0.009806328,0.000204001,0.001701523,0.008898844,9.711182E-05,0.0004215599,0.0006250938,3.232812E-05,0.002362978,0.00587526,0.001063644,0.000342734,3.364559E-07,0.01711646,0.002473844,0.000511442,0.009265386,0.1010363,0.1107666,0.06183298,0.0262678,0.02946681,0.002671319
285,0.0001986379,0.0003320972,7.315642E-05,0.000604103,2.00896E-05,0.000271401,7.941721E-05,0.01077436,0.0006263372,0.03523324,0.003971151,0.009092515,0.004000339,0.004419127,0.001611158,0.0002413714,2.45692E-07,2.680358E-05,6.524129E-05,0.0001500672,0.001362895,0.001289746,1.420397E-09,0.000233039,0.0001102174,0.0004640282,0.001442857,1.03157E-09,1.689208E-05,0.00321636,0.00137684,0.0005489754,0.002478227,0.004829895,0.01367013,0.0005829961,0.002072683,0.0004503411,0.005592699,0.01153347,0.002157228,0.009493848,0.0002047685,0.001681556,0.008957018,0.0001002417,0.0004203318,0.000564999,3.657336E-05,0.001429304,0.003652622,0.0007624661,0.0002363292,2.93704E-07,0.01601171,0.002404729,0.0005199303,0.01069909,0.1018021,0.1102755,0.06248073,0.02486047,0.02969096,0.00278256
286,0.0001986411,0.0003323545,7.33003E-05,0.0006049321,2.012161E-05,0.0002714975,7.938568E-05,0.01082633,0.0006301918,0.03533419,0.003989108,0.009040255,0.003750068,0.004374354,0.001599639,0.0002373828,2.98889E-07,2.265199E-05,6.514559E-05,0.0001524191,0.00137056,0.001303339,1.462143E-09,0.0002347891,0.0001083808,0.0004652313,0.001438105,8.233454E-10,1.552703E-05,0.003161084,0.001368844,0.0005541313,0.002524297,0.004529022,0.01287407,0.0005717409,0.002072658,0.0004546903,0.005314155,0.01117228,0.002059131,0.009098408,0.0002052038,0.001660895,0.009087695,0.0001035217,0.0004227706,0.0005247124,4.13694E-05,0.001120519,0.002949511,0.0006982536,0.0001974392,2.565461E-07,0.01510901,0.00237936,0.0005330673,0.01203572,0.102868,0.1010138,0.06351895,0.02350544,0.02859087,0.002867493
287,0.0001990275,0.0003334167,7.366153E-05,0.000605571,2.015296E-05,0.0002724431,7.924448E-05,0.01086752,0.0006401621,0.03546077,0.004026953,0.009036343,0.00383003,0.004293451,0.001593425,0.0002509504,4.023923E-07,3.068188E-05,6.427043E-05,0.0001552614,0.001374588,0.001327898,1.482532E-09,0.000235804,0.0001069344,0.000466339,0.00144943,9.228694E-10,1.451555E-05,0.00314884,0.001358268,0.0005589235,0.002568094,0.004522847,0.01284819,0.0005677174,0.002059941,0.0004604239,0.005396623,0.01099988,0.002059663,0.008923848,0.0002052347,0.001645873,0.009193541,0.0001065836,0.0004253873,0.0005305997,4.047253E-05,0.001474208,0.003461727,0.0008460736,0.0002054934,2.567222E-07,0.01546856,0.002397557,0.000539752,0.01348732,0.1047031,0.09882157,0.06453563,0.02382353,0.02866448,0.002890022
288,0.0001901428,0.0002462183,6.279528E-05,0.0006060994,1.855088E-05,0.0002271461,7.901445E-05,0.0108933,0.0006512954,0.03553984,0.004060346,0.009050094,0.003965155,0.004379983,0.001493749,0.0002480354,5.074817E-07,4.820097E-05,6.351346E-05,0.0001549268,0.00177816,0.001877331,1.495602E-09,0.0001959272,8.567958E-05,0.0004674377,0.001467709,1.135674E-09,1.698912E-05,0.0035352,0.001262073,0.0004829332,0.002608794,0.004666242,0.01321709,0.0005700018,0.002044739,0.0004669505,0.005628536,0.01115004,0.002108786,0.008997278,0.0002375116,0.002067417,0.009303062,0.0001090713,0.0004278315,0.000562043,3.462536E-05,0.00215893,0.004650849,0.001166885,0.0002467689,2.735879E-07,0.01624986,0.002426992,0.0005430129,0.01396359,0.06317312,0.08250546,0.05882765,0.02497938,0.02921335,0.002836745
289,0.0001909112,0.0002473563,6.321404E-05,0.0006066395,1.857409E-05,0.0002317587,7.877315E-05,0.01090782,0.0006630133,0.03564024,0.004094843,0.009070736,0.00419793,0.004313374,0.001488388,0.0002636834,5.387232E-07,6.023263E-05,6.325701E-05,0.0001528078,0.001758857,0.00187907,1.495771E-09,0.0001964279,8.537119E-05,0.0004676517,0.001460059,1.159136E-09,1.834617E-05,0.00354461,0.001258499,0.0004860783,0.002611378,0.004868524,0.01370153,0.0005754475,0.002033477,0.0004664281,0.005858086,0.0113441,0.002179636,0.009180852,0.0002366718,0.002027818,0.009281495,0.0001096084,0.0004296998,0.0006049243,2.788079E-05,0.002320459,0.004852668,0.001294722,0.0002538696,2.979947E-07,0.01688888,0.002458273,0.0005463289,0.01331917,0.06771229,0.08563723,0.05896884,0.02631031,0.02985698,0.00274725
290,0.0001908376,0.0002497978,6.420658E-05,0.0006074007,1.859512E-05,0.0002351801,7.865043E-05,0.01092459,0.0006742756,0.03579386,0.004135537,0.009093296,0.004476493,0.004256217,0.001472821,0.0002477988,4.818562E-07,6.86382E-05,6.341238E-05,0.0001478987,0.001723112,0.001839814,1.469186E-09,0.0001964106,8.451649E-05,0.0004667775,0.001419356,9.561134E-10,1.816753E-05,0.003534832,0.001255035,0.0004836773,0.002560886,0.005083467,0.01416291,0.0005816924,0.002034164,0.000456891,0.005898465,0.01140561,0.00226235,0.009388186,0.0002357425,0.001984359,0.009046521,0.0001069362,0.0004277717,0.0006502839,2.286592E-05,0.002130079,0.004439882,0.001292807,0.0002526309,3.220672E-07,0.0172065,0.002491758,0.0005491947,0.01165643,0.07259209,0.08850677,0.05820701,0.02748924,0.03021752,0.002638412
291,0.0001896928,0.0002533591,6.541803E-05,0.0006083582,1.861438E-05,0.0002389099,7.864611E-05,0.01094673,0.0006849158,0.0359901,0.004181175,0.00911537,0.004785668,0.004200533,0.001451034,0.0002080243,4.057538E-07,7.206233E-05,6.349584E-05,0.0001408348,0.001677563,0.001784604,1.420814E-09,0.0001952997,8.314491E-05,0.0004655193,0.001366421,7.488328E-10,1.73355E-05,0.003509281,0.001245998,0.0004750854,0.002481343,0.005283839,0.01461741,0.0005879386,0.00204228,0.000443918,0.005808497,0.01137041,0.002346777,0.009600577,0.0002348741,0.001942294,0.008696858,0.0001025661,0.0004222995,0.0006928874,2.277489E-05,0.001432564,0.002109112,0.0008567974,0.0001728842,3.430835E-07,0.01735006,0.00252535,0.0005486984,0.00983251,0.07681411,0.09055331,0.05697712,0.02838461,0.03009162,0.002524154
292,0.0001886146,0.0002565217,6.609706E-05,0.0006091653,1.863263E-05,0.0002370561,7.857532E-05,0.01097034,0.0006952774,0.03620496,0.00422364,0.009139378,0.004784366,0.004136439,0.001441269,0.0002121525,5.641307E-07,7.667769E-05,6.2981E-05,0.0001370175,0.001641527,0.001746117,1.385389E-09,0.0001943347,8.196509E-05,0.000464289,0.001324461,7.118564E-10,1.736118E-05,0.003509174,0.001235607,0.0004660664,0.002404132,0.005475109,0.01504965,0.0005940532,0.002043227,0.0004321324,0.005831145,0.01144292,0.002423575,0.009800363,0.0002338711,0.001901068,0.008544693,9.832242E-05,0.000421159,0.0007243333,2.400491E-05,0.001173058,0.001662518,0.0005351834,0.0001001092,3.666248E-07,0.01774836,0.002553754,0.0005394326,0.008574363,0.0801372,0.09120692,0.05675236,0.02884916,0.02980827,0.002420874
293,0.0001878458,0.000258921,6.62543E-05,0.0006097818,1.864784E-05,0.0002328508,7.841793E-05,0.01098981,0.0007051764,0.03637461,0.004262256,0.009159271,0.004738155,0.004095245,0.00143973,0.0002030383,7.584383E-07,8.565247E-05,6.240153E-05,0.0001360213,0.001620787,0.001743259,1.371299E-09,0.0001921961,8.154467E-05,0.0004633632,0.001315114,9.513851E-10,1.89512E-05,0.003525133,0.001229621,0.0004607043,0.002353498,0.005659836,0.01543459,0.0006003703,0.00204513,0.0004297977,0.006025554,0.01161485,0.002497366,0.009949536,0.0002330944,0.001861177,0.00854986,9.47193E-05,0.0004222042,0.0007460967,2.565379E-05,0.002390837,0.002738339,0.0007268781,0.000132531,3.900762E-07,0.01821748,0.002580805,0.0005233624,0.008166245,0.08292991,0.09119362,0.05668966,0.02921936,0.02960232,0.002377991
294,0.0001887071,0.0002618286,6.694632E-05,0.0006103218,1.866215E-05,0.0002328917,7.823362E-05,0.01101673,0.0007149518,0.03659593,0.004303447,0.009180458,0.004797882,0.004061071,0.001448158,0.0002224381,9.620545E-07,9.351748E-05,6.257471E-05,0.0001369992,0.001607577,0.001753893,1.38886E-09,0.0001911243,8.154727E-05,0.0004626906,0.001330222,1.171989E-09,2.037605E-05,0.003544726,0.001226413,0.0004584951,0.002342122,0.005767113,0.01575899,0.0006062936,0.002047443,0.0004346586,0.006285363,0.01181431,0.002541189,0.01006272,0.0002324949,0.001824708,0.008620048,9.339965E-05,0.0004237493,0.0007698624,2.607948E-05,0.004101313,0.004494866,0.00102445,0.0001868226,4.132125E-07,0.01874173,0.002607528,0.0005089283,0.008369379,0.08616893,0.09186823,0.05650558,0.02951047,0.0295318,0.00240363
295,0.0001891151,0.0002646529,6.746803E-05,0.0006110499,1.867992E-05,0.0002339763,7.817493E-05,0.0110786,0.000723352,0.03694869,0.004318113,0.009232787,0.004630009,0.004064254,0.00145715,0.0002584537,9.69192E-07,8.561636E-05,6.275214E-05,0.0001418993,0.001612621,0.0017743,1.429354E-09,0.0001903971,8.182726E-05,0.0004626884,0.001355936,1.225021E-09,2.122147E-05,0.00357908,0.00122719,0.0004591515,0.002358483,0.005567652,0.01550085,0.0005981728,0.002054054,0.0004414961,0.006267209,0.01189166,0.002479316,0.0100717,0.0002322721,0.001792575,0.008719586,9.410262E-05,0.000427566,0.0007230862,2.517222E-05,0.005567951,0.006612377,0.001314716,0.0002560275,3.970673E-07,0.01830224,0.002612204,0.0005026172,0.008925979,0.09058338,0.09366035,0.05695593,0.02869672,0.0299456,0.002495343
296,0.0001902623,0.0002685938,6.843363E-05,0.0006120331,1.870136E-05,0.0002370658,7.8214E-05,0.01117774,0.0007250448,0.03754847,0.004330422,0.009301731,0.004100679,0.00407362,0.001466099,0.0002692509,7.720612E-07,7.613211E-05,6.392796E-05,0.0001470786,0.001617763,0.001792616,1.453794E-09,0.0001892463,8.220319E-05,0.0004631396,0.00138361,1.212309E-09,2.160326E-05,0.003605971,0.001230388,0.0004613809,0.002392897,0.005246236,0.01490847,0.0005875785,0.002064642,0.0004445642,0.00595332,0.01184874,0.002361161,0.009943773,0.0002323101,0.001763936,0.008773787,9.621482E-05,0.0004269206,0.0006504263,2.356136E-05,0.005603446,0.00747802,0.001396501,0.0002815322,3.584376E-07,0.0173203,0.002563339,0.000503775,0.009762708,0.09508048,0.09483381,0.0577312,0.0274545,0.03047168,0.002612222
297,0.0001893362,0.0002693814,6.838552E-05,0.0006130165,1.872958E-05,0.0002367727,7.825284E-05,0.01124879,0.000725196,0.03775948,0.00434439,0.009216798,0.003617364,0.004082021,0.00146051,0.0002736159,8.197553E-07,6.078094E-05,6.527197E-05,0.0001528255,0.001618424,0.001801174,1.45894E-09,0.0001875604,8.244579E-05,0.0004640038,0.001405464,1.108122E-09,2.096049E-05,0.003605133,0.001235683,0.0004644798,0.002436796,0.004899721,0.0140952,0.0005768811,0.002080285,0.000446587,0.00554734,0.01162848,0.002229454,0.009646909,0.0002324053,0.001737588,0.008843324,9.924969E-05,0.0004247177,0.0005776044,2.31344E-05,0.00552329,0.007232935,0.00137393,0.000282037,3.11591E-07,0.01615931,0.002496558,0.0005115015,0.01084156,0.09917494,0.09426875,0.05891043,0.02604195,0.03054112,0.002740887
298,0.0001885499,0.0002695539,6.839095E-05,0.0006138928,1.876042E-05,0.0002369254,7.824924E-05,0.01130082,0.0007312818,0.03792605,0.004366724,0.009181048,0.00346245,0.004074335,0.001460709,0.0002556198,1.244419E-06,6.48596E-05,6.481937E-05,0.0001581112,0.0016161,0.001805218,1.466046E-09,0.0001873675,8.230357E-05,0.0004655973,0.001421143,9.404231E-10,1.940206E-05,0.003563351,0.001241707,0.0004696347,0.002487246,0.00458486,0.01334865,0.0005661874,0.002095935,0.0004510172,0.00525032,0.01131781,0.002120386,0.009294164,0.0002324954,0.001713026,0.00897847,0.0001026707,0.0004262018,0.0005325533,2.252722E-05,0.006329696,0.007834871,0.001476754,0.0003089846,2.704359E-07,0.01523087,0.00245441,0.0005228042,0.01225776,0.1036972,0.09118363,0.06068366,0.02467089,0.03024695,0.002848293
299,0.0001881205,0.0002706794,6.856376E-05,0.0006146354,1.879098E-05,0.000238136,7.817619E-05,0.01134854,0.0007426043,0.03812326,0.004403698,0.009192251,0.003566522,0.004033308,0.001465771,0.0002445425,1.575117E-06,9.130836E-05,6.359475E-05,0.0001596583,0.001608627,0.001813838,1.464002E-09,0.0001877412,8.194248E-05,0.0004682267,0.001439642,8.694428E-10,1.74408E-05,0.003513687,0.001245134,0.0004757478,0.002537565,0.004482601,0.01311492,0.0005627159,0.002105142,0.0004574411,0.005241304,0.01106954,0.002092226,0.009033535,0.0002325914,0.001692274,0.009139775,0.0001059261,0.0004300654,0.0005244974,2.04062E-05,0.007483777,0.009721151,0.001638135,0.0003563968,2.521258E-07,0.01523523,0.002455641,0.0005297572,0.01384352,0.108717,0.08886217,0.06267007,0.02419602,0.03040132,0.002890683
300,0.0001714544,0.0002082953,6.152114E-05,0.0006152766,1.732354E-05,0.000154266,7.801616E-05,0.01137998,0.0007566054,0.03828594,0.004439623,0.009215937,0.003748049,0.003675918,0.00118337,0.0002036255,1.566032E-06,6.462455E-05,6.261687E-05,0.0001587359,0.001276436,0.001390709,1.462549E-09,0.0001598019,0.0001107653,0.0004714916,0.001462379,1.105861E-09,1.30826E-05,0.002812407,0.001143242,0.0004133212,0.002582178,0.004620042,0.01339343,0.0005666487,0.002091861,0.0004642042,0.005447646,0.01117908,0.002138496,0.009045139,0.0003049407,0.001276092,0.009284007,0.0001082996,0.0004330111,0.0005502269,1.690767E-05,0.005528204,0.01009584,0.001373599,0.0003023886,2.644116E-07,0.01587855,0.002474323,0.0005308881,0.0117796,0.0778714,0.05878543,0.04277597,0.0250406,0.03093185,0.002852479
301,0.0001729117,0.000210155,6.229293E-05,0.0006159196,1.734865E-05,0.0001589983,7.783298E-05,0.01139946,0.0007706547,0.03847079,0.004481847,0.00924389,0.003995766,0.003635923,0.001193984,0.0001891424,1.405309E-06,5.841662E-05,6.236391E-05,0.0001573514,0.001282878,0.001408711,1.454861E-09,0.0001609862,0.0001099563,0.0004730925,0.001469942,1.135352E-09,1.412071E-05,0.002842921,0.001148342,0.0004187369,0.002595639,0.004836492,0.0138627,0.0005734361,0.002083118,0.0004655168,0.005700012,0.01139691,0.002208684,0.009205229,0.0003025722,0.001276534,0.00931599,0.0001090604,0.0004352459,0.0005904697,1.493692E-05,0.004960333,0.01288973,0.001454537,0.0003168812,2.875624E-07,0.01656728,0.002498064,0.0005320546,0.01141433,0.08234525,0.06071544,0.04425926,0.02621767,0.03147022,0.002769097
302,0.0001738683,0.0002129022,6.34169E-05,0.0006167223,1.737267E-05,0.00016329,7.772713E-05,0.01141803,0.0007839811,0.03869376,0.004530297,0.009272158,0.004259108,0.003601799,0.001197752,0.0002181321,1.142945E-06,5.092266E-05,6.263764E-05,0.0001541896,0.001283781,0.001408093,1.435793E-09,0.0001620597,0.0001083889,0.0004723984,0.001449007,9.659911E-10,1.424661E-05,0.002864011,0.001153748,0.0004211527,0.002567908,0.005059955,0.01436955,0.0005809036,0.002080817,0.0004579037,0.005806921,0.01158676,0.00228815,0.009424332,0.0002996676,0.001281694,0.009151,0.0001076532,0.0004345638,0.0006353676,1.54502E-05,0.004833188,0.01811642,0.001793498,0.0003672891,3.144661E-07,0.0171787,0.00252473,0.0005340292,0.01038687,0.08620432,0.06277239,0.04516064,0.02738576,0.03174819,0.002664231
303,0.0001744661,0.0002160733,6.45505E-05,0.0006176365,1.73959E-05,0.0001671587,7.768351E-05,0.01143707,0.0007963745,0.03892056,0.004581616,0.009297768,0.004491962,0.00355975,0.001199893,0.0002740108,8.646467E-07,4.395202E-05,6.292244E-05,0.0001506433,0.001281352,0.001399918,1.409237E-09,0.0001631357,0.0001063615,0.0004706906,0.001410985,8.21782E-10,1.415126E-05,0.002884444,0.001156573,0.0004195498,0.002515958,0.005281403,0.0148784,0.0005880347,0.002075147,0.0004463602,0.005820373,0.01175844,0.0023735,0.009665489,0.0002964017,0.001287827,0.008900461,0.0001050199,0.0004319542,0.0006788181,1.686156E-05,0.00531889,0.02212304,0.002348053,0.0004772182,3.428536E-07,0.01775307,0.002552613,0.0005331921,0.009151903,0.08953985,0.06440122,0.04597769,0.02831913,0.0317967,0.002558308
304,0.00017481,0.0002193208,6.528247E-05,0.0006185326,1.74187E-05,0.0001682022,7.763744E-05,0.0114573,0.0008088513,0.0391606,0.004634552,0.009325051,0.004589544,0.003526335,0.001203596,0.0002875365,6.465577E-07,3.86689E-05,6.286918E-05,0.0001507869,0.001285211,0.001406054,1.391316E-09,0.0001636895,0.0001048611,0.0004690263,0.001395733,8.212021E-10,1.464749E-05,0.002914961,0.001160531,0.0004190045,0.002477296,0.005495054,0.0153411,0.0005949447,0.002068367,0.0004335026,0.005823133,0.01197995,0.002458522,0.009888877,0.0002932049,0.001293326,0.008742445,0.0001029941,0.0004302605,0.000712416,1.779203E-05,0.004489489,0.02151942,0.00229956,0.0004665197,3.704394E-07,0.0183443,0.00257853,0.0005261268,0.008515694,0.09240583,0.06543539,0.04730368,0.02889442,0.03174356,0.00246473
305,0.0001749386,0.0002221655,6.566887E-05,0.0006193073,1.744139E-05,0.0001686531,7.754975E-05,0.01147875,0.0008210633,0.03940741,0.004680756,0.009355457,0.004669323,0.003513883,0.001210932,0.0002357977,4.657298E-07,3.423261E-05,6.278579E-05,0.000151449,0.001293377,0.001427517,1.382696E-09,0.0001637917,0.0001037859,0.0004678626,0.001404521,1.013651E-09,1.571543E-05,0.00294838,0.001166197,0.0004194463,0.002462582,0.005685792,0.0157534,0.0006020212,0.002065008,0.0004294216,0.006010725,0.01221947,0.002522362,0.01008707,0.0002904625,0.001298039,0.008754106,0.0001022246,0.0004309501,0.0007409084,1.616646E-05,0.00258847,0.01618379,0.001654153,0.0003159048,3.968624E-07,0.01894513,0.0026032,0.0005138875,0.008470212,0.09506588,0.0663045,0.04859141,0.02935968,0.03170116,0.002440895
306,0.0001751555,0.0002248613,6.615349E-05,0.0006200314,1.746414E-05,0.0001697729,7.745267E-05,0.01150283,0.0008316502,0.03961555,0.004724093,0.009374841,0.004753,0.003512536,0.00122111,0.0001746539,3.257883E-07,3.059291E-05,6.297098E-05,0.000152412,0.001303455,0.001452283,1.382518E-09,0.0001638345,0.0001029897,0.000467124,0.001425817,1.166094E-09,1.667002E-05,0.002983604,0.001173569,0.00042107,0.00247095,0.005851678,0.01612334,0.0006083603,0.002065304,0.0004332596,0.006270664,0.01245951,0.002582902,0.01025005,0.0002882023,0.001303095,0.008837718,0.0001027008,0.0004324663,0.0007654465,1.220653E-05,0.001633661,0.01206511,0.001267049,0.0002297997,4.234688E-07,0.0195983,0.002628622,0.0005010889,0.008742258,0.09805597,0.06760982,0.0497558,0.02987508,0.03180613,0.002490694
307,0.0001756238,0.0002272314,6.666929E-05,0.0006209098,1.749001E-05,0.0001719964,7.74767E-05,0.01155081,0.0008400183,0.03984106,0.004758895,0.00939075,0.004714229,0.003531001,0.001233076,0.0001642269,2.616622E-07,3.081611E-05,6.353016E-05,0.0001557383,0.001323648,0.001482143,1.407E-09,0.0001651303,0.0001024668,0.0004670195,0.001452664,1.179524E-09,1.674787E-05,0.003027846,0.001182954,0.0004249228,0.002506698,0.005642843,0.01572916,0.0006023594,0.002068959,0.0004403031,0.006292699,0.0124546,0.002508989,0.01016309,0.00028643,0.001309594,0.00896174,0.0001047836,0.0004375234,0.0007386974,7.228568E-06,0.001092426,0.00924028,0.001055582,0.0001753853,4.009466E-07,0.01903784,0.002639507,0.0004974125,0.009515461,0.1020602,0.0687535,0.05165115,0.0289546,0.03223323,0.002609173
308,0.0001759561,0.0002300269,6.727809E-05,0.0006220104,1.751733E-05,0.0001743574,7.760835E-05,0.01162491,0.0008473245,0.04025588,0.004796348,0.009408141,0.004227112,0.003568532,0.001242522,0.0001584087,1.937158E-07,2.729033E-05,6.474332E-05,0.0001586575,0.00134431,0.001503977,1.420005E-09,0.0001652371,0.0001018618,0.0004678236,0.001475885,1.072611E-09,1.602885E-05,0.003052752,0.001196251,0.0004307148,0.002558713,0.005302392,0.0149738,0.0005909724,0.002086047,0.0004443358,0.005993755,0.01225165,0.002379555,0.009919962,0.0002852773,0.001314128,0.009054484,0.0001079974,0.000438417,0.0006495059,6.139781E-06,0.0006333514,0.006108089,0.0007397039,0.000122654,3.525694E-07,0.01793293,0.002596391,0.0005021641,0.01058021,0.1058125,0.06895116,0.05370798,0.02756247,0.03239685,0.002747839
309,0.0001758875,0.0002327894,6.765002E-05,0.0006236172,1.755002E-05,0.0001756299,7.78999E-05,0.01173514,0.0008429112,0.04096891,0.004809056,0.009441013,0.003705572,0.00360502,0.001242383,0.000139181,1.264498E-07,1.605904E-05,6.695247E-05,0.0001625426,0.001361647,0.001519401,1.419282E-09,0.0001642474,0.0001011119,0.0004690514,0.001489946,9.480792E-10,1.51715E-05,0.003060362,0.001212611,0.0004372782,0.002616087,0.004951074,0.01406519,0.0005801935,0.002113979,0.00044252,0.005586581,0.01193599,0.002238916,0.009562097,0.0002846306,0.001315565,0.009051967,0.0001119849,0.0004313217,0.0005784659,7.207921E-06,0.000433975,0.004378519,0.0005275638,9.196115E-05,3.05193E-07,0.016729,0.002496152,0.0005143438,0.01174453,0.1084868,0.06817958,0.05517301,0.02605808,0.03206269,0.002866362
310,0.0001747666,0.0002338004,6.725566E-05,0.0006249701,1.75837E-05,0.0001749684,7.810856E-05,0.01181358,0.0008476449,0.04129397,0.00481795,0.009415402,0.003505262,0.003622492,0.001241298,0.0001287015,9.084111E-08,1.122875E-05,6.637513E-05,0.0001671427,0.001373652,0.001531001,1.419435E-09,0.0001650715,9.978759E-05,0.000471402,0.001488535,7.850627E-10,1.37452E-05,0.003030103,0.001226172,0.0004443746,0.002672357,0.004616419,0.0131972,0.0005691537,0.002126266,0.0004439549,0.005249376,0.01156321,0.002116796,0.009226205,0.0002839934,0.001317597,0.009164555,0.0001158154,0.0004295823,0.0005262327,1.134423E-05,0.0003949056,0.003692775,0.0004272854,7.950882E-05,2.639007E-07,0.01562978,0.002432846,0.0005292511,0.01306743,0.1110807,0.06555979,0.05780702,0.02452167,0.03111532,0.002937229
311,0.0001737272,0.0002347356,6.72263E-05,0.0006260842,1.761838E-05,0.0001756617,7.821067E-05,0.0118672,0.0008580572,0.04144929,0.004834666,0.009408012,0.003620658,0.003602274,0.001243565,0.0001295546,3.16099E-07,1.006504E-05,6.43657E-05,0.0001675881,0.001381648,0.00155213,1.400962E-09,0.0001664056,9.851891E-05,0.000473789,0.001500741,8.084411E-10,1.227639E-05,0.003002295,0.001229698,0.0004513809,0.002722659,0.004601776,0.01306328,0.0005629885,0.002107607,0.0004502682,0.005252866,0.01133647,0.002104243,0.009043639,0.000282707,0.001323365,0.009337858,0.0001191657,0.0004348592,0.0005134484,1.935717E-05,0.0006381522,0.004677538,0.0005644083,9.605297E-05,2.517121E-07,0.01580222,0.002435683,0.0005350812,0.01433467,0.1138203,0.06215163,0.06072756,0.02425846,0.03097202,0.002944979
312,0.0001812269,0.0001897513,8.200078E-05,0.0006270368,1.628619E-05,0.0001675497,7.81893E-05,0.01189551,0.0008735645,0.04155954,0.004859302,0.00941771,0.003801121,0.002867016,0.001402204,0.0001418263,6.482111E-07,1.676976E-05,6.307136E-05,0.0001651916,0.001742152,0.002071518,1.408459E-09,0.0001585522,0.0001035279,0.0004756939,0.001518168,1.115462E-09,1.417768E-05,0.002979333,0.001154708,0.0006541524,0.002758007,0.004775539,0.01339981,0.0005652355,0.002077191,0.0004574281,0.005486421,0.0114679,0.002152978,0.009118112,0.0001636418,0.0009261335,0.009484747,0.0001213349,0.0004398458,0.0005424435,3.324102E-05,0.001442558,0.007774278,0.001066861,0.0001445742,2.668197E-07,0.0164943,0.002464795,0.0005340943,0.01056327,0.1493778,0.05744455,0.07600831,0.025084,0.03134241,0.002895687
313,0.0001820595,0.000191217,8.279258E-05,0.0006280231,1.631348E-05,0.0001727761,7.81703E-05,0.0119092,0.0008896192,0.04167363,0.004892891,0.00943669,0.004064603,0.00286106,0.001405404,0.0001620612,8.984105E-07,2.593421E-05,6.285243E-05,0.0001595427,0.001723459,0.002058843,1.39666E-09,0.0001595924,0.0001022628,0.0004751477,0.001492833,1.067811E-09,1.469685E-05,0.003002346,0.001164524,0.0006552899,0.002731294,0.00501679,0.01386792,0.0005710537,0.002059515,0.0004575235,0.005730715,0.01157019,0.00222609,0.009297362,0.0001646968,0.0009409183,0.009441967,0.000119834,0.0004432231,0.0005880378,5.144535E-05,0.002540551,0.01053006,0.001899202,0.0002081702,2.903608E-07,0.01698571,0.002494464,0.0005351526,0.009639838,0.1455428,0.05897442,0.07574348,0.02617637,0.03163973,0.002787796
314,0.0001820469,0.0001929778,8.344276E-05,0.0006291268,1.633889E-05,0.000176534,7.820963E-05,0.01192043,0.0009048391,0.04180987,0.004933221,0.009459504,0.004299398,0.002866438,0.001403753,0.0001998209,9.922574E-07,3.437791E-05,6.259463E-05,0.0001564949,0.001695499,0.00202513,1.365745E-09,0.0001601834,0.0001006494,0.0004733709,0.001452931,9.448218E-10,1.483089E-05,0.003023756,0.001173673,0.0006485308,0.002666938,0.005277204,0.01435293,0.0005775134,0.002051587,0.0004498569,0.005844891,0.01163327,0.00230526,0.009488333,0.0001663874,0.0009579936,0.009284898,0.0001159421,0.0004441898,0.000634623,6.629063E-05,0.003628678,0.0107319,0.00260138,0.0002403952,3.151291E-07,0.01746042,0.002520406,0.0005329287,0.008399571,0.139743,0.06014875,0.07490253,0.02697241,0.03159266,0.002637678
315,0.0001819676,0.0001950944,8.426821E-05,0.0006303103,1.636285E-05,0.0001800708,7.830167E-05,0.01193491,0.0009191033,0.04197772,0.004978055,0.009483043,0.004542001,0.00288856,0.001400561,0.0002377556,9.460925E-07,4.136675E-05,6.252278E-05,0.000152366,0.00165922,0.001972602,1.318274E-09,0.0001596097,9.857255E-05,0.0004715761,0.001405351,7.82801E-10,1.447992E-05,0.003037362,0.001180317,0.0006355864,0.002581098,0.005538422,0.01480509,0.0005842503,0.002055537,0.0004386098,0.005867167,0.01169218,0.002386452,0.009680017,0.0001683508,0.0009742142,0.009060132,0.0001107324,0.000443463,0.0006803341,6.86583E-05,0.004909168,0.01020221,0.003164266,0.000273281,3.399655E-07,0.01781461,0.002533212,0.0005269464,0.007098922,0.1329951,0.06047706,0.07370215,0.02747926,0.0311749,0.002502034
316,0.0001810565,0.0001971319,8.482568E-05,0.0006313833,1.638574E-05,0.0001797537,7.834403E-05,0.0119505,0.0009326171,0.04215385,0.005022214,0.009506333,0.004605859,0.002912956,0.001401298,0.0002932814,8.750829E-07,4.751924E-05,6.205966E-05,0.0001522233,0.00163297,0.001941043,1.282795E-09,0.0001586235,9.69554E-05,0.0004701474,0.001372233,8.273249E-10,1.501133E-05,0.003066004,0.001184755,0.0006231411,0.002499931,0.005775261,0.01519599,0.0005910715,0.002057411,0.0004291811,0.005979098,0.0118141,0.002463225,0.00984035,0.0001702906,0.0009883249,0.008959357,0.0001056071,0.0004441658,0.0007142131,6.422034E-05,0.006679416,0.009944736,0.00381051,0.0003160155,3.630361E-07,0.01821758,0.002543278,0.0005126108,0.006156052,0.1259096,0.05995339,0.07315918,0.02762772,0.03059315,0.002395457
317,0.0001803107,0.0001991859,8.526731E-05,0.0006322745,1.640803E-05,0.0001791316,7.830411E-05,0.01196933,0.0009459261,0.04234519,0.005067073,0.009529996,0.004659059,0.002934552,0.001409577,0.0003524525,8.271654E-07,5.513634E-05,6.150711E-05,0.0001524816,0.001620181,0.001948383,1.289717E-09,0.0001579219,9.611394E-05,0.0004691105,0.001371352,1.11357E-09,1.645212E-05,0.003099498,0.001189592,0.0006160036,0.002454607,0.005987543,0.01552597,0.0005978633,0.002055238,0.0004296784,0.006209087,0.01194716,0.002534578,0.009951495,0.0001721052,0.001000331,0.008983625,0.0001019684,0.0004454983,0.0007405598,5.890854E-05,0.00807544,0.009499142,0.004341612,0.0003536645,3.844889E-07,0.01862958,0.002552709,0.0004934575,0.005834027,0.1194944,0.05922133,0.07245949,0.02768954,0.03005947,0.00233837
318,0.0001796806,0.0002012868,8.569299E-05,0.0006330655,1.643041E-05,0.0001795081,7.82397E-05,0.01199892,0.0009592655,0.04256554,0.005114763,0.009553948,0.00475106,0.002960437,0.001419352,0.0004117965,8.67751E-07,6.494614E-05,6.097348E-05,0.0001542418,0.001612774,0.001963466,1.311413E-09,0.0001570225,9.567496E-05,0.0004685324,0.001390338,1.307256E-09,1.741339E-05,0.003131271,0.001195602,0.0006133261,0.002446921,0.006089211,0.01571356,0.0006038286,0.00205508,0.0004351154,0.006463726,0.01206206,0.002566856,0.009997277,0.0001739233,0.00101096,0.009048698,0.0001005676,0.0004467306,0.0007631016,5.66208E-05,0.009121333,0.01040706,0.005019106,0.000422566,4.029773E-07,0.01902205,0.002558419,0.0004753365,0.005914684,0.1147271,0.05895802,0.07174946,0.02741989,0.02974844,0.002325499
319,0.0001793707,0.0002035,8.629838E-05,0.0006339809,1.645605E-05,0.0001812064,7.826492E-05,0.0120542,0.0009722697,0.04285446,0.005165337,0.009577775,0.004678751,0.003020144,0.001430159,0.0004659806,8.566022E-07,6.782509E-05,6.134408E-05,0.0001578902,0.001620461,0.001982028,1.339766E-09,0.0001560571,9.55026E-05,0.0004687417,0.001417645,1.313208E-09,1.772141E-05,0.003168053,0.001204123,0.0006146078,0.002471726,0.005866276,0.01523098,0.0005968162,0.002061908,0.0004425476,0.00646421,0.01200693,0.002491217,0.009881741,0.0001758909,0.001021394,0.009137604,0.0001014363,0.0004499749,0.0007254183,6.03885E-05,0.009374364,0.01128927,0.005153702,0.0004731749,3.789866E-07,0.01834954,0.002535728,0.0004671125,0.006282453,0.1122141,0.05855934,0.07179572,0.02620602,0.02967516,0.002364611
320,0.0001792189,0.0002056711,8.700529E-05,0.00063507,1.648421E-05,0.0001831357,7.835522E-05,0.0121314,0.0009768595,0.04326512,0.005197292,0.009586738,0.004120735,0.003079366,0.001438273,0.0005062701,7.073339E-07,6.499999E-05,6.261673E-05,0.0001610804,0.001629799,0.001996587,1.369696E-09,0.0001560431,9.516351E-05,0.0004695797,0.001435894,1.196889E-09,1.705272E-05,0.003183072,0.001213417,0.000619219,0.002515364,0.005530044,0.0144077,0.0005860062,0.002075061,0.0004470737,0.00612594,0.01176514,0.002365981,0.009602633,0.0001779089,0.001029364,0.00921077,0.000103755,0.0004491849,0.0006476365,7.148497E-05,0.009339223,0.01142165,0.005080403,0.0005173666,3.353468E-07,0.01723589,0.002472,0.0004679244,0.006863156,0.1103613,0.05695976,0.07187586,0.02480993,0.02922569,0.00243889
321,0.0001792425,0.0002081297,8.763635E-05,0.0006364349,1.651747E-05,0.0001850183,7.850819E-05,0.01223962,0.0009727689,0.0439244,0.00521628,0.009584575,0.00374847,0.003133297,0.001440881,0.0005257923,6.11776E-07,4.711156E-05,6.454784E-05,0.0001647778,0.001634072,0.001999868,1.388486E-09,0.0001558268,9.44997E-05,0.0004709408,0.001444997,1.024649E-09,1.597353E-05,0.003169566,0.001223807,0.0006255862,0.002562947,0.005180534,0.0135123,0.00057585,0.002094381,0.0004478838,0.005710059,0.01145414,0.002234435,0.009281073,0.000179985,0.001032166,0.009238128,0.0001066496,0.0004429476,0.000578506,9.117617E-05,0.009393558,0.01108444,0.004843635,0.0005184144,2.911414E-07,0.01607736,0.00238411,0.0004751172,0.007532341,0.1082401,0.05480565,0.07152763,0.02343993,0.02845768,0.002520415
322,0.0001786185,0.0002095103,8.746934E-05,0.0006376373,1.655269E-05,0.0001850159,7.859439E-05,0.01232699,0.0009742454,0.04434458,0.005231153,0.009557321,0.00353512,0.00317577,0.001446977,0.0005300979,6.617796E-07,3.61242E-05,6.494272E-05,0.000170496,0.001632683,0.001996579,1.397465E-09,0.0001560207,9.357488E-05,0.0004726291,0.001448661,8.519793E-10,1.475523E-05,0.003135411,0.001234982,0.000632565,0.002609388,0.004843573,0.01266531,0.0005659856,0.002114386,0.0004502423,0.005323668,0.01108997,0.00211929,0.008932522,0.0001819709,0.001036453,0.009338781,0.0001095566,0.0004399115,0.0005243943,0.0001207981,0.008860359,0.01085328,0.004447089,0.0005005691,2.515653E-07,0.01503273,0.002321252,0.0004836298,0.008291824,0.107736,0.0524517,0.07233854,0.02207272,0.02770483,0.002596446
323,0.0001784753,0.0002109642,8.766761E-05,0.0006386066,1.658876E-05,0.0001863497,7.859191E-05,0.0123907,0.0009868275,0.04457425,0.005262987,0.00956057,0.003604226,0.003206575,0.001459458,0.000514805,8.593196E-07,3.190433E-05,6.290271E-05,0.0001725926,0.001629347,0.002005012,1.384108E-09,0.0001545439,9.273438E-05,0.0004744714,0.001465712,9.56232E-10,1.367727E-05,0.003123793,0.001244596,0.0006393251,0.002651639,0.004814177,0.01253682,0.000559253,0.002131214,0.0004557725,0.005259659,0.01088809,0.002103684,0.008765044,0.0001838623,0.001043563,0.009474563,0.0001121921,0.0004417405,0.0005066342,0.000158122,0.008309913,0.01127578,0.003834473,0.0005143873,2.390227E-07,0.01513962,0.002312899,0.0004824926,0.009001085,0.1084499,0.05114856,0.07331748,0.02196466,0.02777075,0.002627346
324,0.0001338851,0.0001834363,5.659695E-05,0.0006393826,1.834152E-05,0.0001813698,7.845563E-05,0.01242024,0.001006165,0.04471318,0.005302352,0.009582643,0.003792763,0.002512943,0.001713654,0.0004144156,1.10714E-06,3.714358E-05,6.137715E-05,0.0001679385,0.001684696,0.001536422,1.374385E-09,0.0001806416,0.0001074396,0.0004762801,0.001486199,1.204664E-09,1.234282E-05,0.002955445,0.001393402,0.0007713796,0.002681177,0.004954909,0.012816,0.000562889,0.002132372,0.0004612141,0.005441222,0.01097719,0.00214311,0.00880661,0.0001964176,0.001155636,0.009588301,0.0001137637,0.0004427177,0.0005307232,0.0001930003,0.007759337,0.01229389,0.003258781,0.0005406783,2.502013E-07,0.01570317,0.002325823,0.0004767796,0.004478748,0.04464445,0.04249682,0.08301372,0.02264144,0.02817228,0.002605514
325,0.0001344817,0.0001850814,5.731993E-05,0.000640178,1.83762E-05,0.0001861239,7.831858E-05,0.01243599,0.001026304,0.04485382,0.005347443,0.009611582,0.004007131,0.002525097,0.001709916,0.000398866,1.226832E-06,5.20305E-05,6.084825E-05,0.0001605068,0.001666647,0.00154046,1.36729E-09,0.0001802405,0.000105752,0.0004767469,0.001463084,1.094228E-09,1.254012E-05,0.002970127,0.001387956,0.000768189,0.002648153,0.005159492,0.01321676,0.0005698443,0.002127452,0.000458889,0.005634083,0.01100671,0.002206014,0.008952327,0.0001978083,0.001160251,0.009526768,0.0001119674,0.0004420498,0.0005709853,0.0002097803,0.008019908,0.01537856,0.003065018,0.0006705915,2.702308E-07,0.01618695,0.002340786,0.0004744173,0.004115022,0.04776115,0.0435453,0.08095515,0.0236411,0.02857005,0.002568637
326,0.0001347294,0.0001877723,5.863474E-05,0.0006411706,1.840951E-05,0.0001912465,7.82826E-05,0.01245281,0.001045243,0.04506133,0.005404359,0.009642515,0.00426381,0.00254069,0.001694473,0.000385391,1.155465E-06,5.56672E-05,6.092709E-05,0.0001547849,0.001641124,0.001536027,1.347424E-09,0.0001803029,0.0001033376,0.0004764138,0.001422363,9.418809E-10,1.239127E-05,0.002978123,0.001374917,0.0007556133,0.002582632,0.005346645,0.01365631,0.0005776922,0.00212216,0.0004497926,0.005704413,0.01100797,0.002276089,0.009149786,0.0001989844,0.001164464,0.009269268,0.0001085898,0.0004376063,0.0006133649,0.0001993022,0.00716952,0.01574796,0.00240375,0.0007038734,2.894306E-07,0.0164527,0.002360096,0.0004735288,0.003640403,0.05159863,0.04484781,0.0783998,0.02455521,0.02875487,0.002497483
327,0.0001345395,0.0001912731,6.00449E-05,0.0006423868,1.844183E-05,0.0001962123,7.837226E-05,0.01247497,0.00106268,0.04530477,0.00546645,0.009671913,0.004559537,0.002567749,0.001667636,0.0004338635,1.155568E-06,5.929454E-05,6.137189E-05,0.0001481522,0.001606013,0.001516687,1.290249E-09,0.000178153,0.0001005627,0.000475967,0.001376726,7.98512E-10,1.206187E-05,0.002975909,0.001355699,0.0007340967,0.002503282,0.005489185,0.0139847,0.0005855379,0.002126207,0.0004358198,0.005612052,0.01099089,0.002351588,0.009349109,0.0002001452,0.001168618,0.0089,0.0001044457,0.0004292393,0.0006523807,0.0001690904,0.007921825,0.01983854,0.002360926,0.0008599159,3.052591E-07,0.01651413,0.00238551,0.0004729458,0.003181448,0.05494555,0.04595136,0.07567762,0.02529877,0.02852495,0.002403683
328,0.0001343094,0.0001938462,6.047268E-05,0.0006433803,1.847323E-05,0.0001953813,7.834163E-05,0.01249161,0.001078753,0.04549627,0.005511572,0.00969973,0.004591132,0.002586696,0.001659011,0.0005050547,1.229025E-06,6.711396E-05,6.110047E-05,0.000146052,0.001577529,0.001508096,1.237327E-09,0.0001763529,9.825548E-05,0.0004754805,0.001351384,8.19555E-10,1.229944E-05,0.002988815,0.001335242,0.0007127468,0.002428968,0.005650875,0.0143198,0.0005931736,0.002118322,0.00042424,0.005650609,0.01109323,0.002418463,0.009524521,0.0002010543,0.001171292,0.00876794,0.000100307,0.0004267912,0.0006832427,0.0001341599,0.01090145,0.0288296,0.002750166,0.001132048,3.261263E-07,0.01685148,0.002406762,0.0004646152,0.002879756,0.05774117,0.04639748,0.07405174,0.02576095,0.02823057,0.00233405
329,0.0001347686,0.000196656,6.115297E-05,0.0006442156,1.850406E-05,0.0001944125,7.822513E-05,0.0125108,0.001094504,0.04573895,0.005564697,0.009729503,0.004639415,0.002606013,0.001662786,0.0003297138,1.257584E-06,7.609535E-05,6.083864E-05,0.0001459637,0.001562549,0.001523881,1.216382E-09,0.0001755831,9.671068E-05,0.0004750353,0.001348226,1.068E-09,1.328765E-05,0.003013415,0.001318046,0.0006948047,0.002375906,0.00578509,0.01464042,0.0006005578,0.002105092,0.000420346,0.005847677,0.01125157,0.002476775,0.009671081,0.0002018585,0.001173821,0.008772894,9.693608E-05,0.0004262683,0.0007102853,0.0001028589,0.007997053,0.02063477,0.001632778,0.0008109195,3.48031E-07,0.01728562,0.002425618,0.000452637,0.002735297,0.06046819,0.04678013,0.07276182,0.02627912,0.02807964,0.002321202
330,0.0001357733,0.0001994881,6.193593E-05,0.0006449642,1.853484E-05,0.0001952568,7.807219E-05,0.01253763,0.001109903,0.04598961,0.005614042,0.009756758,0.00474098,0.00262216,0.001674403,0.0002777871,1.637336E-06,9.581255E-05,6.091257E-05,0.0001475015,0.001554811,0.001549617,1.223307E-09,0.0001747782,9.57712E-05,0.0004747411,0.001366125,1.275897E-09,1.417634E-05,0.003039269,0.001305203,0.0006820537,0.002355142,0.005856902,0.01488736,0.0006063827,0.002089084,0.0004238467,0.006104609,0.01141832,0.002506761,0.009773086,0.000202544,0.00117704,0.008828395,9.537658E-05,0.0004262571,0.0007362739,7.778512E-05,0.007912009,0.02013921,0.001431751,0.0007555543,3.698331E-07,0.0177626,0.002443078,0.0004420661,0.002726879,0.06338821,0.04753431,0.07159515,0.02667442,0.02805601,0.0023714
331,0.0001362715,0.0002020458,6.231152E-05,0.0006458231,1.856873E-05,0.000195681,7.800586E-05,0.01258772,0.001123196,0.04626083,0.005663759,0.009782541,0.004729145,0.002664802,0.001686419,0.0002532066,1.210544E-06,7.757542E-05,6.08259E-05,0.0001515465,0.001559032,0.001580473,1.265905E-09,0.0001743477,9.522993E-05,0.0004749275,0.001394814,1.331681E-09,1.461189E-05,0.003072395,0.001298415,0.000675149,0.002363659,0.005661026,0.01470358,0.0006016089,0.002079047,0.000430185,0.006188552,0.0114996,0.002446437,0.009776756,0.0002034312,0.001181456,0.008925202,9.584913E-05,0.0004291809,0.0007183011,6.090748E-05,0.007712978,0.01932436,0.001378812,0.0007075503,3.559176E-07,0.01742421,0.002451655,0.0004384665,0.002841674,0.0670408,0.04898513,0.07126832,0.0260818,0.02844876,0.002488175
332,0.0001371248,0.0002047241,6.315267E-05,0.0006469146,1.860494E-05,0.0001979386,7.802373E-05,0.01267231,0.001125758,0.04680059,0.005676707,0.009819182,0.004253032,0.002734105,0.001700628,0.0002318816,1.053988E-06,6.5816E-05,6.160582E-05,0.00015554,0.001568394,0.001608526,1.319525E-09,0.0001739879,9.482566E-05,0.000475698,0.001422931,1.28514E-09,1.479169E-05,0.003100954,0.001297411,0.0006737803,0.002391641,0.005345373,0.01419208,0.0005911144,0.002080938,0.0004349213,0.005939548,0.0114782,0.002338841,0.009677641,0.0002047929,0.001187238,0.009003457,9.771869E-05,0.0004300147,0.0006358153,5.522251E-05,0.007168705,0.01699547,0.001266984,0.0006231574,3.190105E-07,0.01657137,0.002415777,0.0004422019,0.003076922,0.07104655,0.05038041,0.07161024,0.0250806,0.02898412,0.002640804
333,0.0001373509,0.0002070458,6.364402E-05,0.0006483527,1.864696E-05,0.0001991113,7.812471E-05,0.01278507,0.001121455,0.04745834,0.005685747,0.009810697,0.0037988,0.002805953,0.001695589,0.0002213352,6.951782E-07,3.568819E-05,6.334968E-05,0.0001605617,0.001575218,0.001628728,1.367863E-09,0.0001729683,9.43569E-05,0.000476845,0.001443063,1.177176E-09,1.441607E-05,0.003114012,0.001300288,0.0006763035,0.002432976,0.005005471,0.0134662,0.0005807179,0.002093859,0.0004352198,0.005547921,0.01130933,0.00220873,0.009424568,0.0002064367,0.001193179,0.009018485,0.0001006189,0.0004249407,0.0005626251,5.39767E-05,0.005219701,0.01197486,0.0009567252,0.0004610546,2.764447E-07,0.01547914,0.002342216,0.0004535813,0.003402797,0.07453671,0.05088606,0.07201669,0.0238992,0.02916139,0.002781123
334,0.0001373557,0.0002084504,6.373762E-05,0.0006496211,1.868862E-05,0.0001992111,7.818338E-05,0.0128751,0.001127862,0.04788229,0.005702994,0.009788962,0.003413959,0.002850246,0.001695881,0.0002019103,5.327507E-07,2.015035E-05,6.405564E-05,0.0001656443,0.00157515,0.001634784,1.397755E-09,0.000172067,9.328263E-05,0.0004782504,0.001448834,9.891382E-10,1.341268E-05,0.003090011,0.001304672,0.0006808168,0.002477522,0.004679256,0.01262433,0.0005701621,0.00210643,0.0004373864,0.005178646,0.01098964,0.002087236,0.009053563,0.0002078962,0.001196785,0.009117891,0.0001039477,0.0004233499,0.0005075305,5.359001E-05,0.002603732,0.005114415,0.0005688412,0.0002675761,2.380139E-07,0.01439879,0.002286838,0.0004701949,0.003791558,0.07744884,0.04943885,0.07312367,0.02261894,0.02841038,0.002888572
335,0.0001367492,0.0002095353,6.366793E-05,0.0006506807,1.87309E-05,0.0001989251,7.816096E-05,0.01293766,0.001144077,0.04807599,0.005732274,0.009796799,0.003460214,0.002876804,0.001696857,0.0001827817,7.605109E-07,1.921117E-05,6.240962E-05,0.0001696872,0.001571835,0.001648405,1.413443E-09,0.0001723945,9.185794E-05,0.0004808972,0.001461526,9.111113E-10,1.197671E-05,0.003048627,0.00130528,0.0006868623,0.002523267,0.004626963,0.01237036,0.0005642613,0.002104685,0.0004432935,0.005157601,0.01073293,0.002065984,0.008820668,0.0002094126,0.001203131,0.00928101,0.0001070231,0.0004273989,0.0004916624,5.372944E-05,0.002739517,0.005634892,0.0006712131,0.0002476586,2.262515E-07,0.01442049,0.002289132,0.0004798115,0.00422778,0.08062465,0.04696975,0.0746654,0.02243222,0.02817166,0.002926979
336,8.644851E-05,0.0001958892,3.846609E-05,0.0006515852,1.650703E-05,0.0001564374,7.801745E-05,0.01297032,0.001166041,0.04822157,0.005775168,0.009817174,0.003683005,0.003302646,0.001241578,0.000187336,8.505825E-07,3.147251E-05,6.113754E-05,0.0001668529,0.002099804,0.001936827,1.44062E-09,0.0001607956,5.844502E-05,0.0004838735,0.001481262,1.232895E-09,8.653392E-06,0.0016102,0.00126001,0.0006569515,0.002562667,0.004783786,0.01260886,0.0005682076,0.002096271,0.0004496282,0.005368254,0.01081121,0.002106737,0.008841583,0.0002411409,0.001039174,0.009417033,0.000109222,0.0004309878,0.0005173689,5.056935E-05,0.00199807,0.004468569,0.0006112751,0.000176104,2.392991E-07,0.01497948,0.002315448,0.0004819258,0.004636943,0.0852835,0.02958377,0.06488559,0.02335611,0.02861728,0.002893864
337,8.638408E-05,0.0001972253,3.874307E-05,0.0006524592,1.653866E-05,0.0001589176,7.784631E-05,0.01299166,0.001188509,0.04837082,0.00582364,0.0098416,0.003908921,0.003309546,0.00124955,0.0001784154,8.085681E-07,3.785873E-05,6.045644E-05,0.0001642569,0.002052183,0.0019456,1.452651E-09,0.0001607178,5.886899E-05,0.0004857273,0.001480966,1.320251E-09,9.301505E-06,0.001642412,0.001262958,0.000661382,0.002575073,0.005014555,0.01300433,0.0005751917,0.00209031,0.0004524472,0.005647807,0.01098228,0.002170374,0.008973321,0.0002419829,0.001049458,0.009485641,0.0001098853,0.0004343253,0.0005565477,4.351845E-05,0.001944037,0.004330839,0.0007479388,0.0001704384,2.606028E-07,0.01565113,0.002350339,0.0004820569,0.004553896,0.08683077,0.03046514,0.06623029,0.02443309,0.0291534,0.002790277
338,8.668285E-05,0.000199231,3.948886E-05,0.0006534948,1.656877E-05,0.0001638104,7.776607E-05,0.01300984,0.001209571,0.04854773,0.005876985,0.009866913,0.004196041,0.003308247,0.00124841,0.0001727217,7.09773E-07,4.204987E-05,6.068002E-05,0.0001564468,0.001984784,0.001920716,1.436766E-09,0.0001606213,5.892241E-05,0.0004854416,0.001442343,1.092386E-09,9.126836E-06,0.001668395,0.001263604,0.0006557314,0.00252801,0.005257111,0.01340377,0.0005828125,0.002092382,0.0004461542,0.005801972,0.01098022,0.002247776,0.009134237,0.0002425803,0.001060891,0.009304942,0.0001072688,0.0004341812,0.0006017378,3.786131E-05,0.001677927,0.004056669,0.0008494643,0.0001598544,2.836168E-07,0.01598134,0.002389268,0.0004851064,0.004019002,0.08740251,0.03154718,0.06558567,0.02553313,0.02928729,0.002670341
339,8.667343E-05,0.000201489,4.00543E-05,0.0006546474,1.659761E-05,0.0001667277,7.775061E-05,0.01303104,0.001229311,0.04876077,0.005933248,0.009892178,0.004418975,0.00329132,0.001245569,0.0001722126,6.385062E-07,4.884218E-05,6.042808E-05,0.0001521521,0.001918744,0.001896024,1.412046E-09,0.00016069,5.8937E-05,0.0004843619,0.001403164,9.602289E-10,9.085408E-06,0.001697227,0.001259604,0.0006449845,0.002464035,0.005508359,0.01380721,0.0005902341,0.002088923,0.0004347785,0.005827743,0.01101282,0.002322704,0.009317203,0.0002427602,0.001071717,0.009094466,0.0001035532,0.0004327763,0.0006436412,3.298434E-05,0.001197299,0.002851156,0.0008612876,0.0001464499,3.073492E-07,0.01634622,0.002426045,0.0004834322,0.003491218,0.08740057,0.03227125,0.06543706,0.02627365,0.0292174,0.002535539
340,8.678732E-05,0.000203822,4.053778E-05,0.0006557541,1.662548E-05,0.0001672879,7.771281E-05,0.013055,0.001247981,0.04900233,0.005992997,0.009919173,0.004548679,0.003278536,0.001253313,0.0001668643,5.974393E-07,4.887978E-05,6.019501E-05,0.0001518291,0.001867169,0.001883496,1.391325E-09,0.0001604958,5.93265E-05,0.0004832214,0.001383282,9.665782E-10,9.377187E-06,0.001731629,0.001255757,0.0006363113,0.002408975,0.005737382,0.0141752,0.0005974215,0.00208204,0.0004231622,0.005866057,0.01114614,0.002392088,0.00948212,0.0002427863,0.001081231,0.008967719,0.0001002313,0.0004328405,0.000676574,2.670719E-05,0.0009309233,0.002687334,0.0008660027,0.0001270224,3.315865E-07,0.01678405,0.002459244,0.00047613,0.003142584,0.08697435,0.03269335,0.06595136,0.02676488,0.02905819,0.00244422
341,8.699434E-05,0.0002072225,4.133149E-05,0.0006567949,1.665305E-05,0.0001688242,7.765218E-05,0.01309101,0.001267968,0.04944643,0.006051563,0.009973425,0.00468186,0.003281602,0.001264859,0.0001384806,5.691109E-07,5.33921E-05,6.04851E-05,0.0001521167,0.001827514,0.001890376,1.382623E-09,0.0001601785,5.998478E-05,0.0004822303,0.001383572,1.193215E-09,1.002034E-05,0.001767222,0.001253324,0.0006297714,0.002375627,0.005871845,0.01452169,0.0006043062,0.002078173,0.0004206682,0.006051055,0.01131961,0.002438467,0.009621774,0.0002429682,0.001090442,0.008940416,9.791621E-05,0.0004319342,0.0007010255,2.288425E-05,0.0008250801,0.002646435,0.000857836,0.0001079936,3.504958E-07,0.0172617,0.002480133,0.0004668714,0.003066243,0.08659509,0.03309447,0.0663103,0.02732358,0.02890348,0.002418207
342,8.781606E-05,0.0002107894,4.215377E-05,0.0006577678,1.668166E-05,0.0001718444,7.758192E-05,0.01313832,0.001287377,0.04988878,0.006118252,0.01001674,0.00485386,0.003294796,0.001282995,0.0001439516,5.50887E-07,5.930165E-05,6.093373E-05,0.0001535461,0.001796018,0.001904862,1.396896E-09,0.0001604387,6.080688E-05,0.000481605,0.001397635,1.351814E-09,1.052032E-05,0.001802302,0.001253126,0.0006262542,0.002370423,0.005936833,0.01479107,0.0006103327,0.002075958,0.0004243276,0.006289465,0.01149554,0.002456673,0.009732215,0.0002432695,0.001099912,0.008969551,9.71815E-05,0.0004314885,0.0007286212,2.08552E-05,0.0008008491,0.002558922,0.0006859046,8.049126E-05,3.708211E-07,0.01775735,0.002499894,0.0004587593,0.003160043,0.08673382,0.03373642,0.06653488,0.02766951,0.02892448,0.002455622
343,8.86595E-05,0.0002146393,4.289441E-05,0.0006589442,1.671445E-05,0.0001747175,7.762889E-05,0.01323312,0.00130443,0.05048863,0.006177113,0.01007591,0.004642036,0.003332625,0.001303531,0.0001766572,4.435691E-07,6.096627E-05,6.176178E-05,0.000156674,0.001787396,0.001925738,1.429549E-09,0.0001612216,6.172655E-05,0.0004817143,0.001417992,1.333638E-09,1.069628E-05,0.001842061,0.001256633,0.0006265408,0.002394394,0.005686467,0.01443438,0.0006020184,0.00207943,0.0004299576,0.006220347,0.01151389,0.002370531,0.009678357,0.0002438303,0.001110492,0.00902296,9.831771E-05,0.0004332363,0.0006762017,2.195431E-05,0.0009012631,0.002999605,0.0007216086,8.140157E-05,3.454038E-07,0.01713737,0.002493364,0.0004593327,0.003385647,0.08779899,0.03449672,0.06748494,0.02688843,0.0292453,0.002555563
344,8.856235E-05,0.0002171696,4.311017E-05,0.0006603012,1.675072E-05,0.0001743219,7.774425E-05,0.0133371,0.001313057,0.05102209,0.006199796,0.01011532,0.004116899,0.003371835,0.001311732,0.0002002622,3.339137E-07,5.963158E-05,6.293599E-05,0.0001596982,0.00177889,0.001941488,1.44314E-09,0.0001611434,6.267799E-05,0.0004821986,0.00144066,1.269857E-09,1.071538E-05,0.001876591,0.001262123,0.0006285339,0.002430607,0.005355249,0.01386224,0.000590884,0.002085325,0.0004334611,0.005910667,0.01145616,0.002255683,0.009550372,0.0002444256,0.001121444,0.009080326,0.0001005393,0.0004327286,0.000608005,2.584494E-05,0.001035161,0.00332812,0.0008349354,6.829514E-05,3.07047E-07,0.01616842,0.002456976,0.0004659311,0.003651343,0.0889971,0.03531465,0.06868669,0.02576978,0.02975033,0.002685546
345,8.83445E-05,0.0002165198,4.295088E-05,0.0006616305,1.679017E-05,0.0001732556,7.783555E-05,0.0133909,0.001314876,0.05096495,0.006199427,0.01001294,0.004047525,0.00340855,0.001316389,0.0002119071,4.761517E-07,4.39077E-05,6.276299E-05,0.0001638984,0.001766973,0.001952801,1.446939E-09,0.000160728,6.364158E-05,0.0004828087,0.001463301,1.212141E-09,1.085948E-05,0.001907284,0.001268285,0.0006313053,0.002466463,0.005038225,0.01344032,0.000579547,0.00208877,0.0004375151,0.005570483,0.01149698,0.002152672,0.00952772,0.0002447625,0.001133073,0.009173643,0.0001029673,0.0004340261,0.0005612957,3.304195E-05,0.0008481672,0.002548991,0.0006261335,6.629796E-05,2.747506E-07,0.0153496,0.002419252,0.0004745763,0.003955899,0.09004467,0.0365635,0.07013366,0.02480771,0.03054976,0.002797457
346,8.847433E-05,0.0002168643,4.315302E-05,0.0006628584,1.682976E-05,0.0001742978,7.788665E-05,0.01344565,0.001326136,0.05116025,0.006229822,0.009996577,0.004071574,0.003419488,0.001325157,0.0002169491,9.241971E-07,5.072826E-05,6.204332E-05,0.0001657746,0.001757324,0.00196383,1.457713E-09,0.0001620543,6.435184E-05,0.0004846239,0.001484725,1.111133E-09,9.836978E-06,0.001928554,0.001272474,0.0006373045,0.002513919,0.004810934,0.01308135,0.0005684862,0.002086049,0.0004435722,0.005393192,0.01136761,0.002089188,0.009341787,0.0002448766,0.001146197,0.009293693,0.0001060059,0.0004380949,0.0005344773,4.011239E-05,0.001352208,0.003082095,0.0006485394,7.96711E-05,2.522902E-07,0.0150683,0.002405091,0.0004834016,0.004403251,0.09136761,0.03707516,0.07216049,0.0238388,0.03133014,0.002866605
347,8.822569E-05,0.0002176026,4.334878E-05,0.0006639547,1.686825E-05,0.000174814,7.786733E-05,0.01349814,0.001344504,0.05136935,0.006264895,0.01001485,0.004128318,0.003403154,0.001331388,0.0002179321,1.429064E-06,6.476864E-05,6.132856E-05,0.0001649204,0.00174011,0.001976716,1.431747E-09,0.0001622853,6.487399E-05,0.0004874653,0.001507873,1.144936E-09,8.78891E-06,0.001941039,0.001274304,0.0006440945,0.002561314,0.004890632,0.01315269,0.0005642325,0.002064715,0.0004505344,0.005526199,0.01134892,0.002112899,0.00923018,0.0002447793,0.001159535,0.009436615,0.0001087486,0.0004421634,0.0005428298,4.314607E-05,0.002233361,0.004407429,0.0007785521,0.0001053041,2.601352E-07,0.01560284,0.002419608,0.0004863696,0.004848626,0.09217454,0.03721322,0.07376769,0.02415895,0.0320766,0.002888187
348,0.00010497,0.0002185133,4.972977E-05,0.0006649786,2.067895E-05,0.0002439544,7.777021E-05,0.01352963,0.001366024,0.05155734,0.006306896,0.01004107,0.004205151,0.00375982,0.0009932627,0.0002036375,1.869636E-06,7.324301E-05,6.085343E-05,0.0001631466,0.0008636399,0.001410086,1.429957E-09,0.0001665595,3.009654E-05,0.0004894201,0.001524483,1.245319E-09,9.203029E-06,0.001860554,0.001725336,0.0003641782,0.002594743,0.005091453,0.01349923,0.0005677945,0.002039273,0.0004565978,0.005785701,0.01152495,0.002177487,0.009304179,0.0003261562,0.0008241182,0.009555672,0.0001105565,0.0004448289,0.0005698359,3.846725E-05,0.003921154,0.007742147,0.001156703,0.0001771973,2.80454E-07,0.01641961,0.002437419,0.0004864653,0.003794233,0.09771422,0.04452937,0.09802672,0.02523564,0.03287601,0.002863202
349,0.0001054557,0.0002198087,5.022475E-05,0.0006660649,2.071938E-05,0.0002486959,7.76953E-05,0.01354782,0.001387641,0.05174584,0.006355156,0.01006854,0.004387404,0.00372791,0.001001314,0.0001832753,2.173999E-06,8.150411E-05,6.091666E-05,0.0001571561,0.0008809905,0.001417613,1.409947E-09,0.0001673406,3.059983E-05,0.0004884073,0.001498687,1.105018E-09,9.329464E-06,0.001883575,0.001695753,0.0003670891,0.002569956,0.005347286,0.01395682,0.000574427,0.002027731,0.0004553764,0.00602253,0.01163678,0.002263328,0.0094778,0.000323237,0.0008402167,0.009517576,0.0001088652,0.0004459603,0.0006063163,2.878001E-05,0.003816516,0.009231446,0.001239407,0.0002159121,3.063943E-07,0.01712748,0.002454878,0.000489136,0.00352983,0.09730337,0.04570552,0.09516075,0.02647686,0.03341199,0.002789843
350,0.000105903,0.0002216878,5.086305E-05,0.0006672902,2.075791E-05,0.0002525582,7.768882E-05,0.0135649,0.001408586,0.05196996,0.006413602,0.01009569,0.004603527,0.003717724,0.001007922,0.0001843513,2.194822E-06,8.633792E-05,6.108263E-05,0.0001538427,0.000900879,0.001419163,1.381882E-09,0.0001676782,3.12075E-05,0.0004861638,0.001465464,9.630775E-10,9.330722E-06,0.001905998,0.001659776,0.0003687514,0.002524325,0.005621289,0.01442542,0.000581914,0.002029614,0.0004472897,0.00613894,0.0118001,0.002359045,0.009688118,0.0003201352,0.0008579759,0.009348172,0.0001059453,0.0004445835,0.0006451641,2.176931E-05,0.004126863,0.01282138,0.001773191,0.0003342798,3.330513E-07,0.01769196,0.002475497,0.0004907093,0.003225174,0.09642135,0.04644438,0.09194349,0.02741136,0.03361211,0.002657491
351,0.000105878,0.0002237056,5.147251E-05,0.0006686119,2.079532E-05,0.0002552012,7.77338E-05,0.0135832,0.001428388,0.05219262,0.006470956,0.01012128,0.004800418,0.003712928,0.001010005,0.0002269048,2.014655E-06,8.774423E-05,6.125792E-05,0.0001483247,0.0009139507,0.001403251,1.326908E-09,0.0001663735,3.165286E-05,0.0004836182,0.001423722,7.789903E-10,8.997647E-06,0.001923352,0.001617471,0.000365888,0.002457647,0.005893845,0.01486384,0.0005894153,0.00203943,0.0004361121,0.006179865,0.01191969,0.002456715,0.009891104,0.0003170732,0.000875027,0.009129185,0.0001018941,0.0004419815,0.0006825866,1.772359E-05,0.005423964,0.01587626,0.00246194,0.0004927253,3.593514E-07,0.01815707,0.002490813,0.0004889178,0.002836919,0.09487237,0.04647766,0.08858125,0.02814124,0.03338604,0.002540811
352,0.0001058745,0.000225808,5.204728E-05,0.0006698842,2.083193E-05,0.0002541872,7.774071E-05,0.01359884,0.001447524,0.0524201,0.00652741,0.01014569,0.004888932,0.003686302,0.001017285,0.0002812434,1.766803E-06,8.459848E-05,6.110979E-05,0.0001452669,0.0009295007,0.001392616,1.281914E-09,0.0001655122,3.216006E-05,0.0004811605,0.001389688,7.885151E-10,9.071541E-06,0.001948328,0.001572714,0.0003609142,0.002387326,0.006109959,0.0152575,0.0005966286,0.00203863,0.0004254712,0.006263897,0.0121029,0.002526167,0.01008563,0.0003136315,0.0008907105,0.009027385,9.76355E-05,0.0004411367,0.0007119511,1.554458E-05,0.006048126,0.01576184,0.002875229,0.000586812,3.849219E-07,0.01870427,0.002502419,0.000480608,0.002484255,0.09306243,0.04606104,0.08650529,0.02861943,0.03299874,0.002446233
353,0.0001063985,0.0002282024,5.260648E-05,0.0006710495,2.086788E-05,0.0002529545,7.768516E-05,0.01361316,0.001467206,0.0526833,0.006588835,0.01017098,0.005001601,0.003664859,0.001031649,0.0002314025,1.483113E-06,8.145337E-05,6.116093E-05,0.0001444205,0.000952972,0.00141296,1.273983E-09,0.000164696,3.292386E-05,0.0004790723,0.001380968,1.103279E-09,9.755282E-06,0.001976856,0.001532978,0.0003581507,0.002343843,0.0062911,0.0156177,0.0006037599,0.002033141,0.0004203105,0.006450897,0.01231818,0.002580861,0.01026184,0.0003101596,0.00090521,0.009032427,9.466059E-05,0.000440683,0.0007367975,1.483141E-05,0.004407622,0.01436756,0.002600089,0.0004728478,4.095197E-07,0.01926306,0.002511398,0.0004696069,0.002314095,0.09121183,0.04555236,0.08465905,0.02903813,0.03250256,0.002390199
354,0.0001070955,0.0002315127,5.33854E-05,0.000672182,2.09045E-05,0.000253646,7.761498E-05,0.01364492,0.001488091,0.05311044,0.006641771,0.01021728,0.005160642,0.003651858,0.001046171,0.0001703725,1.147622E-06,7.692112E-05,6.165894E-05,0.0001447917,0.0009785336,0.001439268,1.291788E-09,0.0001638679,3.383141E-05,0.0004775759,0.001394966,1.360036E-09,1.024344E-05,0.002005432,0.00149925,0.0003578645,0.002342185,0.006313421,0.01585663,0.0006088727,0.002030549,0.0004228549,0.006658935,0.01252033,0.002590371,0.01037492,0.000307041,0.000919047,0.009074607,9.429629E-05,0.0004391538,0.0007544514,1.518088E-05,0.003796721,0.01421798,0.002345026,0.0003554454,4.294463E-07,0.01979868,0.002511393,0.0004617282,0.00231556,0.08982327,0.0452558,0.08282644,0.02902579,0.03205749,0.002390563
355,0.0001072973,0.0002337512,5.38106E-05,0.000673508,2.094709E-05,0.0002536456,7.763824E-05,0.01371457,0.001501291,0.05355889,0.006666597,0.01026672,0.005119856,0.003667862,0.001056767,0.0001580474,8.386655E-07,6.873791E-05,6.16839E-05,0.000147942,0.001011404,0.001470316,1.314996E-09,0.00016316,3.482882E-05,0.0004769265,0.001419435,1.420479E-09,1.041753E-05,0.002038491,0.001471957,0.0003598816,0.002366584,0.006074397,0.01561901,0.0006028865,0.002033625,0.0004271429,0.006647078,0.01264906,0.002518791,0.01040825,0.0003044129,0.000932515,0.009145712,9.563085E-05,0.0004395395,0.000722052,1.726928E-05,0.003266601,0.01444439,0.002373856,0.0003292282,4.09966E-07,0.01932729,0.002498066,0.0004594644,0.002433567,0.0896776,0.04541303,0.08189597,0.02810268,0.03219333,0.002460434
356,0.0001070979,0.0002343267,5.404782E-05,0.0006750412,2.099363E-05,0.0002530497,7.770367E-05,0.01379242,0.001500662,0.05386006,0.006665905,0.01021434,0.004895457,0.003687262,0.001063425,0.0001485038,5.573752E-07,5.910979E-05,6.213092E-05,0.0001508798,0.001043298,0.001500475,1.330959E-09,0.0001625225,3.586456E-05,0.0004767829,0.001448683,1.406271E-09,1.065678E-05,0.002068452,0.001448554,0.0003629907,0.002398545,0.005757705,0.01514462,0.0005921464,0.002035706,0.0004296312,0.006360991,0.01270261,0.002418619,0.0104,0.0003020172,0.0009451165,0.009213906,9.7589E-05,0.0004381844,0.000669699,1.968512E-05,0.002372793,0.01306547,0.002090751,0.0002885613,3.805038E-07,0.01854235,0.002435576,0.0004627292,0.002603292,0.09003909,0.04582464,0.08126386,0.0269622,0.03260052,0.002568681
357,0.0001069909,0.000234775,5.441699E-05,0.0006768466,2.104574E-05,0.0002530265,7.78196E-05,0.01388269,0.001493133,0.05432677,0.006661273,0.01018447,0.004612029,0.003712467,0.001071407,0.0001398316,3.578767E-07,3.090856E-05,6.312142E-05,0.0001533023,0.001071789,0.001523699,1.346351E-09,0.0001622925,3.680317E-05,0.0004771411,0.001475398,1.274216E-09,1.030988E-05,0.002084745,0.001429725,0.0003677707,0.002441617,0.005410082,0.01436323,0.0005816,0.002044345,0.0004308247,0.006011164,0.01255566,0.002300845,0.01018894,0.0002999768,0.0009557707,0.009277918,0.0001003839,0.0004347713,0.0006142046,1.936538E-05,0.001242201,0.007474613,0.001213331,0.0001668866,3.46012E-07,0.01754715,0.00232343,0.0004730817,0.002852642,0.09010471,0.04477127,0.08068614,0.0256109,0.03251482,0.002669512
358,0.000107256,0.0002357774,5.470576E-05,0.000678467,2.1097E-05,0.0002531011,7.787862E-05,0.01397313,0.001498749,0.05484251,0.006684102,0.01017646,0.004218181,0.003735718,0.001085954,0.0001324998,2.514117E-07,2.472471E-05,6.269534E-05,0.0001561155,0.001094736,0.001537135,1.34993E-09,0.0001620131,3.742564E-05,0.0004781535,0.001485889,1.036065E-09,9.455681E-06,0.002072855,0.001414223,0.0003739242,0.00248835,0.005062943,0.01343646,0.0005709462,0.002055968,0.0004341937,0.005676992,0.01216709,0.002187883,0.009791913,0.0002982024,0.0009643666,0.009421103,0.0001034038,0.0004350789,0.0005503237,1.625621E-05,0.0008612351,0.00559203,0.0008885697,0.0001211219,3.061851E-07,0.01648277,0.002227554,0.0004863571,0.00318663,0.09037071,0.0414454,0.08125816,0.0240608,0.03162029,0.002746513
359,0.0001078241,0.0002374818,5.513745E-05,0.0006798499,2.11479E-05,0.0002544223,7.784495E-05,0.01405093,0.001519424,0.05522709,0.006733691,0.01019127,0.004231444,0.003740308,0.001100774,0.0001336804,2.802552E-07,2.257215E-05,6.180762E-05,0.00015772,0.001115952,0.001558346,1.353887E-09,0.0001621802,3.807201E-05,0.000479822,0.001501988,1.051313E-09,8.620953E-06,0.002072072,0.001398113,0.0003805565,0.002537075,0.005017636,0.01313125,0.0005640411,0.002061051,0.0004400646,0.005592342,0.01180798,0.002170253,0.009481119,0.0002965258,0.0009754564,0.009572742,0.0001064573,0.000438521,0.0005287518,1.002671E-05,0.0006808747,0.004957402,0.0007670421,0.0001086338,2.913799E-07,0.01661142,0.002190045,0.000491766,0.003546939,0.09114415,0.03922164,0.0821154,0.0237399,0.03133556,0.00277255
360,0.0001605304,0.0002486126,6.043012E-05,0.0006810117,2.357066E-05,0.0002274088,7.76633E-05,0.01409589,0.001550077,0.05550117,0.006792072,0.01022134,0.004344218,0.003386019,0.001387808,0.0001063865,3.267917E-07,2.819993E-05,6.114217E-05,0.0001553214,0.0007468238,0.001182726,1.35837E-09,0.000164906,1.788409E-05,0.0004816535,0.001526011,1.401951E-09,3.841435E-06,0.001307875,0.0008886544,0.0003481226,0.002577664,0.005141763,0.01338803,0.0005673132,0.002050711,0.0004453984,0.005762013,0.01188334,0.002217086,0.009495689,0.0002358543,0.0008077153,0.009668509,0.0001087402,0.0004404563,0.0005499396,7.856904E-06,0.00117194,0.008922643,0.001400177,0.0001791167,3.033851E-07,0.01726891,0.002197405,0.0004931401,0.00449888,0.04903987,0.03755523,0.0618966,0.02452936,0.0316259,0.002746212
361,0.0001617202,0.0002508065,6.117774E-05,0.0006821819,2.362267E-05,0.0002312709,7.747253E-05,0.01411874,0.001581462,0.05570838,0.006850592,0.01025299,0.00448629,0.003368414,0.001392365,9.833927E-05,3.391789E-07,3.705782E-05,6.132813E-05,0.0001514562,0.0007652122,0.001200345,1.350996E-09,0.0001655475,1.838993E-05,0.0004819027,0.001524252,1.388983E-09,4.059113E-06,0.00132782,0.0008973958,0.0003523923,0.002576814,0.005324853,0.01384133,0.0005740509,0.002040082,0.0004419527,0.005909408,0.0121124,0.002279836,0.009670452,0.0002356009,0.000820284,0.009551262,0.0001088374,0.0004397546,0.0005864595,8.700006E-06,0.001182786,0.01019989,0.001741745,0.0002033195,3.247094E-07,0.01786611,0.00222142,0.000496578,0.004260997,0.05039017,0.03862605,0.0618431,0.0255206,0.03199732,0.002697731
362,0.0001607601,0.0002550976,6.262415E-05,0.0006836999,2.367363E-05,0.0002346149,7.747681E-05,0.01415035,0.001610981,0.05604388,0.006928456,0.01028561,0.004658856,0.003360466,0.001375003,9.610992E-05,3.804904E-07,4.392925E-05,6.225377E-05,0.0001438733,0.0007752387,0.001193523,1.301736E-09,0.0001646188,1.871941E-05,0.0004806831,0.001487805,1.108611E-09,3.936129E-06,0.001338807,0.0009073401,0.0003505097,0.002522667,0.005384345,0.01411816,0.0005817657,0.002044078,0.0004306833,0.005841339,0.01225213,0.0023552,0.009894018,0.0002359295,0.0008342342,0.009191981,0.0001063096,0.0004317778,0.0006178748,1.346095E-05,0.001133213,0.01019689,0.001956846,0.0002188739,3.348615E-07,0.01789788,0.002257359,0.0005043141,0.003806852,0.05172229,0.03976645,0.06077931,0.02643343,0.03188587,0.002600855
363,0.0001590267,0.000261311,6.429637E-05,0.0006855268,2.372385E-05,0.0002395515,7.76528E-05,0.01420056,0.001639176,0.0565483,0.007017191,0.01032055,0.004945063,0.003367987,0.001354631,0.0001018354,5.100102E-07,5.187087E-05,6.322072E-05,0.0001360579,0.0007830663,0.001178536,1.232076E-09,0.0001619815,1.899088E-05,0.0004792876,0.001445751,8.947968E-10,3.785019E-06,0.0013505,0.0009158883,0.0003455773,0.002445752,0.005410976,0.01443604,0.0005896452,0.002055198,0.0004155844,0.005633614,0.01241135,0.002418124,0.01014074,0.0002364445,0.0008482251,0.008730156,0.000102519,0.000418404,0.0006411968,2.382283E-05,0.001270914,0.01179811,0.00247459,0.0002801919,3.368956E-07,0.01770755,0.00229117,0.0005093099,0.003308938,0.05315279,0.04073339,0.05982276,0.02714732,0.03159928,0.002516419
364,0.0001578671,0.0002650841,6.442209E-05,0.0006872917,2.377451E-05,0.0002384352,7.779849E-05,0.01424299,0.001664411,0.05686495,0.007081338,0.01034902,0.00501487,0.003376995,0.00133886,0.0001335972,7.481963E-07,5.941819E-05,6.296608E-05,0.0001319024,0.0007883512,0.00115926,1.13869E-09,0.0001576278,1.930834E-05,0.0004782494,0.00141573,7.962157E-10,3.70257E-06,0.001364278,0.0009223033,0.0003386168,0.002365762,0.005563907,0.01479189,0.0005975088,0.002064072,0.0003985028,0.00537757,0.01263105,0.00249565,0.01033585,0.0002368279,0.0008611483,0.008362233,9.832546E-05,0.0004093248,0.0006693642,4.149876E-05,0.002036895,0.01209437,0.003084806,0.0003680478,3.538372E-07,0.01791867,0.002326855,0.000505611,0.002860376,0.0544435,0.04103709,0.05946194,0.02760963,0.03137501,0.002459645
365,0.0001578559,0.0002675673,6.429087E-05,0.0006887161,2.382531E-05,0.000233492,7.774335E-05,0.01427108,0.001687939,0.05710797,0.007128825,0.01037783,0.004970974,0.003372332,0.001335779,0.0001454664,1.05293E-06,6.780765E-05,6.273048E-05,0.0001297245,0.0007987414,0.001157122,1.06811E-09,0.000153895,1.971216E-05,0.0004774662,0.001409932,9.835824E-10,3.871731E-06,0.001386496,0.0009290894,0.0003327882,0.002300678,0.005695201,0.01512773,0.0006051257,0.002057717,0.0003906891,0.005450228,0.01284175,0.002558228,0.01050258,0.0002372148,0.0008732216,0.008321023,9.458844E-05,0.0004088605,0.0006936511,6.433381E-05,0.004453746,0.02012759,0.004859029,0.000613125,3.74648E-07,0.01832833,0.00236123,0.0004959677,0.002614341,0.05546181,0.04101755,0.05931775,0.02799501,0.03109219,0.00243927
366,0.0001584852,0.0002708421,6.441074E-05,0.0006900803,2.387746E-05,0.00023087,7.764866E-05,0.01431213,0.001716426,0.05756705,0.007177592,0.01043821,0.005012447,0.003369228,0.00134196,0.0001658469,1.210856E-06,7.448124E-05,6.278722E-05,0.0001294636,0.0008146798,0.001173283,1.039623E-09,0.0001509181,2.023058E-05,0.0004769636,0.001423472,1.278811E-09,4.139702E-06,0.001411428,0.0009377382,0.0003288881,0.002271116,0.00572446,0.01529249,0.0006096679,0.002046468,0.0003933562,0.005664204,0.0130474,0.002572621,0.01063802,0.0002376299,0.0008849607,0.008389913,9.290754E-05,0.0004103591,0.000710632,7.678669E-05,0.007000066,0.02112359,0.0055582,0.000790312,3.932069E-07,0.01872171,0.00238196,0.0004870573,0.002604129,0.05650155,0.04116004,0.05935335,0.02792091,0.03092324,0.002461501
367,0.0001593851,0.0002734265,6.479738E-05,0.0006917379,2.393589E-05,0.0002305969,7.76732E-05,0.01440588,0.001721966,0.05821176,0.007191068,0.01051975,0.004492204,0.003418216,0.001351501,0.0001840011,1.091712E-06,7.96289E-05,6.3657E-05,0.0001333351,0.0008382017,0.001196913,1.020552E-09,0.000147597,2.084704E-05,0.0004771315,0.00144617,1.41592E-09,4.359539E-06,0.001440952,0.0009516538,0.0003264385,0.002268788,0.00546514,0.01486752,0.000601822,0.002049023,0.0003973875,0.005541704,0.01306641,0.002463407,0.01058997,0.0002386485,0.0008969844,0.008482235,9.28874E-05,0.0004120052,0.0006395686,7.259357E-05,0.008321011,0.01731243,0.005421649,0.0008332782,3.659191E-07,0.01795647,0.00234718,0.0004854994,0.002768676,0.05781732,0.04119182,0.06006673,0.02702457,0.03099161,0.002533412
368,0.0001611687,0.0002756171,6.542735E-05,0.0006934896,2.399777E-05,0.0002321798,7.772812E-05,0.01450884,0.001732979,0.05872601,0.007221085,0.01047988,0.003982342,0.003468534,0.001360238,0.0002052464,7.630642E-07,7.597134E-05,6.48872E-05,0.0001374638,0.0008619366,0.00121817,1.069904E-09,0.0001451807,2.141266E-05,0.0004779833,0.001458445,1.308025E-09,4.220015E-06,0.001456771,0.0009697935,0.000328601,0.002298021,0.005122104,0.01404966,0.000590967,0.0020611,0.0003999119,0.005224757,0.01279729,0.002316921,0.01025778,0.000239972,0.0009071734,0.008554126,9.532367E-05,0.0004107333,0.0005670321,6.902681E-05,0.008725199,0.01283609,0.005227138,0.0008536145,3.212505E-07,0.01679114,0.00229726,0.0004918384,0.003082232,0.05899492,0.03987106,0.06104801,0.02570575,0.03042984,0.002627333
369,0.0001612088,0.0002761289,6.528692E-05,0.000695898,2.407037E-05,0.0002304062,7.791757E-05,0.01462938,0.001707385,0.05944496,0.007192993,0.01045025,0.003542327,0.003512432,0.001355709,0.0002496559,5.247683E-07,2.928058E-05,6.699127E-05,0.0001429539,0.0008845796,0.001237417,1.113253E-09,0.0001426407,2.20191E-05,0.0004790399,0.001471879,1.255234E-09,4.143956E-06,0.001474538,0.0009893873,0.0003323408,0.002336465,0.004780654,0.0131896,0.0005811044,0.00207922,0.0003974513,0.004889781,0.01248276,0.002172652,0.009902965,0.0002415042,0.0009163748,0.008554029,9.865251E-05,0.0004025676,0.0005130629,7.15481E-05,0.008101096,0.0083596,0.004305173,0.000728653,2.779396E-07,0.01560658,0.002199264,0.0005037778,0.003477535,0.06002983,0.03917322,0.06188588,0.02436067,0.03005295,0.002740049
370,0.0001618579,0.0002750006,6.508764E-05,0.0006978479,2.413932E-05,0.0002290994,7.797802E-05,0.01469978,0.001717956,0.05963149,0.007176348,0.01040296,0.00329936,0.003534238,0.001360269,0.0002666337,4.312691E-07,2.100037E-05,6.678602E-05,0.0001454291,0.0009027739,0.001248308,1.168759E-09,0.000141407,2.241551E-05,0.0004810149,0.001462984,1.008176E-09,3.807753E-06,0.001469405,0.001008012,0.0003381507,0.00237805,0.004459416,0.01229141,0.0005709273,0.002088823,0.0003990357,0.004586707,0.0120514,0.002045359,0.009535616,0.0002429946,0.0009231291,0.008693089,0.0001020367,0.0004012029,0.0004709233,8.196579E-05,0.006692196,0.005475118,0.003046428,0.0005973913,2.398246E-07,0.01449975,0.002138611,0.0005198755,0.003900384,0.06094521,0.03652495,0.06337055,0.0229725,0.02887945,0.002825452
371,0.0001612902,0.0002752224,6.489417E-05,0.0006993945,2.42052E-05,0.0002273896,7.788611E-05,0.01475201,0.001747757,0.05982106,0.007209436,0.01040463,0.003459813,0.003528973,0.001363158,0.0003084262,6.930674E-07,1.793802E-05,6.486443E-05,0.0001467748,0.0009189214,0.001269227,1.196339E-09,0.0001390667,2.285248E-05,0.0004825764,0.001471984,1.151938E-09,3.609741E-06,0.001474856,0.00102539,0.0003438603,0.002416227,0.004471699,0.01216658,0.0005681835,0.002098876,0.0004045968,0.004652872,0.01181314,0.002040544,0.00934323,0.0002441237,0.0009321281,0.008865164,0.0001050817,0.0004054091,0.0004709422,9.414506E-05,0.008338208,0.007024297,0.003480665,0.0006667187,2.346817E-07,0.0147068,0.002149326,0.0005260024,0.004340286,0.06184486,0.03526865,0.06499309,0.0230235,0.02877408,0.002861029
372,0.0001042167,0.0002958146,4.602772E-05,0.0007007617,2.028281E-05,0.0002068165,7.767638E-05,0.01477532,0.001783843,0.05995639,0.007251556,0.01042467,0.003715597,0.002623353,0.001677077,0.0004039193,8.921446E-07,3.079811E-05,6.314021E-05,0.0001447032,0.0003972896,0.001968538,1.246464E-09,0.0001369784,2.033204E-05,0.0004845378,0.001488933,1.583691E-09,3.719472E-06,0.002121257,0.001780614,0.0002585442,0.002447868,0.004646719,0.01248532,0.0005728632,0.002084412,0.0004110252,0.004885225,0.01191776,0.002090858,0.009397242,0.000259663,0.001584085,0.009017796,0.0001072857,0.0004098662,0.0005034312,0.0001064056,0.01110987,0.01134721,0.0044435,0.0007889212,2.498401E-07,0.015376,0.002182503,0.0005273147,0.004057082,0.1082259,0.02284788,0.07779567,0.02395671,0.02916843,0.002826698
373,0.0001048581,0.0002970345,4.646268E-05,0.0007021471,2.033204E-05,0.0002116175,7.748086E-05,0.01478514,0.001819325,0.06011076,0.007303985,0.010452,0.00403223,0.002621935,0.001677867,0.0004233933,1.016256E-06,5.058276E-05,6.279745E-05,0.0001385153,0.0004086078,0.001963678,1.258795E-09,0.0001365925,2.076293E-05,0.00048536,0.00146022,1.432107E-09,3.836019E-06,0.002139169,0.001738423,0.0002610469,0.002416279,0.004882133,0.01289597,0.0005798823,0.002068782,0.0004096287,0.005098226,0.01197061,0.002165162,0.009564549,0.0002595273,0.001579249,0.008956895,0.0001058343,0.0004124857,0.0005487434,0.0001156501,0.01215855,0.01319277,0.004505323,0.0009038118,2.726033E-07,0.01580422,0.002220877,0.0005316619,0.003635181,0.1057295,0.02337445,0.07652591,0.02513625,0.02959039,0.002731825
374,0.0001049315,0.0003003581,4.757529E-05,0.0007038291,2.037921E-05,0.0002168431,7.74666E-05,0.0148077,0.00185214,0.06039723,0.007374458,0.01048196,0.004382292,0.002640903,0.001662031,0.00044944,1.268589E-06,7.209971E-05,6.334368E-05,0.0001306969,0.0004158244,0.001913582,1.205596E-09,0.0001352593,2.092231E-05,0.0004852049,0.001400564,1.081516E-09,3.642839E-06,0.002138881,0.001669984,0.0002571373,0.0023329,0.005058897,0.01321956,0.0005873814,0.002066407,0.0004001922,0.005113595,0.01185422,0.002252534,0.009735343,0.0002592627,0.001569076,0.008667316,0.0001014458,0.0004086278,0.0005934346,0.0001253103,0.01248478,0.01433794,0.00421324,0.0009909313,2.909379E-07,0.0158255,0.002263329,0.0005379311,0.002999647,0.1021981,0.0239804,0.07351132,0.02628255,0.02950165,0.002604352
375,0.0001041971,0.0003042954,4.836891E-05,0.0007057007,2.042479E-05,0.0002223647,7.757467E-05,0.01484025,0.001882409,0.06072587,0.007456122,0.01051266,0.004731645,0.002680719,0.001640638,0.0005000265,1.289435E-06,7.87684E-05,6.394168E-05,0.0001207771,0.0004195946,0.001841546,1.098259E-09,0.0001313277,2.089671E-05,0.0004848829,0.00133392,7.911606E-10,3.338408E-06,0.002128644,0.001584831,0.0002491279,0.002227873,0.005247789,0.01356371,0.0005948706,0.002073315,0.0003878,0.005030989,0.01170537,0.002344052,0.009916888,0.0002587007,0.001557512,0.008293898,9.596165E-05,0.0004010431,0.0006399803,0.0001357556,0.01206718,0.01451177,0.00394338,0.001072672,3.081117E-07,0.0158754,0.002306022,0.0005405138,0.00238568,0.09832706,0.02451585,0.07016232,0.02717566,0.02904206,0.002475244
376,0.0001033368,0.0003070598,4.848165E-05,0.0007073311,2.046941E-05,0.0002187267,7.754367E-05,0.01486838,0.001914028,0.06103976,0.007514693,0.01055539,0.004680158,0.002700349,0.001630995,0.0006252332,1.485505E-06,8.401901E-05,6.268576E-05,0.0001148386,0.000424464,0.001785476,1.000458E-09,0.0001278862,2.090338E-05,0.0004844818,0.001284973,7.874577E-10,3.24493E-06,0.00213599,0.001500445,0.0002405022,0.00212595,0.005443569,0.01391958,0.0006024537,0.002061188,0.0003783419,0.005097835,0.01178293,0.002419792,0.01009187,0.0002578954,0.001544415,0.008187477,9.02563E-05,0.000400333,0.0006694955,0.0001332215,0.01750119,0.0202629,0.005250111,0.001649735,3.279884E-07,0.01621509,0.002336307,0.0005311976,0.001926528,0.09430914,0.02462278,0.06856446,0.02755154,0.02869893,0.002369115
377,0.0001031932,0.000309437,4.865493E-05,0.0007087546,2.051434E-05,0.0002145275,7.738406E-05,0.01489387,0.001940008,0.06131752,0.007580227,0.0105842,0.004661214,0.002712263,0.001632637,0.0004508058,1.523434E-06,8.598361E-05,6.179858E-05,0.00011162,0.0004341514,0.001772359,9.644565E-10,0.0001260469,2.11136E-05,0.0004839854,0.001269511,1.163601E-09,3.527461E-06,0.002157105,0.001429963,0.0002337945,0.002061638,0.005614819,0.01424574,0.0006093703,0.002036577,0.0003795653,0.005321223,0.01194105,0.002481968,0.01023048,0.0002566779,0.001530603,0.0082375,8.599383E-05,0.0004019667,0.0006925844,0.0001146943,0.01154979,0.01598973,0.002892921,0.001106562,3.470936E-07,0.01662468,0.002350825,0.0005165659,0.001791242,0.09030508,0.02450797,0.06748924,0.02780555,0.0282979,0.002313616
378,0.0001033928,0.0003130118,4.91616E-05,0.0007101182,2.055971E-05,0.0002136036,7.718978E-05,0.01494518,0.001968709,0.06184482,0.007652087,0.01062966,0.004730504,0.00272425,0.00163634,0.0003978656,1.585197E-06,9.048289E-05,6.131556E-05,0.0001150952,0.0004462403,0.001784742,9.957688E-10,0.000125276,2.149754E-05,0.0004834867,0.001277979,1.516124E-09,3.82155E-06,0.002181504,0.001376713,0.000230388,0.002043674,0.00569391,0.0145104,0.0006135461,0.002012406,0.0003845395,0.005560451,0.01210172,0.002512527,0.01031136,0.0002553652,0.001517078,0.008307986,8.481069E-05,0.0004025474,0.0007142704,8.33609E-05,0.01071404,0.01837759,0.002370945,0.001036027,3.628146E-07,0.01707963,0.002361046,0.0005013217,0.001880415,0.08691309,0.02444411,0.06663932,0.02796387,0.02806724,0.002311904
379,0.0001034239,0.0003160366,4.950965E-05,0.000711637,2.06098E-05,0.0002128593,7.707169E-05,0.0150296,0.001990739,0.062427,0.007705687,0.01068443,0.004494816,0.00275748,0.00164139,0.0003632803,1.499261E-06,8.359797E-05,6.111551E-05,0.000122187,0.0004622478,0.001819776,1.075435E-09,0.0001262969,2.199346E-05,0.0004833281,0.001299207,1.625302E-09,4.047757E-06,0.002212645,0.001336579,0.0002300251,0.002052885,0.005465455,0.01418795,0.0006044823,0.001991707,0.0003904519,0.005530346,0.01212142,0.002425099,0.01027799,0.0002541155,0.001504773,0.008404798,8.547975E-05,0.0004048868,0.0006619,5.494431E-05,0.009083671,0.02037385,0.001885678,0.000959961,3.398475E-07,0.01650479,0.002338048,0.0004941616,0.002100216,0.08492306,0.0246318,0.06652896,0.02704959,0.02823,0.002372306
380,0.0001030283,0.0003176284,4.968505E-05,0.0007134971,2.066618E-05,0.0002120539,7.702081E-05,0.01512934,0.001995459,0.06300631,0.007703734,0.010712,0.004000419,0.002809742,0.001640788,0.0003332003,1.309225E-06,7.959919E-05,6.148699E-05,0.0001298488,0.0004782818,0.001854084,1.162965E-09,0.0001263983,2.254597E-05,0.0004834503,0.001328647,1.668853E-09,4.240263E-06,0.002240349,0.00130784,0.0002316482,0.002077034,0.005150169,0.01371335,0.0005937078,0.001983003,0.0003935277,0.005270737,0.01212629,0.002306033,0.0102252,0.0002534073,0.001493031,0.008484357,8.724014E-05,0.0004032913,0.0005943319,4.195144E-05,0.008628191,0.02244503,0.001606613,0.0009481247,3.065622E-07,0.01561355,0.002265517,0.0004930441,0.002377833,0.083854,0.02511305,0.06662394,0.02596452,0.02873638,0.002476324
381,0.0001027109,0.0003153977,4.977498E-05,0.0007158928,2.073011E-05,0.0002115554,7.707329E-05,0.01520648,0.001949813,0.0632619,0.007656069,0.01059937,0.003777644,0.002859564,0.001630395,0.0003031732,9.693454E-07,6.076646E-05,6.250326E-05,0.0001377243,0.0004941147,0.00188504,1.229362E-09,0.0001263218,2.312066E-05,0.0004838944,0.001362717,1.618029E-09,4.341293E-06,0.002262946,0.001286482,0.0002343002,0.002109482,0.004828357,0.01318652,0.0005844322,0.001981637,0.000393391,0.004977446,0.01213298,0.002182603,0.0101814,0.0002530013,0.001481935,0.008522565,8.97025E-05,0.0003973404,0.0005455046,4.038751E-05,0.007902625,0.021283,0.001301674,0.0008565431,2.768243E-07,0.0146863,0.002156675,0.0004976299,0.002691649,0.08344902,0.02576949,0.06679258,0.02491153,0.02947379,0.00258802
382,0.0001023212,0.0003133377,4.961153E-05,0.0007177247,2.078864E-05,0.0002099734,7.699437E-05,0.01526025,0.001961269,0.06343009,0.007667919,0.01054927,0.003640193,0.002896682,0.00162949,0.0002773569,9.349792E-07,5.168507E-05,6.168427E-05,0.0001461312,0.000509191,0.001910435,1.28331E-09,0.0001260247,2.366026E-05,0.0004847209,0.001394188,1.460659E-09,4.218662E-06,0.002274305,0.001270059,0.000238291,0.002149702,0.004553651,0.01265024,0.0005741926,0.001980363,0.0003971294,0.004752386,0.01197364,0.002098129,0.009912,0.0002524629,0.00147416,0.008648111,9.26365E-05,0.0003985681,0.0005098814,4.39857E-05,0.006620886,0.01864296,0.00108782,0.0007173692,2.474916E-07,0.01409743,0.002081407,0.0005026355,0.003077263,0.08333602,0.02599751,0.06774995,0.02379855,0.03017821,0.00268937
383,0.0001016679,0.0003126498,4.950776E-05,0.0007192107,2.084383E-05,0.0002083331,7.68004E-05,0.01530508,0.001996937,0.06362873,0.007711382,0.01056712,0.003665778,0.002910955,0.001626977,0.0002477838,1.149641E-06,4.073249E-05,6.052646E-05,0.0001501493,0.0005223193,0.001944099,1.309885E-09,0.0001265973,2.417429E-05,0.0004861155,0.001426524,1.672752E-09,4.101707E-06,0.002294094,0.001254313,0.0002431655,0.002188464,0.004564943,0.01267859,0.0005696899,0.001968828,0.0004027296,0.004825513,0.01197447,0.002110435,0.009755383,0.0002517219,0.001468244,0.008786609,9.514155E-05,0.0004021405,0.0005114905,4.745782E-05,0.005515464,0.01731226,0.001006989,0.0006434486,2.457969E-07,0.01448079,0.002033172,0.0005008309,0.003422803,0.08260318,0.02629253,0.06838921,0.02415521,0.03100543,0.002738712
384,0.0001599286,0.0003447453,5.635596E-05,0.000720553,2.658619E-05,0.0002080918,7.651407E-05,0.01532996,0.002043388,0.06385513,0.007772113,0.01060735,0.003732078,0.002881928,0.001340019,0.0003002765,1.456942E-06,6.959641E-05,5.963726E-05,0.0001521641,0.0006213059,0.002552421,1.334976E-09,0.0001281073,1.235391E-05,0.0004873855,0.001444786,1.807983E-09,4.368769E-06,0.002352337,0.000953398,0.0003856843,0.002207816,0.004703716,0.01296645,0.0005733932,0.001951314,0.0004078771,0.005042748,0.01212224,0.002166033,0.009771529,0.0002607808,0.0008183811,0.008909437,9.629582E-05,0.0004057157,0.0005357302,4.957531E-05,0.004012077,0.01503905,0.0009172861,0.0005173515,2.584414E-07,0.01520803,0.001980626,0.000497019,0.003226996,0.07097995,0.05712522,0.06839841,0.02506306,0.031834,0.002741606
385,0.0001601662,0.0003460222,5.676365E-05,0.0007219156,2.664958E-05,0.0002114816,7.624617E-05,0.01534761,0.002088074,0.0641353,0.007847117,0.01064965,0.00389452,0.002892559,0.001343115,0.0002754936,1.2635E-06,7.536106E-05,5.928323E-05,0.0001491819,0.0006329823,0.002548473,1.342897E-09,0.0001295398,1.258095E-05,0.0004871968,0.001415052,1.59041E-09,4.415915E-06,0.002372474,0.0009573992,0.0003890327,0.002178557,0.004901322,0.01337932,0.0005799473,0.001936715,0.000406361,0.005236959,0.01219932,0.002244746,0.009916063,0.0002596454,0.0008265599,0.008849085,9.452165E-05,0.00040828,0.0005718459,4.957685E-05,0.003728059,0.01475615,0.0009943055,0.0005246407,2.781495E-07,0.01586725,0.001932871,0.0004960037,0.002819394,0.07018581,0.05767764,0.06787381,0.02609052,0.03231372,0.00269697
386,0.0001603368,0.0003477882,5.722997E-05,0.0007233386,2.67113E-05,0.0002150215,7.601597E-05,0.01536722,0.002128435,0.06442565,0.007927434,0.01068897,0.004077916,0.002916571,0.001345581,0.0002929804,1.020211E-06,6.998638E-05,5.912072E-05,0.0001478028,0.0006426331,0.002523621,1.324587E-09,0.0001295441,1.28241E-05,0.0004864296,0.00137591,1.362925E-09,4.408209E-06,0.002390349,0.0009659381,0.0003901273,0.002135181,0.005117903,0.01380787,0.000587502,0.001933234,0.0003992191,0.005350871,0.0122728,0.002330262,0.01010228,0.000258835,0.000837637,0.008674372,9.175603E-05,0.0004093956,0.0006101357,4.59619E-05,0.003026159,0.01297072,0.0009956358,0.0004538529,3.00052E-07,0.01642935,0.001912656,0.0004936709,0.002479213,0.06976617,0.05748561,0.06736739,0.0268828,0.03238674,0.002609154
387,0.000160509,0.0003501076,5.787217E-05,0.0007247871,2.677206E-05,0.0002176996,7.580711E-05,0.01538663,0.002164257,0.0647146,0.008005048,0.0107253,0.004238868,0.002932792,0.001350077,0.0003245591,7.959306E-07,6.308877E-05,5.912658E-05,0.0001478005,0.0006516269,0.002496563,1.301245E-09,0.0001298331,1.3062E-05,0.0004852696,0.001338687,1.202374E-09,4.396466E-06,0.002410629,0.0009731672,0.0003886185,0.002082167,0.005311424,0.01422974,0.0005950811,0.001930753,0.0003902,0.005420526,0.01240711,0.002413786,0.01030309,0.0002580232,0.0008488387,0.008470092,8.833926E-05,0.0004098911,0.0006460203,4.57754E-05,0.00262022,0.01007895,0.001099374,0.000501071,3.227542E-07,0.01698546,0.001918197,0.0004886013,0.002187916,0.06935823,0.05655818,0.06710371,0.02747647,0.03210947,0.002523033
388,0.0001610222,0.0003529874,5.857286E-05,0.0007261496,2.683259E-05,0.0002177022,7.555571E-05,0.01540933,0.002197633,0.06503649,0.008087483,0.01076093,0.004358636,0.002933149,0.001359394,0.0002817117,6.096537E-07,5.56346E-05,5.922573E-05,0.0001490752,0.0006624419,0.002496151,1.284184E-09,0.0001306133,1.331334E-05,0.0004838996,0.001313775,1.329347E-09,4.553398E-06,0.002436016,0.0009784227,0.0003861247,0.002035773,0.005466683,0.01461264,0.0006024055,0.001920266,0.0003847369,0.00558974,0.01259338,0.002480216,0.0104919,0.0002569138,0.0008593071,0.008439851,8.524486E-05,0.0004122447,0.0006762407,4.355459E-05,0.001394494,0.005207768,0.0008185851,0.0002853103,3.44872E-07,0.0175431,0.001937699,0.0004798094,0.002013099,0.06887055,0.05520687,0.0669927,0.02786632,0.03151263,0.002448496
389,0.0001621521,0.0003567958,5.94406E-05,0.0007274953,2.689331E-05,0.0002184085,7.529345E-05,0.01544375,0.002233626,0.06547778,0.008152818,0.01080751,0.004481557,0.002929322,0.001373077,0.0001869876,5.178654E-07,5.163207E-05,5.945433E-05,0.0001515921,0.0006760048,0.002522802,1.285682E-09,0.0001315807,1.361397E-05,0.0004825872,0.001319944,1.6405E-09,4.826669E-06,0.00246388,0.0009836472,0.0003853175,0.002021632,0.005586273,0.01496361,0.0006087749,0.00190633,0.0003867977,0.005810545,0.0127988,0.002544218,0.01065222,0.0002556712,0.0008690943,0.008489606,8.394852E-05,0.0004142612,0.0007015469,4.10151E-05,0.00118054,0.004893244,0.0008400684,0.0001881553,3.67146E-07,0.01810817,0.001957821,0.0004693717,0.00201102,0.06885186,0.05401969,0.06674206,0.02825946,0.0309962,0.002416659
390,0.000163207,0.0003613531,6.009884E-05,0.0007288434,2.695654E-05,0.000219231,7.505775E-05,0.01550066,0.002271474,0.06607947,0.008231805,0.01086659,0.004632147,0.002934223,0.001388557,0.0001942151,4.597604E-07,4.728388E-05,5.963353E-05,0.0001558916,0.0006906717,0.002555908,1.287089E-09,0.0001325567,1.39456E-05,0.000481462,0.001346062,1.823923E-09,4.978597E-06,0.002491276,0.0009896215,0.0003870391,0.002035348,0.005564823,0.01505686,0.0006114664,0.001892619,0.0003919209,0.006043328,0.01296324,0.002550114,0.01073165,0.0002544413,0.0008785665,0.008590344,8.470456E-05,0.0004170742,0.0007211693,3.657356E-05,0.001135492,0.004935659,0.001005746,0.0001609813,3.844304E-07,0.01849687,0.001977291,0.0004621776,0.002136517,0.06982456,0.05363019,0.06668092,0.02807977,0.0307448,0.002444489
391,0.0001623363,0.0003624093,6.003598E-05,0.000730294,2.702527E-05,0.0002176117,7.489217E-05,0.01556314,0.00228723,0.0662155,0.008290741,0.01087194,0.004588493,0.002963488,0.00139239,0.0002043811,4.157653E-07,4.539565E-05,5.962151E-05,0.0001619255,0.0007084872,0.002592459,1.292119E-09,0.0001337008,1.430458E-05,0.0004808563,0.001381501,1.830245E-09,5.007414E-06,0.002522002,0.00099784,0.0003907772,0.002069788,0.005345418,0.01472973,0.0006036555,0.001883926,0.0003985409,0.006073957,0.0130077,0.002473465,0.01069739,0.0002534935,0.0008881034,0.008727635,8.691114E-05,0.0004222507,0.0006968324,3.004562E-05,0.0009328189,0.0040276,0.001066859,0.0001314988,3.709363E-07,0.01808729,0.001991142,0.0004606438,0.002325335,0.07175487,0.05399609,0.06722344,0.02715944,0.03094825,0.002529805
392,0.0001617112,0.0003633909,6.025975E-05,0.000731958,2.709573E-05,0.0002179083,7.480144E-05,0.01564613,0.002300983,0.06658737,0.008342707,0.01087837,0.004222676,0.003021321,0.001399889,0.0002197892,3.32829E-07,3.977546E-05,6.051207E-05,0.0001669955,0.0007267124,0.002612259,1.288098E-09,0.0001339182,1.466302E-05,0.0004808965,0.001411842,1.638496E-09,4.750366E-06,0.00253815,0.001009835,0.0003968792,0.002119222,0.005030124,0.01398058,0.0005921209,0.001891721,0.0004036777,0.005827163,0.01277759,0.002349146,0.01042003,0.0002532344,0.0008975189,0.008871125,9.019364E-05,0.0004261175,0.0006273182,2.346688E-05,0.0006852964,0.00291284,0.0009823672,0.0001052784,3.354326E-07,0.01707816,0.001966391,0.0004666285,0.002597986,0.07377188,0.05241973,0.06808437,0.02583983,0.03088716,0.002649338
393,0.0001610136,0.0003638431,6.038744E-05,0.0007339134,2.716953E-05,0.0002174393,7.476993E-05,0.01574915,0.002300392,0.06718452,0.008363555,0.01087451,0.003943885,0.003079488,0.001406549,0.0002452022,2.707471E-07,3.197301E-05,6.170519E-05,0.0001725919,0.000743255,0.002618002,1.281633E-09,0.0001341944,1.500802E-05,0.0004815117,0.001432826,1.42359E-09,4.460098E-06,0.002543617,0.001023709,0.0004044064,0.002172715,0.004711701,0.01309615,0.0005810108,0.001907272,0.0004065919,0.005484111,0.01244,0.00221314,0.0100636,0.0002533947,0.0009061745,0.009001974,9.384548E-05,0.0004268586,0.000573369,1.981682E-05,0.0004882254,0.001918492,0.0007740114,7.32892E-05,3.015628E-07,0.01599975,0.001914609,0.0004784096,0.002925091,0.07521028,0.05021871,0.06912541,0.02440707,0.03050467,0.002748621
394,0.0001611402,0.0003646492,6.05377E-05,0.0007357358,2.7244E-05,0.0002178787,7.470456E-05,0.01584153,0.002319921,0.06764118,0.008412039,0.01088184,0.003791759,0.003119326,0.001421991,0.0002630475,4.341386E-07,2.101509E-05,6.060302E-05,0.0001791425,0.0007580688,0.002615985,1.260981E-09,0.0001351055,1.526038E-05,0.0004833692,0.001447891,1.098838E-09,4.001601E-06,0.002520151,0.001034008,0.0004127911,0.002229464,0.004443058,0.01232453,0.0005698932,0.001915509,0.0004118666,0.005253317,0.01200247,0.002118598,0.009716919,0.0002537692,0.0009146903,0.009204037,9.741166E-05,0.0004317101,0.0005391655,1.873932E-05,0.000507604,0.001662254,0.0007261769,6.525448E-05,2.717067E-07,0.01524573,0.001894613,0.0004910064,0.003288596,0.07701103,0.04682102,0.07113172,0.02294513,0.02990065,0.002799717
395,0.0001617056,0.0003658978,6.082863E-05,0.0007374077,2.731927E-05,0.000219261,7.456943E-05,0.01592122,0.002356413,0.06797696,0.008470712,0.01090874,0.003825913,0.003151447,0.001440133,0.0002742679,6.910737E-07,3.044073E-05,5.961095E-05,0.0001811172,0.0007713201,0.002628885,1.236194E-09,0.0001348937,1.549307E-05,0.0004854976,0.001468872,1.210038E-09,3.614924E-06,0.002513978,0.00104203,0.0004212351,0.00228134,0.004472282,0.01218553,0.0005639257,0.001921607,0.0004183973,0.005295135,0.01166719,0.002125293,0.009500687,0.0002542507,0.0009227261,0.009406461,0.0001004717,0.0004377686,0.0005283448,2.04112E-05,0.0009053157,0.002146678,0.0009145358,7.824881E-05,2.660919E-07,0.01553962,0.001902463,0.0004970392,0.003610001,0.07843854,0.04465116,0.07284922,0.02279159,0.02969452,0.002801563
396,0.0001786265,0.0004009836,5.765291E-05,0.000738953,2.412325E-05,0.0002203585,7.433355E-05,0.01596428,0.00239779,0.0682252,0.00853574,0.01094545,0.003903158,0.003574195,0.001545107,0.0002177502,9.399199E-07,4.714529E-05,5.868409E-05,0.0001816349,0.000811064,0.002786478,1.230995E-09,0.0001355651,4.73966E-05,0.0004867424,0.001490806,1.734472E-09,4.865431E-06,0.003097484,0.001000606,0.0005131981,0.002316525,0.004635594,0.01247569,0.0005672611,0.001917144,0.0004241837,0.005501478,0.01173322,0.002179116,0.009521258,0.0002431624,0.001742237,0.009557051,0.000102325,0.0004415208,0.0005472006,2.312972E-05,0.001458746,0.002496443,0.001014243,8.949648E-05,2.776115E-07,0.01620373,0.001919491,0.0004973941,0.005181469,0.09084371,0.03080055,0.07044107,0.02361134,0.02990768,0.002760912
397,0.000178495,0.000402191,5.790637E-05,0.0007404895,2.418513E-05,0.0002224704,7.407041E-05,0.01598881,0.002437783,0.06844945,0.00860436,0.01098398,0.004016202,0.003549816,0.001548714,0.0002065628,1.17455E-06,6.034157E-05,5.795661E-05,0.0001812073,0.0008231046,0.002798581,1.220332E-09,0.0001376122,4.802985E-05,0.0004859899,0.001482767,1.850337E-09,5.223572E-06,0.00311816,0.001005273,0.0005176457,0.002311266,0.00485003,0.01290099,0.0005737246,0.001900424,0.0004254654,0.005733,0.01188215,0.002250469,0.009635972,0.0002431598,0.001727544,0.009600693,0.0001018156,0.000443771,0.000575409,2.518792E-05,0.00185878,0.002795713,0.001146268,0.0001061284,2.949664E-07,0.01688708,0.001930011,0.0004965881,0.004841569,0.09006231,0.0315971,0.07096301,0.02450611,0.03014886,0.002669031
398,0.0001786678,0.0004048668,5.870441E-05,0.0007421984,2.424585E-05,0.0002261038,7.391135E-05,0.01601021,0.002474955,0.06872781,0.008684611,0.01102115,0.00421227,0.003527304,0.001547363,0.0001692517,1.249978E-06,7.155856E-05,5.783991E-05,0.0001755441,0.0008288437,0.002765175,1.17966E-09,0.0001383525,4.816768E-05,0.0004841359,0.001438725,1.543667E-09,5.131398E-06,0.003119966,0.001007511,0.0005142193,0.002256648,0.005075595,0.01336124,0.0005809609,0.001895532,0.0004195508,0.005841316,0.01190391,0.00233061,0.009802897,0.0002433062,0.001705373,0.009389881,9.862703E-05,0.0004414846,0.0006091806,2.659531E-05,0.001781491,0.002749485,0.001159606,0.0001170579,3.142067E-07,0.01724752,0.001948114,0.0004977682,0.004296286,0.08837604,0.03236125,0.06942859,0.02537257,0.02998084,0.002550534
399,0.0001788542,0.0004082345,5.945105E-05,0.0007439755,2.430542E-05,0.000228554,7.378468E-05,0.01603452,0.002510699,0.0690659,0.008769652,0.01106006,0.004380291,0.003497615,0.001543839,0.00016055,1.443622E-06,8.117939E-05,5.776857E-05,0.0001734375,0.000835703,0.002739591,1.151326E-09,0.0001395844,4.842732E-05,0.0004820525,0.001403354,1.410467E-09,5.186462E-06,0.003130766,0.001008017,0.000511068,0.00220414,0.005278634,0.01380067,0.0005880778,0.001885756,0.0004103311,0.005887046,0.01203037,0.002396278,0.009982071,0.0002431506,0.001681601,0.009162399,9.545442E-05,0.0004386932,0.0006405795,2.674311E-05,0.001609914,0.002388232,0.00118505,0.0001402152,3.335073E-07,0.01763457,0.001971215,0.0004950364,0.003947038,0.08656669,0.03279308,0.06884708,0.02588428,0.02967368,0.002419101
400,0.0001790826,0.0004116708,5.99963E-05,0.0007457724,2.436476E-05,0.0002286768,7.366551E-05,0.01605979,0.002544717,0.06939085,0.008861725,0.01109559,0.004512656,0.003480183,0.001545263,0.0001681267,1.660691E-06,9.043084E-05,5.770235E-05,0.0001734289,0.000842984,0.00271365,1.127046E-09,0.0001402241,4.881825E-05,0.0004800523,0.001393025,1.377489E-09,5.310852E-06,0.003142951,0.001009208,0.0005088568,0.002165557,0.005469291,0.01419513,0.0005952327,0.001877649,0.000398103,0.005831591,0.01220642,0.002462898,0.01013145,0.0002429716,0.001657902,0.008960448,9.290905E-05,0.0004357908,0.0006681177,2.532363E-05,0.002152675,0.003093984,0.001396899,0.0001848445,3.534792E-07,0.01802665,0.001998666,0.0004873522,0.003775284,0.08461207,0.0329358,0.06856386,0.0261617,0.02933604,0.002327633
401,0.0001799612,0.0004151785,6.066264E-05,0.0007474149,2.442429E-05,0.0002285886,7.346866E-05,0.01608445,0.002576625,0.06972887,0.008942454,0.01113047,0.004627824,0.003472304,0.001551906,0.0001562737,1.753896E-06,9.714234E-05,5.808371E-05,0.0001766594,0.0008527263,0.002716092,1.113908E-09,0.0001410633,4.925888E-05,0.0004782071,0.00140168,1.651491E-09,5.661037E-06,0.003158678,0.001010001,0.0005074517,0.002145427,0.005610762,0.01456477,0.0006020584,0.001866951,0.0003923138,0.005968373,0.01238771,0.002512285,0.01025057,0.0002427385,0.001635636,0.008944609,9.126058E-05,0.0004346323,0.0006927154,2.235648E-05,0.002978329,0.00427909,0.001522685,0.0002259431,3.734569E-07,0.01848691,0.002023557,0.0004774425,0.003743872,0.0829367,0.03306461,0.06809978,0.02653218,0.02894326,0.002301062
402,0.0001815422,0.0004204164,6.157552E-05,0.0007490407,2.448453E-05,0.0002308283,7.326142E-05,0.01612204,0.002611063,0.0702647,0.009030971,0.01117397,0.004801259,0.003480006,0.001559887,0.0001478213,1.772043E-06,0.0001012713,5.845387E-05,0.000180905,0.0008643666,0.002731347,1.113328E-09,0.0001415101,4.976363E-05,0.0004766822,0.001423294,1.927433E-09,6.006909E-06,0.003174857,0.001013146,0.0005077259,0.002151397,0.005692949,0.0149125,0.0006085478,0.001862148,0.0003937643,0.006155815,0.01257603,0.002516194,0.01036459,0.0002427165,0.001616289,0.008982872,9.133565E-05,0.0004325828,0.0007155748,1.875955E-05,0.002628842,0.004271044,0.00117138,0.0001994211,3.917992E-07,0.01901962,0.002042715,0.0004679095,0.003810013,0.08209208,0.0335074,0.06756756,0.02700303,0.02878861,0.002332759
403,0.0001830942,0.0004259537,6.249682E-05,0.0007509108,2.455053E-05,0.0002333182,7.318904E-05,0.01620432,0.00263676,0.07104211,0.009087511,0.01124264,0.004691973,0.003509347,0.001565858,0.0001634512,1.652892E-06,9.158462E-05,5.868291E-05,0.0001869225,0.0008813053,0.002756634,1.133892E-09,0.0001430126,5.035998E-05,0.0004758893,0.001451393,1.963173E-09,6.130747E-06,0.003200093,0.001018534,0.000510675,0.002182299,0.005475181,0.01462668,0.0006026785,0.00186284,0.0003965887,0.006124938,0.01261113,0.002429083,0.01033782,0.0002429517,0.001600417,0.009029592,9.311977E-05,0.0004318826,0.000681131,1.657214E-05,0.003002042,0.0058252,0.001259416,0.0002433397,3.707524E-07,0.01842642,0.002042257,0.0004662082,0.004019462,0.08285392,0.03429963,0.06782871,0.02627885,0.02905202,0.00243785
404,0.0001835137,0.0004293664,6.272264E-05,0.0007528872,2.462031E-05,0.000232502,7.315435E-05,0.01628876,0.002658546,0.07149839,0.009148085,0.01125311,0.004407771,0.003542909,0.001570912,0.0001742335,1.424626E-06,8.361071E-05,5.919758E-05,0.0001928243,0.0008981031,0.002775282,1.148882E-09,0.0001444375,5.09892E-05,0.0004759054,0.00147895,1.818465E-09,5.974022E-06,0.003215221,0.001026181,0.0005154921,0.002226436,0.005166372,0.01398341,0.0005914029,0.0018701,0.0004002163,0.005895067,0.0124504,0.002315655,0.01011854,0.0002433849,0.001586911,0.009129014,9.585605E-05,0.0004326648,0.0006238439,1.709104E-05,0.002988919,0.007670878,0.001313484,0.0002809863,3.331073E-07,0.01742634,0.002016298,0.0004709546,0.004327425,0.08446638,0.03477607,0.06869306,0.02505801,0.0293609,0.002579984
405,0.000182986,0.0004304687,6.266947E-05,0.0007550583,2.46934E-05,0.0002307458,7.315867E-05,0.01637577,0.002676113,0.07191806,0.009174236,0.01125028,0.003983134,0.003573589,0.001571393,0.0001703109,1.083205E-06,6.577629E-05,6.020377E-05,0.0001977811,0.0009131741,0.002780489,1.157105E-09,0.0001459935,5.155971E-05,0.0004766258,0.001497779,1.565565E-09,5.604333E-06,0.003212042,0.001035806,0.0005213012,0.002276558,0.004834744,0.01317228,0.0005798517,0.001883184,0.0004026249,0.005510938,0.01215513,0.002178364,0.009781268,0.0002439926,0.001574416,0.009228148,9.913391E-05,0.000431444,0.000560254,1.938747E-05,0.002454796,0.007932034,0.001133495,0.0002644881,2.920574E-07,0.01628846,0.001962923,0.0004822502,0.004701834,0.08590823,0.03444192,0.06963571,0.02369756,0.02919431,0.00270934
406,0.0001827606,0.0004306358,6.266744E-05,0.0007571694,2.476834E-05,0.0002300147,7.314912E-05,0.01645317,0.002699296,0.07226356,0.009204551,0.01125448,0.003783374,0.003605799,0.001575697,0.000165265,8.413031E-07,3.430484E-05,5.984415E-05,0.0002002885,0.0009231702,0.002753364,1.145987E-09,0.0001468752,5.173692E-05,0.0004784668,0.0014924,1.168114E-09,5.030322E-06,0.003154453,0.001043669,0.0005277643,0.002326981,0.0045133,0.01226965,0.0005687376,0.001889872,0.0004063717,0.005180419,0.0117338,0.002052469,0.009397614,0.0002448778,0.001559443,0.009393456,0.0001023354,0.0004318313,0.0005017673,2.204326E-05,0.001959244,0.007071436,0.0008799868,0.0002199703,2.519764E-07,0.0151491,0.001932612,0.0004981927,0.005108003,0.08721941,0.03156789,0.07115584,0.02233422,0.02793913,0.00278617
407,0.0001823934,0.0004312127,6.275639E-05,0.0007591179,2.484454E-05,0.0002298091,7.306683E-05,0.01651615,0.002732408,0.07249881,0.00924126,0.01127543,0.003759626,0.003618698,0.001581588,0.000163933,8.273216E-07,2.888827E-05,5.883849E-05,0.0002032729,0.0009329177,0.002743805,1.129359E-09,0.0001474752,5.177977E-05,0.0004810342,0.001499206,1.034143E-09,4.468164E-06,0.003101795,0.001046673,0.0005339889,0.002374498,0.004471148,0.01207209,0.0005620557,0.001891131,0.0004121172,0.005148036,0.01139609,0.002028345,0.009150224,0.0002458248,0.001548122,0.009558819,0.0001052771,0.0004347367,0.0004827509,2.327282E-05,0.001889716,0.007804199,0.0008257497,0.0002141715,2.385675E-07,0.01527494,0.001946877,0.0005080498,0.00550798,0.08879741,0.02940635,0.07287367,0.02220133,0.02744948,0.002803431
408,9.52111E-05,0.0004565221,5.565919E-05,0.0007609266,2.104569E-05,0.0002300281,7.286627E-05,0.0165509,0.002770119,0.07268662,0.009288775,0.01130494,0.003876861,0.003395605,0.001622823,0.0001711522,7.60255E-07,3.87592E-05,5.786924E-05,0.0002032658,0.0006065549,0.00247284,1.139321E-09,0.0001486699,2.95216E-05,0.0004829812,0.001511207,1.672861E-09,4.533225E-06,0.001862908,0.001062029,0.0004260416,0.002403723,0.004613203,0.01236654,0.0005644058,0.001873436,0.0004173526,0.005322716,0.01145231,0.002067592,0.009173431,0.0002501298,0.001275616,0.009663017,0.0001070304,0.0004358143,0.0005033669,2.120397E-05,0.002385312,0.01077185,0.0009870677,0.0002579254,2.492173E-07,0.01587714,0.00197601,0.0005125148,0.00542107,0.1169832,0.04412322,0.07637246,0.02311664,0.02753115,0.00276057
409,9.550605E-05,0.000458286,5.608964E-05,0.0007627568,2.110512E-05,0.0002336314,7.266356E-05,0.01656872,0.002808534,0.07288698,0.009349996,0.01133814,0.004078174,0.003381423,0.001626153,0.0001678315,6.653173E-07,4.293198E-05,5.740207E-05,0.0002011125,0.0006151929,0.002478302,1.132065E-09,0.0001497841,2.985397E-05,0.0004828023,0.001489262,1.792414E-09,4.810374E-06,0.001881755,0.00106268,0.0004280817,0.002395949,0.004825077,0.01280738,0.000570332,0.001858295,0.0004154333,0.005509702,0.01155321,0.002133111,0.00931544,0.0002499708,0.001273724,0.009568177,0.0001067545,0.0004346713,0.0005385394,1.676434E-05,0.002088791,0.01052401,0.000913955,0.0002465367,2.680094E-07,0.01632903,0.002011492,0.000516856,0.005078471,0.1148143,0.04552579,0.07557745,0.02424934,0.02771586,0.002674409
410,9.574119E-05,0.0004624833,5.721723E-05,0.0007648526,2.11628E-05,0.0002396626,7.26131E-05,0.01658871,0.002846636,0.07318213,0.00943059,0.01137266,0.004392535,0.00337724,0.00161982,0.0001811246,5.945089E-07,4.221551E-05,5.779715E-05,0.000193455,0.000619791,0.002445764,1.097977E-09,0.0001499241,3.000625E-05,0.0004802895,0.001439263,1.490215E-09,4.716087E-06,0.001893402,0.001059226,0.0004231689,0.002339823,0.004946396,0.01301114,0.0005773056,0.001857792,0.0004060469,0.005519907,0.01151629,0.002210679,0.009473954,0.0002497951,0.001273794,0.00926442,0.0001036807,0.0004289536,0.0005763605,1.323848E-05,0.001691865,0.009381755,0.0008552259,0.0002301317,2.811088E-07,0.01623363,0.002054333,0.0005239499,0.004491569,0.1113848,0.0468193,0.07293479,0.02533204,0.02756195,0.002560739
411,9.554163E-05,0.000467491,5.815356E-05,0.0007671091,2.121918E-05,0.0002450814,7.265958E-05,0.01661494,0.002883208,0.07351336,0.009514595,0.01140619,0.004710069,0.003364433,0.001609269,0.0001976665,5.626529E-07,4.37158E-05,5.788005E-05,0.000182164,0.0006204239,0.002395474,1.043151E-09,0.0001489242,3.000997E-05,0.0004771704,0.001381393,1.158644E-09,4.428687E-06,0.001895163,0.00104524,0.0004128696,0.002253248,0.005089103,0.01326348,0.0005840159,0.001858113,0.0003942017,0.005447929,0.01138513,0.002288695,0.009599145,0.0002492621,0.001273848,0.008938554,9.886933E-05,0.0004217129,0.0006156446,8.622535E-06,0.001002503,0.005911261,0.0005311936,0.0001639863,2.972541E-07,0.01616138,0.002100052,0.0005273875,0.003804191,0.1075786,0.04750855,0.06972003,0.02623574,0.02690479,0.002460358
412,9.472196E-05,0.0004718109,5.84513E-05,0.0007693469,2.127456E-05,0.0002451002,7.268207E-05,0.01664234,0.002919789,0.07385802,0.009596773,0.01144148,0.004766982,0.003355857,0.00159839,0.0001906349,5.526815E-07,4.562975E-05,5.736495E-05,0.0001747781,0.0006237559,0.002359202,1.003575E-09,0.0001475686,3.012087E-05,0.0004743514,0.001337657,1.059494E-09,4.372438E-06,0.001908935,0.001034438,0.0004034944,0.002170612,0.005273946,0.01359529,0.0005905852,0.001857698,0.0003812134,0.005351731,0.01138354,0.002358084,0.009736718,0.0002485931,0.001273302,0.008671999,9.410745E-05,0.0004163392,0.0006467838,7.470619E-06,0.0006811756,0.004637913,0.000429992,0.0001187803,3.161838E-07,0.01633113,0.002143856,0.0005225896,0.003250424,0.1047932,0.04788758,0.06798393,0.02679643,0.02642404,0.002373485
413,9.456439E-05,0.0004761762,5.879092E-05,0.0007713781,2.132979E-05,0.0002404431,7.258404E-05,0.0166722,0.002957106,0.07425988,0.009678398,0.01147985,0.004722464,0.003357341,0.001599278,0.0001340359,5.041878E-07,4.775077E-05,5.70294E-05,0.0001735391,0.0006301401,0.002346632,9.741979E-10,0.0001453626,3.037324E-05,0.0004720796,0.0013198,1.316993E-09,4.645993E-06,0.00193138,0.001028012,0.0003964547,0.002107194,0.005426771,0.01392141,0.0005969679,0.001856298,0.0003743174,0.005462476,0.01147713,0.002396354,0.009859229,0.000248075,0.001272172,0.008631512,9.00524E-05,0.0004152033,0.0006698123,7.808982E-06,0.0007290862,0.005464699,0.0005238663,0.0001231229,3.355921E-07,0.01661214,0.002182925,0.0005115336,0.002924602,0.1020929,0.04798345,0.06711054,0.02716805,0.02606668,0.002322389
414,9.473364E-05,0.0004818037,5.931674E-05,0.0007733514,2.138536E-05,0.0002379404,7.24455E-05,0.01671368,0.002995305,0.07488313,0.009774156,0.01152117,0.004742738,0.003361192,0.001601004,0.0001217982,4.540488E-07,5.062082E-05,5.703613E-05,0.000175766,0.0006391481,0.002358661,9.793917E-10,0.0001438791,3.074051E-05,0.0004703246,0.001325096,1.704036E-09,5.021793E-06,0.001956407,0.001024992,0.0003921645,0.002077264,0.005537548,0.01421589,0.0006027435,0.001854136,0.0003756626,0.005657965,0.0115996,0.002402401,0.009952281,0.0002476493,0.001271344,0.008652203,8.777537E-05,0.0004142431,0.0006904102,1.036624E-05,0.0009187852,0.006404316,0.0007181897,0.0001696066,3.524532E-07,0.016977,0.002214273,0.0004987998,0.002831368,0.09987351,0.04826677,0.06643778,0.02756155,0.02586637,0.002335243
415,9.498171E-05,0.0004887817,5.990578E-05,0.0007754847,2.144503E-05,0.000237295,7.238689E-05,0.01680247,0.003039233,0.07580785,0.009847513,0.01159022,0.004726092,0.003383337,0.001606473,0.0001297833,5.029437E-07,6.00645E-05,5.711972E-05,0.0001825035,0.0006515712,0.002380818,1.019952E-09,0.0001432138,3.118928E-05,0.0004693711,0.001343456,1.84462E-09,5.251946E-06,0.001984126,0.00102626,0.0003911013,0.002081193,0.005361899,0.01403845,0.0005981206,0.001856745,0.0003789931,0.005740471,0.0116595,0.002330276,0.009964641,0.0002475509,0.001271646,0.008700049,8.789242E-05,0.0004147948,0.0006678,1.622109E-05,0.001256981,0.007476498,0.001024078,0.0002319345,3.410289E-07,0.01660377,0.002231961,0.0004930659,0.002936487,0.09907781,0.04923896,0.06641911,0.02695287,0.02607025,0.002414131
416,9.429117E-05,0.000489287,5.992205E-05,0.0007779465,2.151133E-05,0.0002344709,7.238534E-05,0.01690858,0.003033655,0.0764128,0.00979398,0.01162966,0.004199854,0.003430328,0.001604405,0.0001460028,5.655111E-07,6.488686E-05,5.750891E-05,0.0001894277,0.0006640659,0.002397171,1.057187E-09,0.0001423803,3.169362E-05,0.0004690675,0.001365356,1.845496E-09,5.421324E-06,0.00201082,0.001031458,0.000391439,0.002101161,0.005076568,0.01359448,0.0005881569,0.00186653,0.0003815571,0.005508543,0.01164216,0.002221718,0.009896557,0.0002478796,0.001272902,0.008755171,8.919891E-05,0.0004139656,0.0006042467,2.726139E-05,0.001647046,0.007643993,0.001301137,0.0002182843,3.149632E-07,0.01581423,0.002203773,0.0004933262,0.00313064,0.09949621,0.05065709,0.06677005,0.0258846,0.02666951,0.002539467
417,9.393068E-05,0.000487404,5.988603E-05,0.0007809795,2.158626E-05,0.0002317223,7.243339E-05,0.01701532,0.002991419,0.07688487,0.009730063,0.01158117,0.00395278,0.003463242,0.001599721,0.0001731628,5.898431E-07,6.163085E-05,5.852733E-05,0.000196296,0.0006765535,0.002410811,1.105741E-09,0.0001421569,3.221416E-05,0.0004692611,0.001388309,1.757531E-09,5.453867E-06,0.002033415,0.001038789,0.0003937832,0.002136574,0.004769157,0.01299618,0.0005781276,0.001877823,0.0003821303,0.005184622,0.01155436,0.002106647,0.009738299,0.0002483452,0.001275412,0.008803558,9.16199E-05,0.0004102264,0.0005500089,4.528763E-05,0.002354182,0.007640979,0.001620841,0.0002220448,2.864622E-07,0.0149488,0.002145363,0.0004999695,0.003418523,0.1003651,0.05173498,0.06725701,0.02469234,0.02724369,0.002666325
418,9.366358E-05,0.0004856683,5.967161E-05,0.0007836164,2.165596E-05,0.0002292975,7.242851E-05,0.01709639,0.003008394,0.07722996,0.009734513,0.01153965,0.003580743,0.003472107,0.001599614,0.0002045434,6.957411E-07,6.442636E-05,5.807506E-05,0.00020108,0.0006872528,0.002416816,1.151132E-09,0.0001436277,3.258388E-05,0.0004707689,0.001396588,1.379194E-09,4.980829E-06,0.002027455,0.001044996,0.0003981395,0.002181407,0.004458885,0.012195,0.0005678806,0.001880806,0.0003849963,0.004844169,0.01122894,0.001988375,0.009349669,0.0002485765,0.001276461,0.008935895,9.460716E-05,0.0004098695,0.0004897074,6.385843E-05,0.003022654,0.007248174,0.00180942,0.0002216047,2.528092E-07,0.01399292,0.002102263,0.0005116116,0.003802017,0.1010956,0.04908023,0.06853085,0.0233296,0.02687598,0.002765653
419,9.335612E-05,0.0004855873,5.966582E-05,0.0007858793,2.172471E-05,0.0002280559,7.232204E-05,0.0171624,0.003054236,0.07751158,0.009789386,0.01154485,0.003546343,0.003465649,0.00160452,0.000230434,1.03214E-06,5.016745E-05,5.662973E-05,0.0002051234,0.0006969694,0.002436634,1.171973E-09,0.0001445323,3.287263E-05,0.0004724547,0.001411008,1.323273E-09,4.538668E-06,0.002021063,0.001048717,0.0004029627,0.002225453,0.004425261,0.01199166,0.0005626172,0.001878981,0.0003906135,0.004823351,0.01092464,0.001965168,0.009035457,0.0002487238,0.001278782,0.009097177,9.756362E-05,0.0004135068,0.0004737797,7.200105E-05,0.003986914,0.007368152,0.002090909,0.000225086,2.379964E-07,0.01409821,0.002116927,0.0005162638,0.004205172,0.1021126,0.04649549,0.06999668,0.02319132,0.0269172,0.002808522
420,9.313667E-05,0.0004533729,6.288824E-05,0.0007879358,2.538775E-05,0.0002287879,7.209691E-05,0.01718871,0.003111276,0.07766496,0.009845279,0.01157095,0.003674374,0.003780222,0.001549218,0.0002694004,1.229758E-06,5.928349E-05,5.559171E-05,0.0002038493,0.0006196562,0.002610967,1.198008E-09,0.0001461731,3.325362E-05,0.000473311,0.001424021,1.726031E-09,6.840844E-06,0.002612279,0.00105793,0.0004501856,0.002249836,0.004572582,0.01226087,0.0005656659,0.001863211,0.0003955915,0.005007093,0.01096667,0.002001276,0.009023599,0.0002491631,0.001216848,0.00920122,9.931914E-05,0.0004162726,0.0004958502,7.399053E-05,0.00455188,0.007880587,0.002298855,0.0002241843,2.470074E-07,0.0146694,0.002150339,0.0005174032,0.003921519,0.1046862,0.05556733,0.0702351,0.02420179,0.02739341,0.002788323
421,9.313194E-05,0.000454672,6.316786E-05,0.0007899965,2.546188E-05,0.0002310961,7.187282E-05,0.01720127,0.003168746,0.07785975,0.009918762,0.01160542,0.00384295,0.003765597,0.001552337,0.0003121643,1.117478E-06,7.507193E-05,5.503874E-05,0.0002007507,0.000627171,0.002612904,1.20341E-09,0.000147201,3.359785E-05,0.0004731663,0.001409949,1.725416E-09,7.149556E-06,0.00262863,0.001059994,0.000451703,0.002245101,0.004785691,0.01267859,0.0005717462,0.001851577,0.0003938834,0.005205903,0.01108652,0.002061417,0.009141491,0.0002487288,0.001220401,0.009165366,9.919969E-05,0.0004178733,0.0005312823,7.337992E-05,0.005408667,0.009558413,0.002854659,0.0002649772,2.646657E-07,0.01529711,0.002189759,0.0005178866,0.00375831,0.1042281,0.05678721,0.07053602,0.02528889,0.02790854,0.002684866
422,9.320233E-05,0.0004579085,6.410306E-05,0.0007922648,2.553449E-05,0.0002358812,7.177011E-05,0.0172133,0.003222097,0.07810033,0.01000404,0.01164201,0.004093427,0.003754635,0.001551529,0.0003682971,1.000707E-06,8.176696E-05,5.524656E-05,0.0001920653,0.0006321539,0.002588212,1.186281E-09,0.0001477605,3.372858E-05,0.0004720009,0.001368165,1.461711E-09,7.039171E-06,0.002635535,0.001060474,0.0004476035,0.002204687,0.004985026,0.0130829,0.0005784968,0.00185094,0.0003856298,0.005268109,0.01106564,0.002135153,0.009318262,0.000248387,0.001224346,0.008904955,9.701526E-05,0.0004145325,0.0005707548,7.629531E-05,0.005283161,0.008881181,0.002817353,0.0002600648,2.829032E-07,0.01550108,0.002231862,0.0005203663,0.003403998,0.1026187,0.05806091,0.06885143,0.02626968,0.0279632,0.002548127
423,9.324806E-05,0.0004617904,6.493204E-05,0.0007946946,2.56062E-05,0.0002417592,7.175759E-05,0.01723281,0.003271261,0.07838506,0.01009118,0.01167874,0.004416053,0.003752132,0.001547411,0.0004895153,1.000965E-06,8.66741E-05,5.556009E-05,0.0001809286,0.0006340364,0.002531188,1.141749E-09,0.0001467557,3.378369E-05,0.0004706113,0.001319404,1.187762E-09,6.769367E-06,0.002638104,0.001057315,0.0004391923,0.002142294,0.005197239,0.01345001,0.0005853655,0.001858964,0.0003735081,0.005192495,0.01101345,0.002212623,0.009495167,0.0002481405,0.001227735,0.008598541,9.327805E-05,0.0004100457,0.0006119546,8.134003E-05,0.006811473,0.009911123,0.003577813,0.0003335877,3.041613E-07,0.01560359,0.002273222,0.0005191068,0.002980316,0.1006006,0.05873668,0.06693418,0.02697346,0.02777173,0.002434654
424,9.285175E-05,0.0004654767,6.533498E-05,0.0007970822,2.567727E-05,0.000241701,7.17326E-05,0.01725973,0.00331957,0.07872884,0.01017487,0.01172141,0.004475223,0.003734727,0.001547469,0.0005417751,1.05962E-06,9.141474E-05,5.490588E-05,0.0001706134,0.0006340056,0.002470373,1.084358E-09,0.0001454154,3.371561E-05,0.0004692141,0.001269652,9.701834E-10,6.401126E-06,0.002640437,0.001047291,0.0004275334,0.002066208,0.00540573,0.01381302,0.0005918716,0.001862438,0.0003635659,0.005213988,0.01091286,0.002282931,0.009654569,0.0002477618,0.001230119,0.008399346,8.885549E-05,0.0004082276,0.000644068,8.980418E-05,0.008301878,0.01241436,0.003877478,0.000392998,3.254842E-07,0.01593647,0.002309802,0.000510264,0.002598383,0.0988266,0.05887483,0.06535057,0.02742347,0.02734975,0.002375511
425,9.294852E-05,0.0004697413,6.589966E-05,0.0007993431,2.57494E-05,0.0002382071,7.162484E-05,0.01730272,0.003365143,0.07920659,0.0102545,0.01176488,0.004523902,0.003717137,0.001555394,0.0005714198,1.08059E-06,9.289986E-05,5.455976E-05,0.0001660189,0.0006387596,0.002453522,1.054916E-09,0.0001443221,3.378222E-05,0.0004680295,0.001249815,1.219189E-09,6.627361E-06,0.002660495,0.001040216,0.0004186534,0.002010153,0.005535719,0.01414582,0.0005975269,0.001860464,0.000364513,0.005402613,0.01100841,0.00232618,0.009789613,0.0002474115,0.001231988,0.008389555,8.522195E-05,0.0004090118,0.0006689035,9.864612E-05,0.008764801,0.01219092,0.003690563,0.00043142,3.433115E-07,0.01632054,0.002341658,0.0004969731,0.002470624,0.09723335,0.0586866,0.06462516,0.02772989,0.0270733,0.002350274
426,9.409108E-05,0.0004748988,6.708909E-05,0.0008015536,2.582332E-05,0.0002388572,7.148414E-05,0.01735789,0.003409666,0.07970891,0.01033048,0.01180128,0.004658794,0.003711538,0.001570112,0.0005054359,1.169779E-06,9.641462E-05,5.508122E-05,0.0001667007,0.0006475206,0.002464303,1.063188E-09,0.000143412,3.407578E-05,0.000467231,0.001260075,1.626827E-09,7.050016E-06,0.002684149,0.001037655,0.0004137733,0.001993118,0.005503248,0.01433473,0.0006015105,0.001860706,0.0003692414,0.005638523,0.01114233,0.002325846,0.009868538,0.0002472707,0.00123395,0.008401223,8.389818E-05,0.0004098479,0.0006932985,0.0001109766,0.008114073,0.01201942,0.003278451,0.0004646074,3.588326E-07,0.01667384,0.002373507,0.0004871628,0.002513781,0.09599012,0.05861463,0.06388582,0.0275879,0.02681219,0.00236322
427,9.509995E-05,0.0004818948,6.824385E-05,0.0008040858,2.590275E-05,0.0002403009,7.145992E-05,0.017457,0.003454291,0.08063857,0.01041172,0.01187661,0.004369773,0.003739279,0.001583929,0.0004780914,1.347288E-06,8.774398E-05,5.564642E-05,0.000174116,0.0006601366,0.002483209,1.11451E-09,0.0001427264,3.451112E-05,0.0004672076,0.001282952,1.770151E-09,7.193962E-06,0.00271395,0.001040653,0.0004137533,0.002011091,0.005242697,0.013975,0.0005928958,0.001869919,0.0003732863,0.005559586,0.01111191,0.002242984,0.009780126,0.0002475235,0.001236368,0.008392659,8.499942E-05,0.0004101106,0.0006372576,0.0001253975,0.006993173,0.01185924,0.002653468,0.0004617443,3.320587E-07,0.0159929,0.002369965,0.0004836797,0.002669934,0.09621318,0.05884894,0.06413767,0.02662903,0.02696733,0.002436605
428,9.43155E-05,0.0004840764,6.803201E-05,0.0008072747,2.599494E-05,0.0002370396,7.152116E-05,0.01757183,0.003438668,0.0814219,0.01043976,0.0119226,0.003977673,0.003775372,0.001585965,0.0004460486,9.768173E-07,7.695192E-05,5.636797E-05,0.0001817196,0.0006714326,0.002489812,1.132561E-09,0.0001401174,3.500768E-05,0.0004676727,0.001309582,1.81817E-09,7.439164E-06,0.002737538,0.001045159,0.0004139597,0.002035024,0.004950335,0.01351257,0.0005825441,0.001881834,0.0003742351,0.005281022,0.01109772,0.002140698,0.009709038,0.0002476779,0.001239293,0.008393866,8.668717E-05,0.0004068667,0.0005762912,0.0001373548,0.007800492,0.01443761,0.002530936,0.0005313353,3.052297E-07,0.01520074,0.00232192,0.0004849062,0.002824806,0.09730729,0.05994638,0.06458385,0.02558364,0.02749504,0.002567517
429,9.337248E-05,0.0004838608,6.775331E-05,0.0008108806,2.609664E-05,0.0002337971,7.159572E-05,0.01768107,0.00340088,0.08213645,0.01041707,0.01186057,0.003763368,0.003781528,0.001582468,0.0004380903,8.622594E-07,6.003788E-05,5.705746E-05,0.0001903868,0.0006829947,0.002502579,1.163905E-09,0.0001395011,3.551445E-05,0.0004684656,0.001337671,1.784743E-09,7.57881E-06,0.002759545,0.001050492,0.0004156461,0.002067196,0.004649479,0.01300849,0.0005726444,0.001886307,0.0003742781,0.004956395,0.01108826,0.002032404,0.009631604,0.0002477749,0.001242825,0.008425681,8.912128E-05,0.0004029062,0.0005283556,0.0001385646,0.007567195,0.01450553,0.002068325,0.0005225591,2.747032E-07,0.01433011,0.002245725,0.0004916163,0.003051086,0.09899504,0.06161485,0.06531481,0.02454901,0.02822714,0.002726216
430,9.275108E-05,0.0004832279,6.745052E-05,0.0008140268,2.619271E-05,0.0002312743,7.15917E-05,0.0177715,0.003405857,0.08262428,0.01039323,0.01182107,0.003527201,0.003787256,0.00158343,0.0004284697,7.326231E-07,5.770378E-05,5.630469E-05,0.0001960852,0.0006926292,0.002505176,1.205798E-09,0.0001400633,3.586532E-05,0.0004700298,0.001351566,1.472888E-09,7.041121E-06,0.002750983,0.001057219,0.0004201255,0.002110149,0.004365427,0.01230206,0.0005626674,0.001892501,0.0003774076,0.004677964,0.01078799,0.001935069,0.009248129,0.0002479167,0.00124638,0.008550044,9.222782E-05,0.0004034716,0.000482952,0.0001359945,0.007518016,0.01483732,0.001856872,0.0005353473,2.418213E-07,0.013518,0.00220388,0.0005027085,0.00338802,0.1009091,0.06001019,0.06682263,0.02324864,0.02819731,0.002859959
431,9.209906E-05,0.0004829582,6.720769E-05,0.0008166963,2.628361E-05,0.0002286436,7.149058E-05,0.01783117,0.003461065,0.08280654,0.01042086,0.01183462,0.00351429,0.003772402,0.001587006,0.000401529,9.709154E-07,4.706744E-05,5.489046E-05,0.0001996887,0.000701909,0.002527449,1.226904E-09,0.0001410825,3.611484E-05,0.0004726049,0.00137058,1.461887E-09,6.43901E-06,0.002737365,0.001060013,0.0004255884,0.002154067,0.004370631,0.01220205,0.0005584297,0.001884415,0.0003829447,0.004698541,0.01062719,0.001927833,0.00903313,0.0002481405,0.001251246,0.008706707,9.518742E-05,0.0004075964,0.0004690536,0.0001302291,0.007168283,0.01616328,0.001705048,0.0005216634,2.282148E-07,0.01366462,0.002209389,0.0005065829,0.003764986,0.1027955,0.0579234,0.06836461,0.02337543,0.02852902,0.002913035
432,5.472336E-05,0.0004847226,6.775705E-05,0.0008191557,2.63704E-05,0.0002299954,7.129723E-05,0.01786956,0.003536438,0.08302749,0.0104871,0.01186975,0.003666494,0.003597614,0.001627568,0.0003521996,1.222553E-06,6.145633E-05,5.430612E-05,0.0001999322,0.0009266457,0.002550425,1.252176E-09,0.000142425,3.640693E-05,0.0004758299,0.0013925,1.830208E-09,7.65353E-06,0.002675066,0.001053096,0.0004376245,0.002195135,0.004517149,0.01249024,0.000561417,0.001866287,0.0003887046,0.004897506,0.01072313,0.001972635,0.009045047,0.00024615,0.001391295,0.008806506,9.751724E-05,0.0004105466,0.000491986,0.000119872,0.00638867,0.01735499,0.001593183,0.0004951011,2.393652E-07,0.01426782,0.002230673,0.0005090814,0.004362915,0.09430293,0.0468268,0.0692172,0.02446217,0.02903741,0.002878204
433,5.515336E-05,0.0004880998,6.851011E-05,0.0008215956,2.6456E-05,0.0002327307,7.107868E-05,0.01789539,0.003609756,0.08334139,0.01057724,0.01191592,0.003839726,0.003575181,0.001642245,0.0003289615,1.169565E-06,7.903857E-05,5.421165E-05,0.0002011782,0.0009360575,0.002579473,1.272203E-09,0.0001441683,3.676636E-05,0.0004776948,0.001407858,2.041743E-09,8.313624E-06,0.002694809,0.001055614,0.0004423164,0.002224374,0.004703951,0.01291433,0.000567796,0.001849758,0.0003920819,0.005149296,0.01093009,0.002034107,0.009168883,0.0002459171,0.001393101,0.008869566,9.918318E-05,0.0004124623,0.0005264801,0.0001034348,0.006274478,0.01930618,0.001727878,0.0005402703,2.584952E-07,0.01499148,0.002254402,0.0005111904,0.004463833,0.09521299,0.04800521,0.07037552,0.02572903,0.02948623,0.002788262
434,5.564299E-05,0.0004932118,6.966756E-05,0.0008241871,2.654122E-05,0.0002373592,7.094344E-05,0.01791879,0.00367772,0.08377116,0.01068719,0.01196537,0.004077075,0.003559066,0.00164703,0.0002964756,1.078301E-06,7.369507E-05,5.471416E-05,0.0002013636,0.0009442702,0.002595394,1.277926E-09,0.0001457875,3.716883E-05,0.0004773156,0.001401044,1.956675E-09,8.798651E-06,0.002714263,0.001059152,0.0004454365,0.002231742,0.004856288,0.01336579,0.0005752876,0.001840649,0.0003858785,0.005244846,0.01116161,0.002090507,0.009362167,0.0002456924,0.001393964,0.008701881,9.9746E-05,0.0004110031,0.0005662286,9.540057E-05,0.005571493,0.01878791,0.001639787,0.0005306537,2.801858E-07,0.01542271,0.002281686,0.0005151128,0.00426135,0.09579458,0.04935365,0.07042766,0.02675809,0.02977445,0.002674839
435,5.582404E-05,0.000496058,6.984387E-05,0.0008268382,2.662681E-05,0.000238673,7.084019E-05,0.01792754,0.003733852,0.08393764,0.01077503,0.01200653,0.004255558,0.003543605,0.001649013,0.0003130778,1.09847E-06,6.880614E-05,5.48105E-05,0.0002025805,0.0009499427,0.00259448,1.26623E-09,0.0001470272,3.758864E-05,0.0004755745,0.001395506,1.770707E-09,9.089041E-06,0.002731693,0.001062358,0.000446671,0.00222426,0.005052219,0.01379891,0.0005825785,0.001833973,0.000375027,0.005246453,0.01139583,0.002156308,0.009544107,0.0002453336,0.001393576,0.008533102,9.919563E-05,0.0004097373,0.0006013079,8.795394E-05,0.006565133,0.02232203,0.001941936,0.0006645744,3.037788E-07,0.01587432,0.002310379,0.0005145776,0.00397032,0.09617245,0.05034461,0.07025641,0.02749754,0.02993169,0.002574851
436,5.611542E-05,0.0004998672,7.020987E-05,0.0008294638,2.671199E-05,0.0002383528,7.072752E-05,0.01794419,0.003792646,0.08428331,0.01086368,0.01205988,0.00438102,0.003525651,0.001656667,0.0002685451,1.011024E-06,6.579607E-05,5.488586E-05,0.0002055296,0.0009561267,0.002598867,1.254793E-09,0.000148202,3.796865E-05,0.0004733817,0.001399612,1.736948E-09,9.485741E-06,0.002752119,0.001064371,0.0004465567,0.002208627,0.005223975,0.01420837,0.000589505,0.001823822,0.0003677961,0.005384527,0.01162406,0.002211007,0.009712137,0.0002448169,0.001392832,0.008510517,9.786049E-05,0.0004106351,0.0006318216,8.162564E-05,0.005375091,0.02019492,0.001687533,0.0005659526,3.282815E-07,0.0164146,0.002337615,0.0005092471,0.003752421,0.09665506,0.05108717,0.0704431,0.0280761,0.02997109,0.002515384
437,5.66781E-05,0.0005061989,7.127351E-05,0.0008320953,2.679759E-05,0.0002404071,7.061865E-05,0.0179772,0.003851279,0.08491527,0.01098697,0.01211686,0.004535817,0.003514104,0.001667396,0.0002288831,9.870168E-07,7.088506E-05,5.545838E-05,0.0002066453,0.0009646541,0.002624391,1.252233E-09,0.0001492748,3.835859E-05,0.0004714019,0.001411754,1.870557E-09,9.98714E-06,0.002774614,0.001067571,0.000446679,0.002204965,0.005337616,0.01461337,0.0005962088,0.001816036,0.0003676425,0.005607252,0.01185,0.002246205,0.009874932,0.0002444464,0.001392676,0.008535213,9.714262E-05,0.000411082,0.0006614037,7.419632E-05,0.004631805,0.01652405,0.001458605,0.000468795,3.519421E-07,0.01698965,0.002365608,0.0005030244,0.003723321,0.09702092,0.05172355,0.07040055,0.02865288,0.02988377,0.002488186
438,5.730425E-05,0.0005151836,7.281763E-05,0.0008347985,2.688502E-05,0.0002450449,7.055293E-05,0.0180387,0.00391058,0.08593224,0.01110816,0.01220782,0.004733653,0.003519093,0.001681644,0.0002201763,9.319472E-07,7.236339E-05,5.630582E-05,0.0002099022,0.0009743029,0.002649109,1.254283E-09,0.0001502398,3.876882E-05,0.0004699794,0.001429752,1.941723E-09,1.030905E-05,0.002797691,0.001073372,0.0004475783,0.002218215,0.005323889,0.01490945,0.0006010715,0.001814765,0.0003706898,0.005836169,0.01206227,0.002252806,0.009996768,0.0002444534,0.001393302,0.008555957,9.766802E-05,0.000410934,0.000686041,6.716537E-05,0.004286029,0.01478503,0.001537818,0.0004330297,3.690616E-07,0.0175461,0.002383839,0.000498981,0.003842689,0.09747706,0.0526142,0.07022479,0.02888583,0.02984886,0.00251898
439,5.783241E-05,0.0005259889,7.468908E-05,0.0008378138,2.69786E-05,0.0002515975,7.062603E-05,0.01817247,0.00395825,0.087349,0.0112465,0.01231085,0.004492509,0.003546642,0.00169601,0.0002166531,7.877683E-07,6.594023E-05,5.725748E-05,0.0002156838,0.0009882882,0.002678395,1.270674E-09,0.0001520086,3.924377E-05,0.0004694384,0.001450327,1.870297E-09,1.04161E-05,0.002828935,0.001082087,0.0004503157,0.002251341,0.005071365,0.01460652,0.0005929726,0.001820148,0.0003732404,0.005755646,0.01209176,0.002170346,0.009947949,0.0002448987,0.001395739,0.008529472,9.961914E-05,0.0004105867,0.0006365823,6.540758E-05,0.003675139,0.0125568,0.001565815,0.0003820989,3.430922E-07,0.01692969,0.002378761,0.0005010175,0.004113656,0.09874138,0.05338672,0.07085738,0.02811257,0.03011387,0.002616476
440,5.769811E-05,0.0005300008,7.485013E-05,0.0008417729,2.70886E-05,0.0002499323,7.080774E-05,0.0183152,0.00392817,0.08836211,0.01125547,0.0123447,0.003982489,0.003587638,0.001694719,0.0002087226,5.0129E-07,3.899009E-05,5.858699E-05,0.0002208298,0.001001333,0.002698101,1.279369E-09,0.0001533156,3.976182E-05,0.0004697266,0.001469134,1.740333E-09,1.031682E-05,0.002854838,0.001093228,0.0004545928,0.002296035,0.004766899,0.01402801,0.0005831492,0.001833639,0.0003728936,0.005447958,0.01200881,0.002057709,0.009772334,0.0002458557,0.001398682,0.008511906,0.0001025282,0.0004068686,0.0005740641,6.488334E-05,0.002535367,0.008469985,0.001327168,0.0002768883,3.086348E-07,0.01600683,0.00232012,0.0005081298,0.004485188,0.0998158,0.05394124,0.07140981,0.02699661,0.03057276,0.002742914
441,5.75347E-05,0.0005290656,7.415258E-05,0.0008460596,2.720315E-05,0.0002448084,7.101706E-05,0.01843511,0.00387625,0.08899902,0.01116352,0.01226475,0.003619102,0.003619019,0.001687404,0.0001760539,2.473625E-07,2.417032E-05,5.978569E-05,0.0002265382,0.001012909,0.002709981,1.28316E-09,0.0001548561,4.025061E-05,0.000470699,0.001481112,1.523146E-09,9.781387E-06,0.0028669,0.001105676,0.000459891,0.002347249,0.004459172,0.01326508,0.000573459,0.001852859,0.0003717511,0.005081739,0.01175761,0.001939276,0.009457515,0.0002469382,0.001401393,0.008533374,0.0001061686,0.0004023302,0.0005219747,6.405602E-05,0.001236032,0.003888584,0.000760226,0.0001210452,2.72154E-07,0.01499567,0.002237234,0.0005207625,0.004945721,0.1008921,0.05363401,0.07228589,0.02563673,0.03073692,0.002864788
442,5.80816E-05,0.000528031,7.445322E-05,0.0008499211,2.73099E-05,0.0002455623,7.118508E-05,0.01853434,0.003883965,0.08937915,0.01111254,0.01218643,0.00323948,0.00364483,0.001693879,0.0001768721,2.543153E-07,1.855662E-05,5.984456E-05,0.0002248184,0.001019686,0.002687545,1.267856E-09,0.0001552422,4.039764E-05,0.0004723261,0.001459355,1.184806E-09,8.897008E-06,0.002836978,0.001116336,0.0004658369,0.002391632,0.004168641,0.01237875,0.0005637197,0.001868621,0.0003719635,0.004727491,0.01138287,0.001824685,0.009078494,0.0002480426,0.001394275,0.008617312,0.0001094508,0.0003998608,0.0004725544,6.30751E-05,0.0009095665,0.002804706,0.0006295637,9.914271E-05,2.362022E-07,0.01399933,0.002174692,0.0005396642,0.005398716,0.1002783,0.04944177,0.07280635,0.02420591,0.02915361,0.002943874
443,5.828021E-05,0.0005263208,7.4186E-05,0.0008532371,2.741262E-05,0.0002434406,7.123419E-05,0.01858321,0.003944999,0.08916886,0.0111127,0.0121668,0.003257329,0.003646574,0.001696218,0.0001898663,5.02213E-07,1.593439E-05,5.867919E-05,0.0002248579,0.001028065,0.002699644,1.258582E-09,0.0001570091,4.046222E-05,0.0004743366,0.001453324,1.064223E-09,8.034635E-06,0.0028115,0.001121497,0.0004715166,0.002435154,0.004054158,0.01209029,0.0005560771,0.001872605,0.0003762363,0.004603805,0.01107634,0.001791569,0.008827757,0.0002486157,0.001393171,0.008743974,0.0001125265,0.0004033796,0.0004501625,5.738561E-05,0.001062729,0.002969677,0.0006993011,9.662953E-05,2.170355E-07,0.01410094,0.002171169,0.0005551581,0.005886705,0.1010543,0.04538496,0.07455466,0.02366899,0.02815808,0.002986354
444,5.808465E-05,0.0005260569,7.375393E-05,0.0008562633,2.751041E-05,0.0002405665,7.1145E-05,0.01860874,0.00402629,0.08909195,0.01116212,0.01219607,0.003492106,0.003628551,0.001696055,0.0001955224,7.205541E-07,2.220952E-05,5.703305E-05,0.0002229074,0.001035749,0.002726404,1.244048E-09,0.0001584728,4.069009E-05,0.0004773505,0.001462326,1.593572E-09,7.713968E-06,0.002819483,0.001122474,0.0004765637,0.002472112,0.004170708,0.0123793,0.0005573665,0.00185406,0.0003816682,0.004762222,0.01114119,0.001830401,0.00886019,0.0002484866,0.001395033,0.008860713,0.0001149207,0.0004071828,0.0004706089,4.80952E-05,0.001658641,0.003993949,0.0009969138,0.0001164886,2.282019E-07,0.01482404,0.002195641,0.0005632261,0.006280758,0.1019501,0.0451255,0.07620084,0.02458105,0.02835272,0.002967553
