TimeStep,"Blacktip Shark|Blacktip shark","Dusky Shark|Dusky shark","Sandbar Shark|Sandbar shark","Large Coastal Sharks|Large coastal sharks","Large Oceanic Sharks|Large oceanic sharks","Atlantic Sharpnose Shark|Atlantic sharpnose shark","Small Coastal Sharks|Small coastal sharks","Yellowfin Tuna|Yellowfin tuna","Bluefin Tuna|Bluefin tuna","Other Tunas|Other tunas",Billfish|Billfish,Swordfish|Swordfish,"Pelagic Coastal Piscivores|Pelagic coastal piscivores",Amberjack|Amberjack,Cobia|Cobia,"King Mackerel (0-1)|King mackerel (0-1yr)","King Mackerel (1+)|King mackerel (1+yr)","Spanish Mackerel (0-1)|Spanish mackerel (0-1yr)","Spanish Mackerel (1+)|Spanish mackerel (1+yr)",Skates-rays|Skates-rays,"Gag grouper (0-3yr)|Gag grouper (0-3yr)","Gag grouper (3+yr)|Gag grouper (3+yr)","Red grouper (0-3yr)|Red grouper (0-3yr)","Red grouper (3+yr)|Red grouper (3+yr)","Yellowedge grouper (0-3yr)|Yellowedge grouper (0-3yr)","Yellowedge grouper (3+yr)|Yellowedge grouper (3+yr)","Goliath grouper|Goliath grouper","Deep-water grouper|Deep-water grouper","Shallow-water grouper|Shallow-water grouper","Red snapper (0yr)|Red snapper (0yr)","Red snapper (1-2yr)|Red snapper (1-2yr)","Red snapper (3+yr)|Red snapper (3+yr)","Vermilion snapper|Vermilion snapper","Mutton snapper|Mutton snapper","Other snapper|Other snapper","Inshore coastal piscivores|Inshore coastal piscivores","Sea trout|Sea trout","Oceanic piscivores|Oceanic piscivores","Benthic piscivores|Benthic piscivores","Reef piscivores|Reef piscivores","Reef invertebrate feeders|Reef invertebrate feeders","Demersal coastal invertebrate feeders|Demersal coastal invertebrate feeders","Red drum|Red drum","Benthic coastal invertebrate feeders|Benthic coastal invertebrate feeders",Tilefish|Tilefish,"Gray triggerfish|Gray triggerfish","Coastal omnivores|Coastal omnivores","Reef omnivores|Reef omnivores","Surface pelagics|Surface pelagics",Sardine-herring-scad|Sardine-herring-scad,"Menhaden (0yr)|Menhaden (0yr)","Menhaden (1yr)|Menhaden (1yr)","Menhaden (2yr)|Menhaden (2yr)","Menhaden (3yr)|Menhaden (3yr)","Menhaden (4yr)|Menhaden (4yr)",Anchovy-silverside-killifish|Anchovy-silverside-killifish,Mullet|Mullet,Butterfish|Butterfish,Cephalopod|Cephalopod,"Pink shrimp|Pink shrimp","Brown shrimp|Brown shrimp","White shrimp|White shrimp",Crab|Crab,"Sessile epifauna|Sessile epifauna","Mobile epifauna|Mobile epifauna",Zooplankton|Zooplankton
1,0.0005820993,0.0001106966,9.09803E-05,0.001028147,1.41818E-06,0.003575829,0.000244841,0.003696035,2.708939E-05,0.002993147,0.0007517507,0.005756177,0.005566649,0.004487289,0.001658572,0,0.001584753,1.412407E-05,0.0001902466,6.834531E-05,0.0001989481,0.001483711,0,0.001724031,2.210931E-09,0.0003918119,4.353621E-05,0.0005389758,0.001838469,0.0002304805,0.0005786716,0.003148404,0.005753724,0.0008515589,0.003019025,0.006417119,0.01866788,0.0005064195,0.002215901,0.0004534744,0.00664708,0.01575186,0.003232554,0.01623851,3.713651E-05,0.005936139,0.0108056,0.0001328621,0.0004449411,0.0005246169,0.0001992021,0.01299231,0.006427045,0.0006546635,4.059313E-05,2.903963E-07,0.01986937,0.003892557,0.0005184555,0.01818898,0.1207534,0.05643777,0.08682941,0.02652897,0.03123755,0.00275817
2,0.000582289,0.0001106104,9.155132E-05,0.001028214,1.417113E-06,0.003621373,0.0002448038,0.003708962,2.758477E-05,0.003025354,0.0007524395,0.005773681,0.00585177,0.004481794,0.001644306,0,0.001482058,1.411947E-05,0.0002061339,6.863402E-05,0.0001932419,0.001476075,0,0.001700885,2.181592E-09,0.000402273,4.202114E-05,0.0005369463,0.001794795,0.0001970116,0.0005743313,0.003136389,0.005754796,0.0008457587,0.002963831,0.006686079,0.01923309,0.0005152487,0.002214162,0.0004448018,0.006755676,0.01592926,0.003343275,0.01662468,3.698998E-05,0.005918513,0.01055984,0.0001299769,0.0004423138,0.0005656558,0.0001733319,0.01324892,0.006452897,0.0006158074,4.27834E-05,3.128477E-07,0.02021871,0.003929022,0.0005195572,0.01623545,0.1189689,0.05763429,0.08496512,0.02755618,0.03133963,0.002634896
3,0.0005800953,0.0001106903,9.219223E-05,0.001028529,1.415961E-06,0.00364772,0.0002450166,0.003723319,2.805453E-05,0.003060052,0.0007540495,0.005790755,0.006101716,0.004471106,0.001622263,0,0.001590951,1.405875E-05,0.0002167982,6.875929E-05,0.0001878731,0.001464021,0,0.001665542,2.108517E-09,0.0003984706,4.123097E-05,0.0005342764,0.001738745,0.0001615992,0.000557269,0.003120871,0.005755919,0.0008305831,0.002880057,0.006959361,0.01979053,0.0005239305,0.002219281,0.0004323239,0.006727812,0.01608056,0.003454619,0.01702096,3.689999E-05,0.005920635,0.01024202,0.0001254504,0.0004379073,0.0006052336,0.0001576606,0.01584241,0.007572158,0.0006593817,5.185032E-05,3.361988E-07,0.02054692,0.003969453,0.0005167946,0.01406648,0.1170332,0.05825247,0.08292484,0.02827881,0.03112951,0.002517853
4,0.0005779885,0.0001108354,9.268468E-05,0.001028697,1.414752E-06,0.00361976,0.0002451109,0.003739281,2.852807E-05,0.003098246,0.0007559415,0.005808797,0.006172174,0.004453397,0.001615724,0,0.001742906,1.389616E-05,0.0002259825,6.862759E-05,0.0001859277,0.001456077,0,0.001644793,2.053438E-09,0.0003956318,4.112628E-05,0.0005316502,0.001698641,0.0001552112,0.0005645139,0.003118478,0.005747946,0.0008145435,0.00279775,0.007189997,0.02028653,0.0005324513,0.002220626,0.0004206472,0.006785468,0.01630202,0.003550112,0.01737941,3.681108E-05,0.005925223,0.01009077,0.0001208312,0.0004367012,0.0006371847,0.0001426504,0.01898118,0.009073869,0.0007282977,6.443776E-05,3.603223E-07,0.02101757,0.004006975,0.0005073859,0.01239984,0.1150109,0.05828062,0.08203046,0.02869536,0.03078062,0.002431057
5,0.0005790505,0.0001111456,9.334047E-05,0.001028586,1.41351E-06,0.003596616,0.0002449889,0.003756997,2.900519E-05,0.003140257,0.000758266,0.005827466,0.006263711,0.004436396,0.001624813,0,0.001758171,1.351403E-05,0.0002368219,6.886449E-05,0.0001854436,0.001455648,0,0.001656224,2.047625E-09,0.0003933706,4.17395E-05,0.0005293229,0.001692179,0.0001998064,0.0006073487,0.00312338,0.005732823,0.0008028337,0.002744661,0.007358633,0.02073492,0.0005408786,0.00221853,0.0004188438,0.00702754,0.01654258,0.003624932,0.01768473,3.672564E-05,0.005929212,0.01010222,0.0001172986,0.0004371978,0.0006655422,0.0001295983,0.018491,0.009048413,0.000720073,7.194566E-05,3.839939E-07,0.0215332,0.0040412,0.0004951032,0.01165878,0.1131793,0.05817108,0.08134268,0.02911426,0.03040829,0.002397918
6,0.000582478,0.0001117667,9.430293E-05,0.001028371,1.412262E-06,0.003602738,0.0002448292,0.003779366,2.95575E-05,0.003193372,0.0007604745,0.005852751,0.006422149,0.004422508,0.001636899,0,0.001755188,1.538283E-05,0.0002629087,6.938017E-05,0.0001867227,0.001458906,0,0.001674195,2.073148E-09,0.0003914916,4.267155E-05,0.000527424,0.001708952,0.0002348941,0.0006397145,0.003129107,0.005718497,0.000796637,0.002734676,0.007392866,0.02102698,0.0005484382,0.002216496,0.000423826,0.007317081,0.01678139,0.003640912,0.01791567,3.665506E-05,0.005934346,0.01016198,0.0001163251,0.0004374126,0.0006904944,0.000119547,0.01763877,0.008986156,0.0007145676,7.926874E-05,4.059839E-07,0.02206311,0.004068564,0.0004849539,0.01164941,0.1123341,0.05850513,0.08070686,0.0292567,0.03018844,0.002426345
7,0.0005855166,0.0001124322,9.498754E-05,0.001028508,1.411228E-06,0.003612442,0.0002449473,0.003813052,3.005219E-05,0.003252956,0.0007623205,0.005884751,0.006252278,0.004427552,0.001647879,0,0.001782394,1.456172E-05,0.0002664345,6.988835E-05,0.0001911038,0.001473411,0,0.001700565,2.118933E-09,0.0003912736,4.377659E-05,0.000526382,0.001736385,0.0002415444,0.0006517575,0.003145436,0.005714155,0.0007966396,0.002759976,0.007080858,0.02055694,0.0005406983,0.002220744,0.0004307473,0.007296809,0.01683349,0.003520254,0.01788481,3.662309E-05,0.005943305,0.01025075,0.0001176474,0.0004401232,0.0006514625,0.0001142457,0.01691119,0.008961347,0.0007201302,8.652341E-05,3.827894E-07,0.02137575,0.004073707,0.0004826343,0.01225678,0.113264,0.0592684,0.08114661,0.02832986,0.0304092,0.002519539
8,0.0005847706,0.0001126381,9.50549E-05,0.001028971,1.410332E-06,0.003598999,0.0002452657,0.00384731,3.021093E-05,0.003301839,0.0007626413,0.005899308,0.005611115,0.004444407,0.001648325,0,0.00177816,1.087553E-05,0.000246456,7.095157E-05,0.0001952895,0.001486454,0,0.001720282,2.151396E-09,0.0003891936,4.481386E-05,0.0005260418,0.001765647,0.0002305656,0.0006451494,0.003150645,0.005720164,0.0008007307,0.002804156,0.006661264,0.01972925,0.0005297215,0.002231627,0.00043516,0.006927509,0.01674632,0.003342348,0.0176544,3.663264E-05,0.00595597,0.01032248,0.0001203548,0.0004401087,0.0005816442,0.0001141749,0.01764413,0.009071584,0.0007518161,9.588416E-05,3.416354E-07,0.02023367,0.004011886,0.000486765,0.01326795,0.1150009,0.05985418,0.08200956,0.02702418,0.03082422,0.002645439
9,0.0005820136,0.0001121462,9.472456E-05,0.001029687,1.40961E-06,0.00356765,0.0002457222,0.00387378,3.010047E-05,0.003333028,0.0007607586,0.005881281,0.005102158,0.004462544,0.001642165,0,0.001768428,9.3827E-06,0.0001603673,7.254218E-05,0.0001998219,0.001495953,0,0.001730158,2.172716E-09,0.0003859442,4.558435E-05,0.0005263182,0.001790625,0.0002069213,0.0006145901,0.003136043,0.005733846,0.0008074144,0.002858342,0.006231621,0.01868375,0.0005190484,0.00224926,0.0004370017,0.006471582,0.01647537,0.003150918,0.01720066,3.667076E-05,0.005968454,0.01037704,0.0001239354,0.0004368419,0.0005242132,0.000119314,0.01780823,0.008565878,0.0007420692,9.842135E-05,2.99529E-07,0.01897282,0.003905134,0.0004973021,0.01460688,0.1164792,0.05967302,0.08287887,0.0256242,0.03097822,0.002769992
10,0.0005800346,0.0001112147,9.422555E-05,0.001030164,1.409016E-06,0.003541945,0.0002460047,0.003893967,3.016961E-05,0.003356718,0.0007585191,0.005869278,0.004803749,0.004467889,0.001645648,0,0.001726327,9.260138E-06,0.0001279233,7.199281E-05,0.0002042102,0.001501114,0,0.001728788,2.183701E-09,0.0003845534,4.557139E-05,0.0005276094,0.001799217,0.000167206,0.000553002,0.00307037,0.005754444,0.0008160263,0.002915816,0.005819535,0.01753723,0.0005086013,0.002264336,0.0004413952,0.006083516,0.01596092,0.002982139,0.01652185,3.670577E-05,0.005976279,0.01051905,0.0001277275,0.0004378576,0.0004702031,0.0001289776,0.01649491,0.007718825,0.0007188216,9.718662E-05,2.58748E-07,0.01778807,0.003831943,0.0005117265,0.01628709,0.1184001,0.05652473,0.0847575,0.02417167,0.03036185,0.002862735
11,0.000578029,0.0001104641,9.394345E-05,0.001030246,1.408503E-06,0.003527963,0.0002460125,0.003912957,3.058783E-05,0.003383609,0.0007569349,0.005877058,0.0048868,0.004451836,0.001652129,0,0.001619058,1.16302E-05,0.0001031273,7.060003E-05,0.0002064486,0.001502614,0,0.001741137,2.174109E-09,0.0003838902,4.571264E-05,0.0005297074,0.001817188,0.0001717017,0.0004910188,0.003026998,0.00576701,0.0008247983,0.002969227,0.005806445,0.01735074,0.0005043363,0.002259523,0.0004483618,0.006108383,0.01562872,0.002962832,0.01614541,3.6732E-05,0.005990129,0.01067954,0.0001310494,0.0004418551,0.0004605872,0.0001360505,0.01529612,0.006606008,0.0006427068,8.711323E-05,2.528211E-07,0.01804206,0.003833237,0.0005173606,0.0179893,0.1206498,0.05460127,0.08654316,0.02430101,0.03045817,0.002893161
12,0.0005761941,0.0001282432,0.0004275259,0.001030044,2.222827E-06,0.004362502,0.000245707,0.003926204,3.117457E-05,0.003412562,0.0007560443,0.005891962,0.005086524,0.002849136,0.001444387,0,0.00140817,1.297422E-05,0.0001898772,6.968893E-05,0.000204981,0.001424208,0,0.001749702,2.179183E-09,0.001238642,0.0001534377,0.0005315769,0.001839929,0.0002198,0.0004774597,0.003143183,0.006308213,0.0007883403,0.003013422,0.005988311,0.01773542,0.0005094727,0.00224416,0.0004552953,0.006356431,0.01575561,0.003022602,0.01623228,0.0003292045,0.01254849,0.01080493,0.0001333334,0.0004443768,0.0004871399,0.0001373744,0.01054976,0.004909598,0.0004483956,6.110516E-05,2.684041E-07,0.01880464,0.003857667,0.0005181235,0.01903075,0.1252627,0.05009858,0.08969367,0.02537044,0.03086595,0.002852844
13,0.00057702,0.0001277783,0.0004236097,0.001029832,2.221497E-06,0.004397766,0.0002453573,0.003936965,3.177857E-05,0.003443728,0.0007561435,0.005908992,0.005325037,0.002853678,0.001451496,0,0.001322114,1.390927E-05,0.0002295653,6.932329E-05,0.0002021527,0.001425107,0,0.001754597,2.171561E-09,0.001186168,0.0001399217,0.0005315386,0.001835207,0.000224724,0.0005113417,0.003142374,0.006296383,0.0007935965,0.003015812,0.006245787,0.01831059,0.0005175772,0.002230617,0.0004552625,0.006635949,0.01601231,0.003114711,0.01653012,0.0003262345,0.0123694,0.01079782,0.0001335916,0.0004455808,0.0005257975,0.0001282463,0.01062666,0.005167443,0.0004324687,5.984969E-05,2.916863E-07,0.01953709,0.003884956,0.0005186404,0.01819709,0.1245051,0.05132208,0.08942615,0.02653671,0.03125358,0.002758071
14,0.0005773958,0.0001276783,0.0004214249,0.001029957,2.219998E-06,0.004438695,0.0002453252,0.003948127,3.235699E-05,0.003478532,0.0007574921,0.005926044,0.005603435,0.002869248,0.001442566,0,0.001247485,1.450705E-05,0.0002524839,6.959979E-05,0.0001963537,0.001419968,0,0.001729385,2.14454E-09,0.00116453,0.0001223187,0.0005296234,0.001791044,0.0001921348,0.0005086252,0.003129691,0.006292533,0.0007892059,0.002960402,0.006513111,0.01887531,0.0005262559,0.002228569,0.0004464892,0.006744245,0.01618395,0.003224489,0.01691182,0.0003226022,0.01213494,0.01055206,0.0001306574,0.0004427224,0.0005667028,0.0001114975,0.01051304,0.005560167,0.0004154516,5.780035E-05,3.142262E-07,0.01989087,0.00391666,0.0005197975,0.01624398,0.1221134,0.05247194,0.08741812,0.02756267,0.03135514,0.002634478
15,0.0005753717,0.0001277637,0.0004181832,0.001030329,2.21836E-06,0.004451204,0.0002455422,0.003960625,3.290526E-05,0.003516039,0.0007597607,0.005942666,0.00584844,0.002886739,0.001427497,0,0.001233385,1.487579E-05,0.000264799,6.971072E-05,0.0001908372,0.001410563,0,0.001690927,2.074609E-09,0.001135812,0.0001060873,0.0005270772,0.001734416,0.0001576893,0.0004946552,0.00311283,0.006287187,0.0007761755,0.002876353,0.006784631,0.01943197,0.0005347794,0.002233309,0.0004338791,0.006715562,0.01632905,0.00333493,0.01730244,0.0003187599,0.01189112,0.01023312,0.0001260638,0.0004379399,0.0006060052,9.161542E-05,0.01149199,0.006723302,0.0004346888,5.943888E-05,3.376176E-07,0.02022324,0.003950044,0.000517082,0.01407466,0.1195191,0.05310698,0.08520829,0.02828428,0.03114247,0.002516768
16,0.0005734303,0.0001279232,0.0004139384,0.001030545,2.216628E-06,0.004396692,0.0002456378,0.003974522,3.345725E-05,0.003557308,0.0007623024,0.005960266,0.005920616,0.002900486,0.00142606,0,0.001190081,1.499478E-05,0.0002707907,6.955933E-05,0.0001887899,0.001405098,0,0.001668102,2.022226E-09,0.001109113,9.360036E-05,0.0005245714,0.001693897,0.0001516698,0.0005023309,0.0031093,0.006271391,0.0007623439,0.00279375,0.007014311,0.01992759,0.0005431452,0.002234085,0.0004220165,0.006771307,0.01654538,0.003429916,0.01765315,0.0003147887,0.01164981,0.01008038,0.0001213586,0.00043615,0.0006374408,7.257581E-05,0.01194169,0.007828399,0.000453789,6.038545E-05,3.616426E-07,0.0206934,0.003975996,0.000507686,0.0124078,0.1169022,0.05319832,0.08417356,0.02869971,0.03078987,0.002429305
17,0.0005746787,0.000128275,0.0004104177,0.001030478,2.214842E-06,0.004348803,0.0002455121,0.003989906,3.401292E-05,0.003602643,0.0007652735,0.005978483,0.006012915,0.002914148,0.001438294,0,0.001052124,1.491434E-05,0.0002731183,6.978196E-05,0.0001882706,0.001406931,0,0.001679575,2.017871E-09,0.001084644,8.497096E-05,0.0005223534,0.00168743,0.0001956237,0.0005418485,0.003113361,0.006247615,0.0007525538,0.002740451,0.007183184,0.02037606,0.0005514305,0.002231184,0.0004200259,0.007009545,0.01678086,0.003504756,0.01794902,0.0003108881,0.01141917,0.01009023,0.0001177231,0.000435931,0.0006650606,5.721787E-05,0.01000378,0.007349588,0.0004137804,5.34902E-05,3.85137E-07,0.02120674,0.003992044,0.0004953889,0.01166511,0.1145579,0.05315381,0.08335773,0.02911721,0.03041365,0.002395718
18,0.0005783016,0.0001289902,0.0004082901,0.001030295,2.213048E-06,0.004337075,0.0002453457,0.004010253,3.465377E-05,0.003660454,0.000768125,0.006003492,0.00616928,0.00292901,0.001452995,0,0.0009561845,1.494999E-05,0.000274117,7.028698E-05,0.0001895994,0.001412266,0,0.001697945,2.044016E-09,0.001061799,7.871231E-05,0.0005205511,0.00170446,0.0002300707,0.0005717998,0.003118376,0.006224906,0.0007479176,0.002730377,0.007220135,0.02067134,0.000558864,0.00222821,0.0004248412,0.007294823,0.01701433,0.003522252,0.0181692,0.000307214,0.01120592,0.01014841,0.0001166466,0.0004354452,0.0006892009,4.602209E-05,0.008504086,0.007049692,0.0003891364,4.851841E-05,4.069012E-07,0.02173441,0.004000362,0.0004851912,0.01165344,0.113296,0.05350504,0.08260104,0.02925834,0.03019044,0.002423848
19,0.0005814936,0.0001297532,0.0004050087,0.001030456,2.211597E-06,0.004330403,0.0002454543,0.004042878,3.522813E-05,0.003725752,0.0007705908,0.00603537,0.006005256,0.002955492,0.00146651,0,0.0009133492,1.243848E-05,0.0002540839,7.077822E-05,0.0001940802,0.001428218,0,0.001724717,2.090256E-09,0.001042536,7.395159E-05,0.0005195841,0.001732253,0.0002363938,0.0005832597,0.003133703,0.006213435,0.0007490937,0.002755602,0.00691512,0.02021336,0.0005510325,0.002231474,0.0004316093,0.007271105,0.0170594,0.003405488,0.01812622,0.0003039772,0.01101467,0.01023589,0.0001178984,0.0004375443,0.0006491953,3.811819E-05,0.007337371,0.006877644,0.0003772952,4.532112E-05,3.833147E-07,0.02105571,0.003988259,0.000482774,0.01225884,0.1138971,0.05424408,0.08294535,0.02833154,0.03040903,0.002516826
20,0.0005808065,0.0001299715,0.000399176,0.001030935,2.210367E-06,0.004296518,0.0002457581,0.00407705,3.541645E-05,0.003779517,0.0007714632,0.006049315,0.005385991,0.00298934,0.001470351,0,0.0008785315,8.545066E-06,0.000222545,7.182814E-05,0.0001983452,0.001442728,0,0.001744428,2.123494E-09,0.001019794,6.978191E-05,0.0005193006,0.001761943,0.0002255776,0.0005779252,0.003137974,0.006213565,0.0007541017,0.002799667,0.006503924,0.01940089,0.0005399961,0.002241384,0.0004358859,0.00689981,0.01696451,0.00323254,0.01788207,0.0003011858,0.01084299,0.01030681,0.0001205609,0.0004370934,0.0005785609,3.25643E-05,0.006519191,0.006779336,0.0003718272,4.343879E-05,3.41893E-07,0.01992686,0.003912597,0.000486802,0.01326913,0.1153715,0.05481885,0.08372745,0.02702627,0.03082427,0.002642854
21,0.000578068,0.00012937,0.0003918577,0.00103166,2.209403E-06,0.004241982,0.0002461967,0.004104124,3.529177E-05,0.003813923,0.0007700701,0.006029826,0.004895058,0.003023747,0.001468052,0,0.0008355826,5.845133E-06,0.000121952,7.341331E-05,0.0002029419,0.001453822,0,0.001753778,2.145967E-09,0.0009953544,6.563701E-05,0.0005196196,0.001787269,0.0002024858,0.0005510362,0.00312241,0.006222409,0.0007615515,0.002853679,0.006082709,0.01837174,0.0005292881,0.002258091,0.0004376219,0.006443756,0.01668534,0.003046429,0.01741396,0.0002987221,0.01068176,0.01036103,0.0001241112,0.0004335991,0.0005208071,2.871285E-05,0.005221232,0.005775856,0.0003206559,3.672915E-05,2.996856E-07,0.01868066,0.003797132,0.0004972342,0.01460755,0.1166341,0.05469033,0.08452312,0.0256268,0.03098148,0.002768078
22,0.0005761157,0.0001282585,0.0003841762,0.001032141,2.208646E-06,0.004195848,0.0002464635,0.004124822,3.537789E-05,0.00383974,0.0007683429,0.00601656,0.004608403,0.00304893,0.001474091,0,0.0007832912,3.693607E-06,7.730591E-05,7.283287E-05,0.0002073654,0.001460614,0,0.001750877,2.158557E-09,0.0009777113,6.057773E-05,0.0005209389,0.001796023,0.0001639246,0.0004964705,0.003055427,0.006239146,0.0007708084,0.002910961,0.005678711,0.01724139,0.0005187893,0.002272299,0.0004419862,0.006056874,0.01616272,0.002882504,0.01672214,0.0002963301,0.01052444,0.01050342,0.0001278779,0.0004346123,0.0004669932,2.525399E-05,0.003482456,0.003927765,0.0002310605,2.646087E-05,2.58903E-07,0.01751021,0.003721481,0.0005115255,0.01628739,0.1184005,0.0518476,0.08635227,0.02417472,0.03037198,0.002861709
23,0.000574131,0.0001273638,0.0003776856,0.00103222,2.208012E-06,0.004164755,0.0002464571,0.00414433,3.586816E-05,0.003868977,0.000767307,0.006023563,0.004691793,0.003059293,0.00148265,0,0.0007355618,3.811662E-06,7.363821E-05,7.139989E-05,0.000209573,0.001463899,0,0.001762213,2.150893E-09,0.0009632857,5.669698E-05,0.0005230532,0.001814286,0.0001693088,0.0004416814,0.00301175,0.006247528,0.0007802095,0.002964263,0.005668058,0.01706021,0.0005144827,0.002266756,0.0004490055,0.006082887,0.01582579,0.002865164,0.01633792,0.0002939591,0.01038845,0.01066574,0.0001311688,0.0004388736,0.0004575824,2.149639E-05,0.002632152,0.003255264,0.0002002877,2.251754E-05,2.531252E-07,0.01776579,0.003725647,0.0005170857,0.01799213,0.1205441,0.05012292,0.08810234,0.02430321,0.03047824,0.002893377
24,0.0005448444,0.0001448182,0.0003137676,0.001032018,2.501333E-06,0.003970666,0.0002461383,0.004158099,3.655337E-05,0.003900557,0.0007669849,0.006037916,0.004887241,0.007392193,0.002357695,0,0.0008770264,3.517781E-06,0.0001278637,7.045548E-05,0.0002080533,0.001851401,0,0.001761636,2.158141E-09,0.001725805,3.852497E-05,0.0005249453,0.001837402,0.0002161966,0.0004125138,0.002451514,0.01035243,0.0007985233,0.003008434,0.005848879,0.01744349,0.0005195082,0.002250702,0.0004560842,0.006332788,0.01595126,0.002924901,0.01642129,0.0003714433,0.01115126,0.0107949,0.0001334365,0.0004420359,0.000484284,1.727044E-05,0.003222349,0.004195453,0.0002716036,2.800992E-05,2.690273E-07,0.01852653,0.003757514,0.000517833,0.01914584,0.1168048,0.05304431,0.08672229,0.02537114,0.03089779,0.002854435
25,0.0005457184,0.0001442702,0.0003109015,0.001031803,2.500016E-06,0.004005246,0.0002457782,0.004169415,3.725813E-05,0.003934704,0.0007676624,0.006054496,0.00512036,0.007280316,0.002343786,0,0.000852365,2.97508E-06,0.0001386777,7.006391E-05,0.0002051535,0.001838987,0,0.001765532,2.152631E-09,0.001659073,3.833344E-05,0.0005249491,0.001832744,0.0002207923,0.0004421157,0.002469501,0.0102744,0.0008039974,0.003010831,0.006104029,0.01801537,0.0005274582,0.002236557,0.0004562835,0.006616217,0.01620602,0.003016214,0.01671794,0.0003670038,0.01099117,0.01079316,0.000133703,0.0004441854,0.0005231929,1.455124E-05,0.00281985,0.004055254,0.0002896342,2.806783E-05,2.927692E-07,0.01925994,0.00379574,0.0005183636,0.01833206,0.1172387,0.05427449,0.0866183,0.02653608,0.03129779,0.002761174
26,0.0005461913,0.000144139,0.0003106116,0.001031933,2.498505E-06,0.004048999,0.0002457412,0.004181356,3.793298E-05,0.003973021,0.0007696113,0.006071141,0.005392089,0.007150379,0.002297088,0,0.0009187316,2.724795E-06,0.000145871,7.032578E-05,0.0001992251,0.001816723,0,0.001737847,2.128025E-09,0.001605968,3.734709E-05,0.0005231003,0.00178845,0.0001892854,0.0004403409,0.002480518,0.01019561,0.0007994003,0.002955642,0.006369215,0.01857802,0.0005359576,0.002234074,0.0004477769,0.006730218,0.01637483,0.00312492,0.01709892,0.000362517,0.01083064,0.01055348,0.0001308092,0.0004424508,0.0005644168,1.307836E-05,0.002448766,0.004049289,0.0003326784,3.042495E-05,3.158553E-07,0.01962026,0.003839288,0.0005195255,0.01639632,0.1162401,0.05540404,0.08488076,0.02756102,0.0314115,0.00263946
27,0.0005443842,0.0001442207,0.0003098836,0.001032314,2.496837E-06,0.004068302,0.0002459603,0.004194778,3.857285E-05,0.00401441,0.0007724992,0.006087398,0.005632384,0.007019473,0.002241308,0,0.001043383,2.76357E-06,0.0001628549,7.04232E-05,0.0001935897,0.001788887,0,0.001696577,2.060751E-09,0.001544621,3.597591E-05,0.0005206317,0.001731711,0.0001559431,0.0004289984,0.002488027,0.0101125,0.0007860037,0.002872022,0.006638756,0.01913294,0.0005442924,0.002238532,0.0004354201,0.006707763,0.01651747,0.003234327,0.01748949,0.0003580369,0.01067231,0.01024097,0.0001262671,0.0004388779,0.0006041368,1.163801E-05,0.001599908,0.002573802,0.0003024132,3.069937E-05,3.398624E-07,0.0199602,0.003884318,0.0005168231,0.01423993,0.1148889,0.05598993,0.08294664,0.02828198,0.0312095,0.00252326
28,0.0005426559,0.0001443895,0.0003084642,0.001032544,2.495066E-06,0.004027409,0.0002460677,0.004209892,3.92164E-05,0.004060107,0.0007756905,0.006104684,0.005706445,0.00688614,0.002209055,0,0.00124201,3.122382E-06,0.0001796237,7.025857E-05,0.0001915001,0.00176688,0,0.001671686,2.010765E-09,0.001488346,3.525936E-05,0.0005182117,0.001691316,0.0001503625,0.000436344,0.002505646,0.01001526,0.00077184,0.002790074,0.006867605,0.0196284,0.0005524672,0.002239287,0.0004238701,0.006771134,0.01673328,0.003328766,0.01784148,0.0003535064,0.01051465,0.01009543,0.0001216405,0.0004383805,0.0006361821,1.028034E-05,0.001279441,0.001401698,0.0002949809,3.179111E-05,3.645108E-07,0.02043548,0.003925403,0.0005074528,0.01258794,0.1133313,0.05601304,0.08213992,0.0286968,0.03086543,0.002436454
29,0.0005439948,0.0001447799,0.0003075398,0.001032502,2.493233E-06,0.003992893,0.0002459701,0.004226916,3.986375E-05,0.004110577,0.0007793444,0.006122654,0.005800705,0.006762084,0.002199647,0,0.0009311858,3.633905E-06,0.0001951021,7.047794E-05,0.0001910097,0.001755085,0,0.001682319,2.008602E-09,0.001437293,3.555101E-05,0.0005160859,0.001685366,0.000193471,0.000471141,0.002528762,0.009909733,0.0007618225,0.002737611,0.007037071,0.02007785,0.0005605625,0.002236684,0.000422238,0.007016173,0.01696897,0.003403599,0.01813903,0.0003490922,0.01036141,0.01011265,0.0001181088,0.0004394572,0.0006645989,9.562125E-06,0.001080259,0.001484827,0.0002737164,2.571169E-05,3.886356E-07,0.02095312,0.003963035,0.0004951851,0.0118564,0.1118779,0.05590453,0.08152872,0.0291135,0.0304947,0.002402285
30,0.0005476205,0.0001455858,0.0003076039,0.00103235,2.491394E-06,0.003991378,0.0002458475,0.00424916,4.060799E-05,0.004175086,0.0007828969,0.006147602,0.005957243,0.006650056,0.002195341,0,0.0009616787,4.278515E-06,0.0001929646,7.098674E-05,0.0001924622,0.001748454,0,0.001700134,2.037005E-09,0.001389988,3.629973E-05,0.0005143827,0.001703166,0.0002269649,0.0004976029,0.002552019,0.009810258,0.0007570698,0.002728438,0.007076977,0.02037697,0.0005678074,0.002234237,0.0004273976,0.00730759,0.01720235,0.003422441,0.01835997,0.0003449441,0.01021823,0.01017747,0.0001171264,0.0004401653,0.0006895664,8.670296E-06,0.001302363,0.001929253,0.0002946467,2.317302E-05,4.109399E-07,0.02148483,0.003993783,0.0004849922,0.01184639,0.1113353,0.05621972,0.0809554,0.02925392,0.03027414,0.002429235
31,0.0005508243,0.000146445,0.0003067414,0.001032555,2.489955E-06,0.00399447,0.0002460145,0.004283992,4.12755E-05,0.004248016,0.0007860466,0.006179573,0.005801394,0.006572725,0.002191016,0,0.001164274,4.464117E-06,0.0001895842,7.148181E-05,0.0001971369,0.001755732,0,0.001726502,2.085393E-09,0.001348842,3.721695E-05,0.0005135206,0.001731809,0.0002327112,0.0005079949,0.002582958,0.009732046,0.0007582268,0.002754531,0.006778644,0.01993063,0.0005598351,0.002238196,0.0004344769,0.007289491,0.0172454,0.003309082,0.01831469,0.0003412843,0.01008998,0.0102699,0.0001184301,0.0004431609,0.0006506619,8.346137E-06,0.001778307,0.002590577,0.000384067,2.68822E-05,3.876205E-07,0.02081772,0.00400174,0.0004825453,0.01244401,0.1124947,0.05694706,0.08143899,0.02832751,0.03049296,0.002521233
32,0.0005502764,0.0001466764,0.0003038481,0.001033083,2.488766E-06,0.003971948,0.0002463881,0.004320637,4.150005E-05,0.004308387,0.0007875264,0.006193182,0.005203688,0.006517439,0.002174386,0,0.001269651,3.405519E-06,0.0001738809,7.25425E-05,0.0002015766,0.001761709,0,0.001745666,2.120538E-09,0.001304661,3.791711E-05,0.0005133463,0.00176229,0.0002219282,0.0005038339,0.002604421,0.00967469,0.0007632747,0.002799393,0.006375102,0.0191327,0.0005486927,0.002248897,0.0004390248,0.00692279,0.01714707,0.003140469,0.01806504,0.0003381124,0.009974417,0.01034418,0.0001211116,0.000443364,0.0005813168,8.461276E-06,0.001846112,0.002897706,0.0004414768,3.05401E-05,3.463088E-07,0.01970245,0.003943084,0.0004865082,0.01344004,0.1144116,0.05750593,0.0823356,0.02702274,0.03090691,0.002647115
33,0.0005477658,0.0001459697,0.0002997055,0.001033864,2.487883E-06,0.003929721,0.0002469055,0.004350238,4.13606E-05,0.004347469,0.000786659,0.006172525,0.004729779,0.006467319,0.002150364,0,0.001276852,2.831037E-06,0.0001241277,7.414869E-05,0.0002063243,0.001763887,0,0.001754184,2.144562E-09,0.00125986,3.810479E-05,0.0005137752,0.00178823,0.0001993663,0.0004809576,0.002609059,0.009633152,0.0007707925,0.002854111,0.005961221,0.01811878,0.0005379052,0.002266436,0.0004409773,0.00646909,0.01686272,0.002958945,0.01758664,0.0003352976,0.009863504,0.01040051,0.0001246585,0.0004402869,0.0005242785,8.963639E-06,0.00153169,0.002522978,0.0004048868,2.815289E-05,3.038678E-07,0.01846851,0.003839916,0.0004968224,0.01476162,0.1160363,0.0573311,0.08323123,0.02562316,0.03106195,0.002772097
34,0.0005460259,0.0001446853,0.0002952455,0.001034314,2.487231E-06,0.003895291,0.0002472647,0.004372489,4.146885E-05,0.004376424,0.000785494,0.006158305,0.004452608,0.006402409,0.002140493,0,0.001225513,5.529293E-06,7.237434E-05,7.3578E-05,0.0002108565,0.001761104,0,0.001749782,2.157988E-09,0.001225441,3.70452E-05,0.0005151955,0.001797232,0.0001617153,0.0004339625,0.002570458,0.009606195,0.0007801304,0.002912012,0.005563942,0.01700199,0.0005273272,0.002281434,0.0004454568,0.006081349,0.0163312,0.002799177,0.01687322,0.0003325644,0.009753227,0.01054399,0.0001284069,0.0004412378,0.0004698129,9.298762E-06,0.001785766,0.002811975,0.0004549319,2.904154E-05,2.624167E-07,0.01730665,0.003770407,0.0005109815,0.01642452,0.118066,0.05430965,0.08512568,0.0241712,0.03044588,0.002863831
35,0.0005442644,0.000143655,0.0002916535,0.001034415,2.48672E-06,0.003874484,0.000247363,0.004392419,4.204553E-05,0.004408483,0.0007850784,0.006164818,0.004536659,0.006309928,0.002135287,0,0.00113685,1.017578E-05,0.000113823,7.215089E-05,0.0002131095,0.001754562,0,0.00175977,2.150055E-09,0.00119637,3.650352E-05,0.0005173997,0.001815724,0.000167709,0.0003866733,0.002549704,0.009567743,0.0007896002,0.002965778,0.005554922,0.01682424,0.0005229447,0.002276551,0.0004525219,0.006104148,0.01598626,0.002783502,0.01646198,0.0003298518,0.009659492,0.01070637,0.0001316501,0.000445101,0.0004595756,8.695329E-06,0.002387619,0.003716445,0.0005590087,3.687772E-05,2.558092E-07,0.0175589,0.003776025,0.0005164575,0.01810852,0.120387,0.05245474,0.08692989,0.02429899,0.0305428,0.002892752
36,0.0003192164,0.0001726812,0.0005334161,0.001034266,2.778286E-06,0.003732893,0.0002471523,0.004405445,4.284799E-05,0.004442674,0.0007854111,0.006178924,0.004729866,0.004088874,0.001839696,0,0.001122354,1.2728E-05,0.0001341207,7.121859E-05,0.0002115391,0.001921733,0,0.001821566,2.156556E-09,0.00106349,1.715563E-05,0.0005193793,0.001838978,0.0002149552,0.0004592644,0.003710451,0.007090604,0.0009116707,0.003010118,0.005734916,0.01720613,0.0005278492,0.002261086,0.0004595531,0.00635083,0.01610558,0.00284326,0.01651836,0.000266317,0.006814578,0.01083435,0.0001338166,0.0004474761,0.0004854481,7.280394E-06,0.003815647,0.005821425,0.0008690173,5.461208E-05,2.713012E-07,0.01831338,0.003805902,0.0005171095,0.01897331,0.1198891,0.06315856,0.08573478,0.02536534,0.03095237,0.002851377
37,0.0003199401,0.0001719853,0.0005247964,0.001034111,2.777031E-06,0.003771636,0.0002468988,0.004414931,4.367264E-05,0.004479308,0.0007867697,0.006195306,0.004960027,0.004064564,0.001838934,0,0.001004322,1.393138E-05,0.0001637953,7.084388E-05,0.000208535,0.001905298,0,0.001820689,2.148933E-09,0.001046458,1.829344E-05,0.000519485,0.001834443,0.0002201866,0.000490181,0.003689768,0.007066927,0.0009157694,0.00301273,0.005988245,0.01777608,0.0005356792,0.002247463,0.0004596632,0.006632051,0.01635523,0.002933939,0.0167971,0.0002640894,0.006811182,0.01083181,0.0001339705,0.00044883,0.0005235404,5.658717E-06,0.003758605,0.006270912,0.0009859271,6.122583E-05,2.947802E-07,0.01904299,0.00383842,0.0005176231,0.01816249,0.1199692,0.06445062,0.08569016,0.0265289,0.03134274,0.002757096
38,0.0003204693,0.0001717827,0.0005186917,0.001034273,2.775555E-06,0.00381799,0.0002469522,0.004424686,4.446176E-05,0.004520476,0.000789427,0.006211791,0.005228132,0.004060332,0.001818126,0,0.001012421,1.317226E-05,0.0001753775,7.11259E-05,0.0002024528,0.001879562,0,0.001786277,2.121574E-09,0.001023528,1.901165E-05,0.0005177523,0.001790075,0.0001894869,0.0004867726,0.003649721,0.007061703,0.0009078375,0.002957744,0.006251568,0.01833773,0.0005440567,0.002245452,0.0004510189,0.006744373,0.0165196,0.003041726,0.01716383,0.0002621121,0.006826699,0.01059102,0.0001309371,0.0004466029,0.0005643042,4.731648E-06,0.003704051,0.007055042,0.00120787,7.856719E-05,3.178316E-07,0.01940441,0.003873974,0.0005187752,0.01624929,0.1185488,0.06560273,0.08403781,0.02755299,0.03144883,0.002635138
39,0.0003196582,0.0001718348,0.0005114634,0.001034631,2.773901E-06,0.003841042,0.0002472446,0.004435681,4.520957E-05,0.004564963,0.0007930395,0.006227842,0.005466224,0.00406056,0.001790537,0,0.001318567,1.220734E-05,0.0001763265,7.123896E-05,0.0001965967,0.001848349,0,0.001737917,2.051237E-09,0.0009964529,1.945147E-05,0.0005154018,0.001733188,0.0001566173,0.0004729884,0.003605143,0.007057157,0.0008898613,0.002874169,0.006518934,0.01889143,0.0005522709,0.002250241,0.0004384791,0.006719717,0.01665815,0.003150107,0.01754224,0.0002601872,0.006844128,0.01027716,0.0001262354,0.0004426116,0.0006035707,4.327826E-06,0.004364629,0.007287306,0.001680842,0.0001300493,3.418029E-07,0.01974567,0.003907939,0.0005160933,0.01411914,0.1167991,0.06611758,0.08217876,0.02827376,0.03123999,0.002518834
40,0.0003188866,0.0001719934,0.0005031662,0.001034849,2.772121E-06,0.003807667,0.0002474193,0.004447236,4.596053E-05,0.004613735,0.0007969631,0.00624493,0.005542465,0.004056469,0.001781216,0,0.00139955,1.095334E-05,0.0001678999,7.108367E-05,0.0001942864,0.001823554,0,0.001707013,1.997307E-09,0.0009719584,2.020711E-05,0.0005130927,0.001692807,0.0001511234,0.0004796298,0.003577243,0.007041485,0.0008711268,0.002792051,0.006746075,0.01938605,0.0005603316,0.002250912,0.0004266281,0.00677926,0.01687091,0.003243747,0.01788514,0.0002581839,0.006856069,0.01013004,0.0001214534,0.0004413036,0.0006347467,4.075955E-06,0.005229199,0.008345701,0.002082265,0.0001676166,3.661925E-07,0.02021861,0.003929382,0.0005067989,0.01248853,0.1148558,0.06598175,0.08141156,0.02868905,0.03088797,0.002430811
41,0.0003199257,0.0001724182,0.000495845,0.001034833,2.770273E-06,0.003780399,0.0002473836,0.004459298,4.671534E-05,0.004667175,0.0008013492,0.006262656,0.005637472,0.004052739,0.001789425,0,0.001025539,9.161753E-06,0.0001580299,7.131343E-05,0.0001935702,0.001809755,0,0.001713071,1.989889E-09,0.0009500271,2.148861E-05,0.0005110628,0.001687004,0.0001938621,0.0005158288,0.003559661,0.007016938,0.0008572345,0.002739321,0.006914705,0.01983567,0.0005683188,0.00224778,0.0004246587,0.007015705,0.01710396,0.003318154,0.01817863,0.000256195,0.006863579,0.0101447,0.0001177954,0.000441227,0.0006619182,3.917419E-06,0.002982463,0.006913248,0.001518529,0.0001235532,3.899377E-07,0.02073306,0.003939255,0.0004946499,0.01175947,0.1130422,0.06571031,0.08082766,0.0291063,0.03050986,0.002395967
42,0.0003223171,0.0001733412,0.0004902501,0.001034734,2.768411E-06,0.003784094,0.0002473135,0.004476835,4.75796E-05,0.004736188,0.0008056263,0.006287501,0.00579248,0.004051104,0.001800995,0,0.0007508304,7.314889E-06,0.0001465813,7.18325E-05,0.000194851,0.001801348,0,0.001726763,2.011508E-09,0.0009294681,2.299243E-05,0.000509432,0.001704859,0.0002268732,0.0005427573,0.003544713,0.006993784,0.000849427,0.002729749,0.006955875,0.02013748,0.000575454,0.002244653,0.000429439,0.007297482,0.01733505,0.003337842,0.01839986,0.0002543348,0.006870877,0.01020672,0.0001166955,0.0004408513,0.0006857347,3.804938E-06,0.002211194,0.007022167,0.001379186,0.0001067999,4.118146E-07,0.02126197,0.003943212,0.0004845544,0.01173751,0.1122158,0.06595812,0.08027916,0.02924718,0.0302832,0.002423193
43,0.0003244355,0.0001743237,0.0004833531,0.001034925,2.767009E-06,0.003791861,0.0002475217,0.004508403,4.835482E-05,0.004815038,0.000809462,0.00631945,0.005642024,0.004067137,0.00181207,0,0.0006773732,5.577541E-06,0.0001299845,7.233306E-05,0.0001993922,0.001807729,0,0.00174954,2.05116E-09,0.0009124582,2.458788E-05,0.000508613,0.001733476,0.0002320717,0.0005522761,0.003542517,0.006983343,0.0008483743,0.002755315,0.00666265,0.01970017,0.0005674413,0.002247933,0.0004361894,0.00727188,0.01737499,0.003227355,0.01835582,0.0002527812,0.006882057,0.01029652,0.0001179042,0.000442996,0.0006463616,3.649661E-06,0.00179195,0.006867951,0.001342631,0.0001072379,3.882366E-07,0.02060106,0.00392989,0.0004821278,0.01231382,0.1131934,0.06670476,0.08078156,0.02832177,0.03049748,0.002516225
44,0.0003242927,0.0001745443,0.0004734548,0.00103545,2.765883E-06,0.003774913,0.0002479245,0.004543399,4.862114E-05,0.004880827,0.0008115285,0.006332541,0.00506263,0.004093523,0.001812049,0,0.0006209317,3.758596E-06,0.0001053585,7.340113E-05,0.0002036826,0.00181277,0,0.001765176,2.076044E-09,0.0008923569,2.607755E-05,0.0005084575,0.001763879,0.0002209042,0.0005461851,0.003529115,0.006985825,0.0008517635,0.002799585,0.00626554,0.01891357,0.0005562859,0.002258023,0.0004405238,0.006901921,0.01727318,0.003062472,0.01810765,0.0002515394,0.006896671,0.01036844,0.0001205111,0.0004427172,0.0005777276,3.624553E-06,0.001269142,0.005908264,0.001202481,0.000100863,3.469562E-07,0.01949603,0.003858486,0.0004860919,0.01328517,0.1150067,0.06726197,0.08170019,0.02701785,0.03090942,0.002643895
45,0.0003229669,0.000173635,0.0004618603,0.001036225,2.765105E-06,0.003738941,0.0002484615,0.004572522,4.846419E-05,0.004923825,0.0008111367,0.006310576,0.004603519,0.004120376,0.001804904,0,0.0005869269,2.483023E-06,5.965376E-05,7.502178E-05,0.0002082793,0.001813903,0,0.001770212,2.088476E-09,0.0008708645,2.727099E-05,0.000508888,0.001789726,0.0001980037,0.0005200913,0.003494592,0.006998124,0.0008579819,0.002853773,0.005858032,0.01791228,0.0005454967,0.002275057,0.0004423651,0.006447439,0.01698567,0.002884925,0.01763417,0.0002505213,0.006909979,0.01042291,0.0001240081,0.0004394969,0.0005214529,3.641141E-06,0.0007219161,0.003741272,0.0008116008,7.383191E-05,3.045824E-07,0.01827308,0.003748683,0.0004964461,0.01458311,0.1165809,0.06696761,0.08262434,0.02561889,0.03106424,0.00277066
46,0.0003220903,0.00017204,0.0004502326,0.001036669,2.764591E-06,0.003710243,0.0002488422,0.004594424,4.85981E-05,0.004955482,0.0008104827,0.006295198,0.004332799,0.004134741,0.001809098,0,0.0005109324,2.4825E-06,4.737674E-05,7.445418E-05,0.0002126484,0.001809831,0,0.001762078,2.088328E-09,0.0008554032,2.762771E-05,0.0005102935,0.001798636,0.0001601008,0.0004682401,0.003403289,0.007019566,0.000866304,0.00291134,0.005466806,0.01680855,0.000534902,0.00228974,0.0004467511,0.006059436,0.01645204,0.002728731,0.01693443,0.0002495271,0.006919366,0.01056494,0.0001277432,0.0004404162,0.0004671879,3.412262E-06,0.000477298,0.002533562,0.0005984167,5.707983E-05,2.631279E-07,0.01712142,0.003675248,0.0005107166,0.01622688,0.1186096,0.06334981,0.08455128,0.02416755,0.03044961,0.002865245
47,0.0003212005,0.000170757,0.0004403355,0.001036766,2.764227E-06,0.003694348,0.0002489662,0.004614003,4.927466E-05,0.004990311,0.0008106527,0.006301014,0.004414339,0.004128254,0.001816846,0,0.000495227,3.488841E-06,4.132691E-05,7.301327E-05,0.0002147174,0.001801997,0,0.001769006,2.06516E-09,0.0008428665,2.819106E-05,0.000512471,0.001817308,0.0001659576,0.0004166182,0.003340404,0.007031181,0.0008748558,0.002965129,0.005459438,0.01663776,0.0005304758,0.002284698,0.0004537916,0.006080337,0.01610772,0.002714236,0.01654416,0.0002485138,0.00693729,0.01072716,0.0001310426,0.0004445708,0.0004572518,3.628811E-06,0.0004983393,0.002827268,0.0006791812,6.493528E-05,2.564809E-07,0.01737513,0.003678654,0.0005164495,0.01790602,0.1209711,0.06113332,0.08640829,0.02429538,0.03055023,0.002897597
48,0.0004016526,0.0002108092,0.0003030067,0.001036644,2.90889E-06,0.003740939,0.0002487824,0.004626757,5.021266E-05,0.005027548,0.0008116181,0.006314598,0.004603204,0.003710832,0.001985061,0,0.0005679165,4.067017E-06,4.51147E-05,7.206752E-05,0.0002129718,0.001120191,0,0.001726388,2.054117E-09,0.0007657708,5.033117E-05,0.0005144331,0.001840981,0.0002114921,0.0002350497,0.003193596,0.01567356,0.000911437,0.003009831,0.005639389,0.01702363,0.0005352641,0.002269153,0.0004608851,0.006327418,0.01623019,0.002773708,0.01662607,0.0003345493,0.003408427,0.01085613,0.0001333452,0.0004475106,0.0004837732,4.46709E-06,0.0007811814,0.004195,0.0009951374,9.64986E-05,2.72189E-07,0.01812983,0.00370915,0.0005173967,0.01900622,0.1397187,0.03454037,0.0987931,0.02536143,0.03096401,0.002858682
49,0.0004025789,0.0002098689,0.0002999595,0.001036533,2.907779E-06,0.003780561,0.0002485576,0.004636366,5.117622E-05,0.005067667,0.0008136483,0.006330538,0.004829055,0.003705864,0.001985258,0,0.0005384136,4.018674E-06,5.737858E-05,7.168236E-05,0.000209811,0.001129615,0,0.001727833,2.027403E-09,0.0007591376,4.987239E-05,0.0005145483,0.001836804,0.0002152925,0.000253424,0.003191886,0.01545334,0.0009153383,0.003012965,0.005892099,0.01759562,0.0005429562,0.002255596,0.00046115,0.006611607,0.01648087,0.002863565,0.01692182,0.0003316193,0.003455796,0.01085522,0.0001337071,0.0004494043,0.0005226326,5.645203E-06,0.0008652576,0.004529316,0.001114044,0.0001145828,2.959194E-07,0.01886119,0.003746116,0.0005181207,0.01821188,0.136774,0.03556251,0.09819814,0.02652474,0.03135819,0.002765
50,0.0004032108,0.0002095272,0.0002997363,0.001036714,2.906435E-06,0.003826627,0.0002486344,0.004646176,5.209841E-05,0.005112805,0.0008170147,0.006346602,0.005092732,0.003710092,0.001959724,0,0.00052555,4.1643E-06,6.907419E-05,7.195972E-05,0.0002035328,0.001135439,0,0.001697438,1.984252E-09,0.0007479885,4.75124E-05,0.0005128397,0.001792479,0.0001841853,0.0002539554,0.003179321,0.01520312,0.0009076418,0.002958501,0.006155103,0.01815971,0.0005512027,0.002253643,0.0004526555,0.00672826,0.01664462,0.002970406,0.01730211,0.0003285357,0.003514686,0.01061577,0.0001309017,0.0004475001,0.0005639798,7.745116E-06,0.0009196494,0.004407028,0.001178698,0.0001287582,3.191558E-07,0.01922794,0.003788947,0.0005194588,0.01630237,0.1318975,0.0365772,0.09561798,0.02754876,0.03146533,0.00264195
51,0.0004021303,0.0002094966,0.0002991698,0.001037086,2.904901E-06,0.00384902,0.0002489392,0.004657214,5.297226E-05,0.005161604,0.0008213477,0.006362267,0.005327411,0.003715816,0.001925964,0,0.0005391911,4.795215E-06,6.945553E-05,7.206589E-05,0.0001973999,0.001137597,0,0.001653558,1.91477E-09,0.000733332,4.476492E-05,0.0005105243,0.001735515,0.0001514765,0.0002488577,0.003162931,0.01494341,0.0008899702,0.002875442,0.006422431,0.01871606,0.0005592909,0.002258518,0.0004402783,0.006708948,0.01678194,0.00307815,0.01769216,0.0003253907,0.003574553,0.0103028,0.0001264185,0.0004437082,0.0006038086,1.060918E-05,0.001166247,0.004817701,0.001442823,0.0001532987,3.432864E-07,0.01957448,0.003833695,0.0005169357,0.01416647,0.1271502,0.03723261,0.09282915,0.0282695,0.03125639,0.002524255
52,0.0004010898,0.0002095967,0.0002979716,0.001037316,2.903237E-06,0.00381507,0.000249119,0.004669691,5.384879E-05,0.005215527,0.0008259604,0.006378978,0.005404695,0.003717135,0.001912383,0,0.0005734822,5.911547E-06,7.554259E-05,7.189936E-05,0.0001948055,0.001142757,0,0.001626369,1.861762E-09,0.0007199659,4.296306E-05,0.0005082581,0.001695148,0.000145883,0.0002543671,0.003161089,0.01467021,0.0008715671,0.002794019,0.006650315,0.01921389,0.0005672225,0.002259532,0.0004286992,0.006775175,0.01699369,0.003171679,0.01804344,0.0003221445,0.003631065,0.01015615,0.0001218371,0.000442743,0.0006360059,1.416159E-05,0.001720024,0.005903628,0.001972588,0.0002051319,3.679011E-07,0.02005024,0.003874236,0.0005077213,0.01252339,0.1227818,0.03749055,0.09134895,0.02868412,0.03090462,0.002436366
53,0.0004023468,0.0002100261,0.0002972181,0.001037316,2.901494E-06,0.003787492,0.000249086,0.004683844,5.472877E-05,0.005275171,0.0008310218,0.006396339,0.005500985,0.003719035,0.001918067,0,0.0006138385,7.447572E-06,8.408309E-05,7.212049E-05,0.0001938407,0.001153788,0,0.001634894,1.852676E-09,0.0007082082,4.240764E-05,0.0005062821,0.00168951,0.0001868841,0.0002755727,0.003167841,0.01439555,0.0008580375,0.002742095,0.006820538,0.01966666,0.0005750773,0.002257038,0.0004270269,0.007019383,0.01722526,0.003246512,0.01834045,0.0003189489,0.00368447,0.01017097,0.0001183343,0.0004431306,0.0006645455,1.798556E-05,0.002515431,0.006030343,0.002496417,0.0002654866,3.918946E-07,0.02056623,0.003909344,0.0004955855,0.01178427,0.1190395,0.0376315,0.09014521,0.02910027,0.03052611,0.002401887
54,0.0004053196,0.000211067,0.0002973573,0.001037242,2.899746E-06,0.003791127,0.000249018,0.004703578,5.573302E-05,0.005352121,0.0008359978,0.006421014,0.00565629,0.003723159,0.001927376,0,0.0006678553,9.078261E-06,9.556039E-05,7.263327E-05,0.0001949146,0.001167351,0,0.00165077,1.870731E-09,0.000697161,4.24669E-05,0.0005047229,0.001707567,0.0002179274,0.0002918768,0.003175992,0.01414029,0.0008505869,0.002733276,0.006864537,0.01997283,0.0005820767,0.002254577,0.0004320793,0.007308616,0.01745418,0.003267561,0.01856172,0.000315942,0.003736753,0.01023293,0.0001173407,0.0004431227,0.0006896391,1.994054E-05,0.003568416,0.005493047,0.002896793,0.0003305365,4.139872E-07,0.02109602,0.003936546,0.000485466,0.01175879,0.1166684,0.03803145,0.08903112,0.02924028,0.03029849,0.002429282
55,0.0004079371,0.0002121799,0.0002965923,0.001037472,2.898488E-06,0.003798984,0.0002492296,0.004737201,5.663442E-05,0.005439851,0.0008405412,0.006452953,0.005511469,0.003743693,0.001936142,0,0.0007290532,8.731874E-06,9.706796E-05,7.312491E-05,0.0001992399,0.001189588,0,0.001675536,1.906075E-09,0.0006886972,4.283628E-05,0.0005039875,0.001736382,0.000222019,0.0002987338,0.003194504,0.01392467,0.0008498753,0.002759565,0.006575868,0.01954364,0.0005740123,0.002258443,0.00043906,0.007289129,0.01749129,0.003159699,0.01851638,0.000313339,0.003790084,0.01032263,0.0001186113,0.0004455079,0.0006511456,1.970867E-05,0.004655877,0.004763824,0.003032574,0.0003781789,3.903367E-07,0.02044129,0.003941926,0.0004830265,0.01234091,0.116384,0.03869275,0.08909676,0.02831512,0.03051111,0.002521843
56,0.0004076723,0.0002123524,0.0002938057,0.001038056,2.897528E-06,0.003782013,0.0002496323,0.004774039,5.69512E-05,0.005513287,0.0008432248,0.006465631,0.004947402,0.003773904,0.001933201,0,0.0007916494,6.629364E-06,9.213139E-05,7.418769E-05,0.0002032567,0.001210321,0,0.001693402,1.928554E-09,0.0006776516,4.312464E-05,0.0005039271,0.001766958,0.0002106682,0.0002969652,0.003201625,0.01374588,0.0008535693,0.002804505,0.006183676,0.01876629,0.0005628453,0.002268999,0.000443552,0.006921975,0.01738645,0.00299798,0.01826601,0.0003111413,0.003844426,0.0103942,0.0001212585,0.0004452623,0.000582502,2.186799E-05,0.005929726,0.004299941,0.003198793,0.0004430104,3.487389E-07,0.01934372,0.003883302,0.0004870012,0.01332519,0.1171382,0.03922918,0.08963604,0.02701164,0.0309197,0.002647552
57,0.0004059145,0.0002111391,0.0002897272,0.001038897,2.89694E-06,0.003745985,0.0002501632,0.004804716,5.677565E-05,0.005561754,0.0008433192,0.006442498,0.004499931,0.003804609,0.001922876,0,0.0008760536,5.342189E-06,6.071756E-05,7.580863E-05,0.0002075291,0.00122787,0,0.001700881,1.940401E-09,0.0006652798,4.303326E-05,0.0005044568,0.001792922,0.0001885242,0.000284118,0.003187874,0.01359578,0.0008600462,0.002859297,0.005780891,0.01777436,0.0005520644,0.002286372,0.0004454711,0.006468296,0.01709562,0.002823714,0.01778928,0.0003092354,0.003897293,0.01044801,0.0001247795,0.0004418941,0.0005259881,2.830767E-05,0.007051675,0.003699019,0.003127536,0.0004961342,3.060618E-07,0.01812857,0.003781194,0.0004973823,0.01463896,0.1177942,0.0392568,0.09020489,0.02561291,0.03106968,0.002772245
58,0.0004047375,0.0002090967,0.0002854707,0.001039404,2.896619E-06,0.003717531,0.0002505334,0.00482727,5.694168E-05,0.005597074,0.0008431706,0.006426167,0.004234714,0.003823671,0.001925053,0,0.0009777048,5.257254E-06,4.855177E-05,7.522415E-05,0.0002115235,0.001241145,0,0.001695072,1.940911E-09,0.0006570332,4.18497E-05,0.00050596,0.00180181,0.0001525295,0.0002570941,0.003119255,0.01347268,0.000868578,0.002917363,0.005394109,0.0166791,0.0005414686,0.002301259,0.0004499019,0.006080956,0.01655853,0.002670482,0.01708516,0.0003073808,0.003946322,0.01058948,0.0001285207,0.0004426835,0.0004717149,4.005744E-05,0.007574429,0.003313627,0.002892675,0.0005244061,2.644342E-07,0.0169847,0.003712595,0.0005116594,0.01629787,0.1190707,0.03733169,0.09187127,0.0241621,0.03045068,0.002865304
59,0.0004035462,0.0002074473,0.0002821478,0.001039558,2.896458E-06,0.003701996,0.0002506387,0.004846695,5.773631E-05,0.005635225,0.0008439145,0.006431478,0.004315895,0.00382344,0.001931175,0,0.001062082,7.069093E-06,3.194748E-05,7.375391E-05,0.0002131818,0.001251209,0,0.001703684,1.920057E-09,0.000650693,4.113249E-05,0.0005082295,0.001820474,0.0001589105,0.0002298875,0.003076448,0.01333736,0.0008772715,0.002971529,0.005388019,0.016511,0.0005370138,0.002296282,0.0004569766,0.006103271,0.01621189,0.002657237,0.01669144,0.0003055204,0.003999249,0.01075127,0.0001318144,0.000446673,0.0004619042,5.743858E-05,0.007994977,0.00283649,0.002423929,0.0004949782,2.578338E-07,0.01723891,0.003719074,0.000517346,0.01798751,0.120808,0.03618171,0.09347378,0.02428914,0.03054692,0.002896422
60,0.0005051027,0.0002520516,0.0002322526,0.001039494,6.298455E-06,0.004207326,0.0002504245,0.004858632,5.883358E-05,0.005675671,0.0008454992,0.006444736,0.00450295,0.00573626,0.002116748,0,0.0009530903,8.556421E-06,4.071219E-05,7.278144E-05,0.0002110133,0.001992995,0,0.001676742,1.911079E-09,0.0005432624,9.623541E-05,0.000510282,0.001844113,0.000201979,0.0001149934,0.003461983,0.01670375,0.0002791141,0.003016475,0.005567404,0.01689633,0.0005417095,0.002280639,0.0004640842,0.006351304,0.01633259,0.002717042,0.01677018,0.000295752,0.00351296,0.01087969,0.0001340998,0.0004494018,0.0004886718,8.108326E-05,0.006477465,0.002531252,0.001829378,0.0004301221,2.735578E-07,0.01799116,0.003750862,0.0005182397,0.01943978,0.0945652,0.06227473,0.07871159,0.02535366,0.030956,0.002856403
61,0.0005061828,0.0002508115,0.0002313997,0.00103944,6.296429E-06,0.004243251,0.00025016,0.004866961,5.995996E-05,0.005719058,0.0008481808,0.006460424,0.004726868,0.005678718,0.002113681,0,0.0009992548,9.755955E-06,6.114331E-05,7.237252E-05,0.0002075342,0.001975227,0,0.001679052,1.888357E-09,0.0005426354,8.635301E-05,0.0005104943,0.001839694,0.0002055825,0.0001235095,0.003455969,0.01640859,0.0002842814,0.003019626,0.00581872,0.01746645,0.0005492995,0.002266895,0.0004643019,0.006635384,0.01658094,0.00280692,0.01706343,0.0002934339,0.003561704,0.01087751,0.0001344163,0.0004509909,0.0005277725,0.0001084764,0.007271244,0.002928525,0.001761959,0.0004784653,2.972839E-07,0.01872113,0.003787577,0.0005189363,0.0186047,0.09753155,0.06346361,0.07893683,0.02651576,0.0313451,0.002761743
62,0.0005069053,0.0002502906,0.0002324234,0.001039678,6.293875E-06,0.004283069,0.0002502003,0.004875386,6.103775E-05,0.005767879,0.0008522396,0.00647624,0.00498826,0.005619898,0.002082659,0,0.001019986,1.058469E-05,7.841734E-05,7.263415E-05,0.0002010559,0.001943158,0,0.001649563,1.846077E-09,0.0005378785,7.371866E-05,0.0005088999,0.001795026,0.0001762337,0.000123475,0.003435545,0.01611974,0.0002870422,0.002964993,0.006080663,0.01802946,0.000557442,0.002264767,0.0004557139,0.006751415,0.01674191,0.002913643,0.01744163,0.0002912541,0.003610417,0.01063623,0.0001315506,0.0004486594,0.0005693124,0.0001371912,0.008045859,0.003165185,0.001570585,0.000505542,3.204421E-07,0.01908863,0.003828897,0.0005202724,0.01662949,0.0996659,0.06445382,0.07780483,0.02753884,0.03144614,0.002637834
63,0.000505474,0.0002501458,0.0002330652,0.001040111,6.290899E-06,0.004295538,0.0002504798,0.004885093,6.205898E-05,0.005820715,0.0008572986,0.00649165,0.005221699,0.005561634,0.002043198,0,0.001066831,1.119436E-05,8.966052E-05,7.272608E-05,0.0001949569,0.001904213,0,0.001606617,1.782091E-09,0.0005305803,6.25514E-05,0.0005067085,0.001737727,0.0001451096,0.0001207445,0.003411209,0.01583066,0.0002868835,0.0028817,0.006347369,0.01858535,0.0005654278,0.002269516,0.000443218,0.006731192,0.01687629,0.003021289,0.01782943,0.0002891012,0.003656392,0.01032098,0.0001270062,0.0004443782,0.0006092634,0.0001609964,0.009717512,0.003676096,0.001413738,0.0005355793,3.444464E-07,0.01943564,0.003871334,0.000517749,0.01442611,0.1012171,0.06481118,0.07648015,0.02825898,0.03122962,0.002519495
64,0.0005041035,0.0002501618,0.0002331836,0.001040402,6.287624E-06,0.004245625,0.0002506515,0.004896314,6.308182E-05,0.005879098,0.000862653,0.006508117,0.005300979,0.005499276,0.002026019,0,0.00108711,1.160025E-05,9.917771E-05,7.254552E-05,0.0001924971,0.001872149,0,0.001580134,1.734738E-09,0.000523928,5.467141E-05,0.000504571,0.001697102,0.0001401396,0.0001230717,0.003404075,0.01553201,0.0002863836,0.002800017,0.006575529,0.01908355,0.0005732619,0.002270406,0.000431502,0.006795777,0.01708567,0.00311491,0.01817763,0.0002868745,0.003697993,0.01017155,0.0001223605,0.0004429028,0.0006414026,0.000171135,0.01194773,0.004656741,0.001267575,0.0005781771,3.688961E-07,0.01990966,0.003908068,0.0005084941,0.01272962,0.1021827,0.06454619,0.07614377,0.02867316,0.03086917,0.002431305
65,0.0005056465,0.0002505745,0.0002336303,0.001040464,6.284182E-06,0.004203623,0.0002506275,0.004909292,6.410785E-05,0.005943716,0.0008684775,0.006525234,0.005398947,0.005441216,0.002029825,0,0.001006525,1.156034E-05,0.0001069874,7.275923E-05,0.0001917408,0.001852166,0,0.001589098,1.728796E-09,0.0005183319,5.002198E-05,0.0005027256,0.001691396,0.0001804614,0.0001328718,0.003407802,0.01523444,0.0002872566,0.002747885,0.006746983,0.0195376,0.0005810187,0.002267754,0.0004297143,0.007038162,0.01731486,0.003190075,0.0184703,0.0002846834,0.003736454,0.01018348,0.0001187921,0.0004427544,0.0006697037,0.0001660715,0.01233891,0.005307427,0.0009671237,0.0005333187,3.926658E-07,0.02042282,0.003936213,0.0004962971,0.01196448,0.1028607,0.06416322,0.07594161,0.02908872,0.03048135,0.002396755
66,0.0005093627,0.0002517225,0.0002347638,0.001040455,6.28073E-06,0.004196814,0.0002505846,0.004928025,6.527452E-05,0.006027329,0.0008742373,0.006549831,0.005554685,0.005389755,0.002037654,0,0.0009232847,1.282701E-05,0.0001176945,7.32702E-05,0.0001930356,0.001838523,0,0.001605516,1.74859E-09,0.000513141,4.721404E-05,0.0005012947,0.001709571,0.0002112449,0.000140359,0.00341431,0.01495831,0.0002899241,0.002739027,0.006793217,0.0198466,0.0005879142,0.002265085,0.0004346671,0.007324899,0.01754097,0.003212145,0.01868577,0.0002826396,0.003774092,0.0102422,0.0001177453,0.000442113,0.0006943974,0.0001507499,0.01304355,0.006469997,0.0007466901,0.0004893771,4.144751E-07,0.02094939,0.003952947,0.0004861067,0.01193417,0.1040603,0.06429484,0.07572927,0.02922842,0.03024342,0.002423612
67,0.0005126176,0.0002529522,0.0002351671,0.001040747,6.278366E-06,0.004195329,0.0002508368,0.004960881,6.632236E-05,0.006122747,0.0008795451,0.006581829,0.005412695,0.005365267,0.002045347,0,0.0008710537,1.156818E-05,0.000113243,7.376124E-05,0.0001975991,0.001840486,0,0.001630897,1.785768E-09,0.0005098471,4.533162E-05,0.000500682,0.001738574,0.0002157289,0.0001433427,0.003433047,0.0147236,0.0002946899,0.002765397,0.006507881,0.0194231,0.0005798267,0.002268647,0.0004414904,0.007300132,0.01757403,0.003106309,0.01863315,0.0002809351,0.003813018,0.01032811,0.000118971,0.0004436632,0.000654804,0.0001314187,0.01385132,0.007765432,0.0006072722,0.0004520126,3.902609E-07,0.0202966,0.003941961,0.0004835904,0.01252472,0.1065957,0.06491943,0.07646858,0.02830376,0.0304444,0.002514671
68,0.0005122044,0.0002530439,0.0002339189,0.001041404,6.276664E-06,0.004166806,0.0002512906,0.004996948,6.66979E-05,0.006202533,0.0008828584,0.00659412,0.004856903,0.005356574,0.002040972,0,0.0008233464,7.781594E-06,9.604525E-05,7.482945E-05,0.0002018883,0.001841614,0,0.001649682,1.812147E-09,0.0005045371,4.353967E-05,0.0005007373,0.001769332,0.0002050594,0.0001421931,0.003440163,0.01452617,0.000300865,0.002810403,0.006119234,0.01865197,0.000568673,0.002278767,0.0004457208,0.006924452,0.01746435,0.002947039,0.01837342,0.0002795668,0.003853342,0.01039537,0.0001215678,0.0004423524,0.0005841639,0.0001131094,0.01524825,0.008499853,0.0005147608,0.0004301885,3.479237E-07,0.01920236,0.003860054,0.00048748,0.01352353,0.1096171,0.06536583,0.07757261,0.02700122,0.03084033,0.002638748
69,0.0005098982,0.0002514707,0.0002315866,0.00104232,6.275762E-06,0.004117601,0.0002518803,0.005026593,6.650092E-05,0.006254942,0.0008834156,0.006569858,0.004415442,0.005349736,0.002028962,0,0.0007776906,5.590575E-06,5.820279E-05,7.646332E-05,0.0002064824,0.001839251,0,0.001658314,1.82995E-09,0.0004980973,4.136399E-05,0.0005013695,0.001795408,0.0001836981,0.0001357542,0.003424869,0.01435789,0.000307965,0.002865173,0.005719901,0.01766582,0.0005579246,0.002295553,0.0004472804,0.006461692,0.01716799,0.002775315,0.017885,0.0002784347,0.003892613,0.0104444,0.000125028,0.0004377857,0.0005257723,9.869058E-05,0.01550725,0.008063509,0.000401864,0.0003729071,3.046721E-07,0.01799185,0.003729558,0.0004977518,0.01485592,0.1121631,0.06498645,0.0786553,0.02560364,0.03097716,0.002761883
70,0.0005083251,0.0002489214,0.0002290949,0.001042878,6.275438E-06,0.004077785,0.0002523152,0.005047258,6.670475E-05,0.006292101,0.0008837639,0.006552564,0.004154166,0.005328091,0.002030721,0,0.0007325421,6.372351E-06,4.652275E-05,7.58804E-05,0.0002108664,0.001831777,0,0.001653622,1.838445E-09,0.000494445,3.787129E-05,0.0005029571,0.001804312,0.0001487857,0.0001226286,0.003349278,0.01421787,0.0003157681,0.002923081,0.005336456,0.01657583,0.0005473593,0.002309715,0.0004513494,0.006066632,0.0166259,0.002624379,0.01716853,0.0002773247,0.003927835,0.01058112,0.0001286921,0.0004374741,0.0004706707,8.924915E-05,0.01440084,0.007180845,0.0003349837,0.0003144118,2.628311E-07,0.01685391,0.003631129,0.0005118563,0.01653726,0.1149356,0.06139357,0.08067174,0.0241538,0.03034974,0.002852784
71,0.0005067284,0.0002468525,0.0002273248,0.001043075,6.275441E-06,0.004052721,0.0002524887,0.005064419,6.763687E-05,0.006331754,0.0008850922,0.006557321,0.004234909,0.005280645,0.002036562,0,0.0006964175,9.468308E-06,4.268011E-05,7.440712E-05,0.0002129358,0.001820885,0,0.001663047,1.828137E-09,0.000492026,3.563562E-05,0.0005052896,0.001823108,0.0001554679,0.0001094356,0.003303219,0.0140629,0.0003236236,0.00297698,0.00533187,0.01640954,0.0005429169,0.002303995,0.0004580817,0.006083366,0.01627536,0.002611768,0.01676072,0.000276187,0.003966891,0.0107379,0.0001318227,0.0004403269,0.0004601226,7.969119E-05,0.01308197,0.00662052,0.0003016087,0.0002702846,2.562918E-07,0.01710595,0.003608834,0.0005173128,0.018241,0.1178813,0.05915916,0.08260959,0.02428068,0.03044151,0.002881758
72,0.0009354326,0.0003121944,0.000317536,0.001043041,8.654407E-06,0.004803358,0.0002523442,0.005074106,6.891913E-05,0.006373862,0.0008873094,0.006570209,0.00441937,0.008766541,0.002460379,0,0.000767733,1.10558E-05,0.0001895313,7.343615E-05,0.0002111621,0.001716965,0,0.001908903,1.831082E-09,0.000370279,2.700208E-05,0.0005073911,0.00184695,0.0001966514,9.735632E-05,0.003309166,0.01778186,0.0007162865,0.003021568,0.005511667,0.01679434,0.0005475729,0.00228746,0.0004648838,0.006325356,0.01639277,0.002671111,0.01682609,0.0003460083,0.007961982,0.01086185,0.0001338624,0.0004421069,0.0004860273,6.971517E-05,0.01249417,0.006521998,0.0002980293,0.0002344841,2.717477E-07,0.01785133,0.003615961,0.0005180129,0.0183386,0.1288639,0.09289857,0.0820342,0.02534457,0.03084952,0.002840482
73,0.0009367135,0.0003104361,0.0003152969,0.001043004,8.652085E-06,0.004828276,0.0002521469,0.005080682,7.023363E-05,0.006419495,0.0008906633,0.006585561,0.004640078,0.008538583,0.002447227,0,0.0007404625,1.030455E-05,0.0002394533,7.303229E-05,0.0002080283,0.001707937,0,0.001897154,1.820321E-09,0.0003724679,2.739681E-05,0.0005076414,0.001842472,0.0001995627,0.0001037445,0.003320615,0.0174306,0.0007239907,0.003024108,0.005762961,0.01736364,0.0005550986,0.0022728,0.0004648486,0.006603631,0.01663769,0.002760063,0.01710785,0.0003430403,0.007945042,0.01085614,0.0001338801,0.0004430401,0.00052431,5.855302E-05,0.01226162,0.006482452,0.000327375,0.000217529,2.951778E-07,0.01857447,0.003635014,0.0005185577,0.01756497,0.1279922,0.09413882,0.08217621,0.0265062,0.03124096,0.002745534
74,0.0009371351,0.0003095459,0.000314911,0.00104325,8.649034E-06,0.004854381,0.0002522414,0.005088592,7.149044E-05,0.006471809,0.0008954352,0.006601072,0.004897275,0.008298723,0.002398731,0,0.0007427243,8.483338E-06,0.0002602893,7.330372E-05,0.000201869,0.001690852,0,0.001847148,1.784246E-09,0.0003711647,2.649629E-05,0.0005060784,0.001797669,0.000171121,0.0001030321,0.003318086,0.01707995,0.0007210539,0.002969001,0.00602446,0.01792618,0.0005631439,0.002269984,0.000456179,0.006717744,0.01679469,0.002865543,0.01747538,0.0003399576,0.007899933,0.01061433,0.0001307804,0.0004404871,0.0005652063,4.660202E-05,0.010961,0.006297255,0.0003467941,0.0001947378,3.180538E-07,0.01893738,0.003668071,0.0005197472,0.0157301,0.125393,0.09508827,0.08075313,0.02752921,0.03135145,0.002624308
75,0.0009334825,0.0003091128,0.0003138208,0.001043675,8.645387E-06,0.004848822,0.0002525629,0.005099002,7.268104E-05,0.006529141,0.0009012434,0.00661617,0.00512692,0.008066891,0.002341074,0,0.0007855419,6.539191E-06,0.0002475264,7.340455E-05,0.0001960223,0.001668311,0,0.001782957,1.727441E-09,0.0003681192,2.516958E-05,0.0005039065,0.001740273,0.0001411702,0.0001001884,0.003310311,0.01672836,0.0007098151,0.002885441,0.006290066,0.01848084,0.0005710126,0.002274267,0.0004437226,0.006698896,0.01692563,0.002971677,0.01785369,0.0003368409,0.007845053,0.01030082,0.0001260993,0.0004363979,0.0006048171,3.596269E-05,0.01003325,0.006226153,0.0004013443,0.000213824,3.419403E-07,0.01928124,0.003709078,0.0005170722,0.01368432,0.1226212,0.09515726,0.0791064,0.02824976,0.03115029,0.002510255
76,0.0009298903,0.0003088766,0.0003120143,0.001043956,8.641338E-06,0.004774144,0.0002527706,0.005111714,7.38727E-05,0.006592934,0.0009073691,0.00663236,0.005204788,0.007841182,0.0023108,0,0.0008179439,4.858894E-06,0.0002181186,7.323213E-05,0.000193809,0.001651529,0,0.001739184,1.686005E-09,0.0003653602,2.464922E-05,0.0005017769,0.001699649,0.0001365468,0.0001016173,0.003318208,0.01637156,0.0006977098,0.002803616,0.006516741,0.0189774,0.000578722,0.002274894,0.0004321293,0.006766177,0.01713309,0.003063707,0.01819535,0.0003336362,0.007784984,0.01015428,0.000121407,0.0004354651,0.0006368622,2.72699E-05,0.00671932,0.00472552,0.0003804361,0.0001787462,3.665289E-07,0.01975296,0.003748954,0.000507688,0.01212118,0.1199062,0.09437785,0.0785111,0.02866488,0.03080823,0.002425032
77,0.0009316571,0.0003091324,0.0003106726,0.001044002,8.637044E-06,0.004709678,0.0002527813,0.005127017,7.506754E-05,0.006663967,0.0009140076,0.006649251,0.005301253,0.007633497,0.002305648,0,0.0006266232,3.813037E-06,0.0001970744,7.345941E-05,0.000193319,0.001644834,0,0.001736877,1.683872E-09,0.0003632585,2.520796E-05,0.0004999314,0.001694123,0.0001756211,0.0001092512,0.003335689,0.01602248,0.0006891309,0.002751465,0.006686961,0.01942995,0.000586352,0.002272254,0.0004305226,0.007011879,0.01736178,0.003137454,0.01848484,0.0003304911,0.007724844,0.01017053,0.000117866,0.0004362197,0.0006654075,2.211077E-05,0.005155603,0.004085121,0.0003378983,0.000110817,3.906719E-07,0.02026572,0.003787165,0.0004953959,0.01143513,0.1175279,0.09349835,0.07810224,0.02908137,0.03044136,0.002392522
78,0.0009374324,0.0003102922,0.0003102621,0.001043974,8.63274E-06,0.004685456,0.0002527707,0.005149015,7.642218E-05,0.006756384,0.0009205952,0.006673788,0.005454836,0.007445724,0.002305776,0,0.0005604465,3.10118E-06,0.0001828473,7.398848E-05,0.0001949051,0.001642713,0,0.001744085,1.706127E-09,0.0003613963,2.627123E-05,0.0004984955,0.001712676,0.0002052488,0.0001150092,0.003354631,0.01570146,0.0006851355,0.0027427,0.006733265,0.01973847,0.0005931081,0.002269894,0.0004357286,0.00730346,0.0175882,0.003159204,0.01869934,0.0003275462,0.007669744,0.01023479,0.000116876,0.0004367822,0.0006907431,1.941793E-05,0.004726139,0.004306962,0.0003861147,8.533663E-05,4.130668E-07,0.02079386,0.003820414,0.0004851171,0.01143707,0.1162697,0.09344386,0.07772067,0.02922234,0.03022532,0.002420792
79,0.0009423207,0.0003115483,0.0003089087,0.001044244,8.629944E-06,0.004668518,0.0002530541,0.005186187,7.763934E-05,0.00686237,0.0009266849,0.006705869,0.005315945,0.007307984,0.002306927,0,0.0006278415,2.772151E-06,0.0001815964,7.449919E-05,0.0001998044,0.001654069,0,0.001762468,1.744925E-09,0.0003608858,2.742624E-05,0.0004978762,0.001742178,0.000209353,0.000117106,0.003384309,0.01542853,0.0006863562,0.002769255,0.006450581,0.0193182,0.0005849567,0.002274095,0.0004428869,0.007286796,0.01762152,0.003054999,0.01864647,0.0003250281,0.00762355,0.01032651,0.0001181693,0.0004396129,0.0006525637,1.716768E-05,0.003924151,0.004364046,0.0004291612,7.434601E-05,3.897294E-07,0.02014961,0.003831848,0.0004825049,0.01201941,0.116893,0.09412854,0.07834533,0.02829995,0.03044836,0.002514185
80,0.0009404043,0.0003113868,0.000305413,0.001044876,8.628083E-06,0.00462251,0.0002535384,0.005227519,7.808421E-05,0.006952167,0.0009306284,0.006717887,0.004769952,0.007198699,0.00229558,0,0.0007539637,2.098938E-06,0.0001795293,7.55937E-05,0.0002044355,0.001663826,0,0.001774475,1.772931E-09,0.0003589283,2.823163E-05,0.0004979297,0.001773488,0.0001989093,0.0001158983,0.003401054,0.01519774,0.000691076,0.002814583,0.006065399,0.01855202,0.0005737683,0.00228522,0.0004475368,0.006921161,0.01751251,0.002898138,0.01838811,0.0003229299,0.007585661,0.01039974,0.000120843,0.0004397187,0.0005837879,1.547591E-05,0.003054541,0.004329536,0.00044254,6.909956E-05,3.484032E-07,0.01906661,0.003778987,0.0004863009,0.01298398,0.1183776,0.09455153,0.07935696,0.02699969,0.03086685,0.002641799
81,0.000935024,0.0003091739,0.0003005772,0.001045773,8.627345E-06,0.004554318,0.0002541609,0.005263152,7.786346E-05,0.007012859,0.0009316386,0.006692658,0.004337098,0.00709699,0.002276397,0,0.0008774968,1.675219E-06,0.000125262,7.72644E-05,0.0002093924,0.001669605,0,0.001776099,1.79237E-09,0.0003561025,2.83879E-05,0.00049857,0.00180011,0.0001783182,0.0001104657,0.003394054,0.01500044,0.0006980633,0.002869855,0.005669604,0.0175717,0.0005629983,0.002303385,0.0004495848,0.006468791,0.01721715,0.002729063,0.01790221,0.0003211327,0.007550472,0.01045497,0.0001243884,0.000436647,0.0005272952,1.528874E-05,0.002161874,0.003611315,0.0003782585,5.62124E-05,3.059355E-07,0.01786669,0.003682612,0.0004964781,0.01426398,0.11964,0.0937837,0.08035629,0.02560362,0.03102647,0.002768306
82,0.0009310559,0.0003057815,0.0002956865,0.001046325,8.627407E-06,0.004498437,0.0002546393,0.005289732,7.811358E-05,0.007056669,0.0009324979,0.006674617,0.004082831,0.006981225,0.002273935,0,0.0009646598,3.272284E-06,7.691778E-05,7.67174E-05,0.000214178,0.001669977,0,0.001763712,1.802666E-09,0.0003550601,2.709816E-05,0.0005001793,0.001809514,0.0001448836,9.970316E-05,0.00332561,0.01483548,0.0007067407,0.002928548,0.005289608,0.01648749,0.0005523953,0.002319429,0.0004541687,0.006082755,0.01667491,0.002580564,0.01718529,0.0003193963,0.00751288,0.01059797,0.0001281547,0.0004376343,0.0004732096,1.555852E-05,0.001942059,0.003372019,0.0003398182,4.798028E-05,2.644236E-07,0.01673716,0.003619394,0.0005105301,0.01587907,0.1213618,0.0883466,0.08231784,0.02415389,0.03041624,0.002861754
83,0.000927111,0.0003030034,0.0002918546,0.001046535,8.627941E-06,0.004459921,0.0002548688,0.005312343,7.920795E-05,0.007102691,0.0009344726,0.00667912,0.004165739,0.006834009,0.002276618,0,0.001000467,6.250493E-06,0.0001186956,7.526828E-05,0.0002165954,0.001666527,0,0.001767403,1.794573E-09,0.0003548069,2.662069E-05,0.0005025475,0.001828874,0.0001520068,8.900425E-05,0.003285344,0.01465467,0.0007156144,0.002983496,0.005285771,0.01632358,0.0005478709,0.002315955,0.0004614457,0.00610577,0.01632504,0.002568366,0.01677729,0.0003176526,0.007486877,0.01076158,0.000131467,0.0004417513,0.0004634131,1.683787E-05,0.003107443,0.004907797,0.0004082392,5.326037E-05,2.579029E-07,0.0169921,0.003630481,0.0005161012,0.01752526,0.1234502,0.0849825,0.08420823,0.02427958,0.03051772,0.002890602
84,0.0005526335,0.0003707133,0.0002085457,0.001046532,8.914661E-06,0.006198687,0.0002547888,0.005326661,8.070831E-05,0.007150955,0.0009374478,0.00669202,0.004350685,0.009388289,0.001818815,0,0.0008316526,8.161139E-06,0.0001011139,7.432213E-05,0.0002151196,0.001315403,0,0.00144771,1.799755E-09,0.0003184281,4.513975E-05,0.0005047033,0.001853265,0.0001925882,7.744074E-05,0.003111391,0.01607188,0.001128618,0.003029288,0.005464974,0.01671018,0.0005523774,0.00230153,0.0004687854,0.006355068,0.01644339,0.002626672,0.01683904,0.0005417601,0.004533274,0.0108922,0.0001337656,0.0004446265,0.0004902465,1.781155E-05,0.00610316,0.008825745,0.0006463279,7.79035E-05,2.737254E-07,0.01773975,0.003666695,0.0005169332,0.0192693,0.1651464,0.0976599,0.1401148,0.02534279,0.03093031,0.002847799
85,0.0005536969,0.0003683371,0.0002080065,0.001046543,8.912845E-06,0.006183283,0.0002546615,0.005336829,8.224665E-05,0.007202537,0.0009416462,0.006707488,0.00457137,0.009048717,0.001826756,0,0.0007770178,9.361243E-06,0.0001352293,7.394531E-05,0.0002120848,0.001320714,0,0.001459323,1.791622E-09,0.0003197866,4.149009E-05,0.0005050328,0.001849268,0.0001960088,8.264618E-05,0.0031335,0.01579244,0.001128118,0.003033144,0.005715112,0.01728114,0.0005597521,0.002288946,0.0004692585,0.006642,0.01668853,0.002714044,0.01711527,0.0005334268,0.004556357,0.01089287,0.0001341077,0.0004464416,0.000529465,1.755901E-05,0.00651276,0.01034982,0.0007599356,8.767623E-05,2.975795E-07,0.01846578,0.003707642,0.000517558,0.01846385,0.1575478,0.09938277,0.1368201,0.02650393,0.03132271,0.002753334
86,0.0005545394,0.0003669997,0.0002092886,0.001046843,8.910299E-06,0.006157484,0.0002547998,0.005347083,8.371779E-05,0.007260696,0.0009473517,0.006723169,0.004828163,0.008709261,0.001812024,0,0.0006641019,9.076777E-06,0.0001627451,7.424694E-05,0.0002058441,0.001320375,0,0.001444181,1.758804E-09,0.000319166,3.558553E-05,0.0005035688,0.001804656,0.0001686618,8.219037E-05,0.003142583,0.01552495,0.001111569,0.002978962,0.005975085,0.01784471,0.0005676731,0.002288085,0.0004608817,0.006762492,0.01684503,0.002817598,0.01747517,0.0005241219,0.004590354,0.01065529,0.0001312628,0.0004445316,0.0005713597,1.629372E-05,0.005784277,0.01076817,0.0008698209,9.870966E-05,3.209447E-07,0.01883407,0.003752787,0.0005187744,0.01652869,0.1477677,0.1008727,0.1303337,0.02752666,0.03143222,0.002632076
87,0.0005530473,0.0003662063,0.0002102564,0.00104733,8.907123E-06,0.006089733,0.0002551258,0.00535873,8.511163E-05,0.007323718,0.0009541519,0.006738471,0.005058355,0.00838898,0.001789385,0,0.0007227877,9.367378E-06,0.0001858056,7.437553E-05,0.000199714,0.001315428,0,0.001416674,1.705537E-09,0.0003169805,3.035149E-05,0.0005015055,0.001747274,0.0001395009,8.001814E-05,0.003146045,0.01525407,0.001082898,0.00289589,0.006238332,0.01839794,0.0005754433,0.002294176,0.0004485474,0.006746971,0.01697456,0.002921585,0.01784297,0.0005146954,0.004624621,0.01034425,0.0001267161,0.0004408034,0.0006117767,1.470957E-05,0.004940191,0.007764833,0.0008989463,0.0001179862,3.452215E-07,0.01918248,0.003798399,0.000516138,0.01436584,0.1389632,0.1014021,0.1238158,0.02824765,0.03122776,0.002516613
88,0.0005515906,0.0003656455,0.0002107636,0.00104767,8.903538E-06,0.005939572,0.0002552964,0.005371745,8.650451E-05,0.007393319,0.0009612882,0.00675489,0.005138818,0.008085049,0.001786047,0,0.0008121126,1.021027E-05,0.0002027664,7.422468E-05,0.0001970385,0.001314387,0,0.001403324,1.667069E-09,0.0003149337,2.72043E-05,0.0004994867,0.001706624,0.0001350441,8.123356E-05,0.003163387,0.01497509,0.00105366,0.002814244,0.006462613,0.01889091,0.0005830683,0.002296359,0.0004370023,0.00681615,0.01717969,0.003011715,0.01817076,0.0005052998,0.004654544,0.01019939,0.0001220513,0.000439769,0.000644139,1.256638E-05,0.006841694,0.009781854,0.00121399,0.0001474406,3.699109E-07,0.01965555,0.003837577,0.0005068392,0.01270699,0.131385,0.1009577,0.1193993,0.0286638,0.03087694,0.002426452
89,0.0005533207,0.0003656624,0.0002115508,0.001047778,8.899704E-06,0.005806729,0.000255227,0.005385701,8.789969E-05,0.007470031,0.0009689615,0.006772024,0.005236908,0.007807502,0.001800284,0,0.0006258327,1.064041E-05,0.0002163749,7.447248E-05,0.0001958959,0.001320706,0,0.001421578,1.667107E-09,0.0003134173,2.605039E-05,0.0004977449,0.00170087,0.0001728713,8.733444E-05,0.003188741,0.01469814,0.001030508,0.002761821,0.006630635,0.01933751,0.0005906319,0.002294823,0.0004353578,0.007059731,0.01740503,0.003083862,0.01844359,0.0004962126,0.004680538,0.01021554,0.0001184461,0.0004397148,0.0006721625,1.045775E-05,0.006531903,0.01245683,0.001466406,0.0001315751,3.938235E-07,0.0201672,0.003867562,0.0004946404,0.01196226,0.1250929,0.1003383,0.1156558,0.02908144,0.03049803,0.002388362
90,0.0005574318,0.0003667415,0.0002129344,0.001047803,8.895871E-06,0.005726486,0.000255092,0.00540469,8.947549E-05,0.007569275,0.0009765929,0.006796911,0.005390588,0.007556528,0.001816932,0,0.0005575423,1.074357E-05,0.000223687,7.502077E-05,0.0001967194,0.001330084,0,0.001445987,1.690944E-09,0.0003121011,2.592683E-05,0.0004963971,0.001718821,0.000201101,9.188266E-05,0.003214413,0.014441,0.001014819,0.002752213,0.006675915,0.01964017,0.0005973217,0.002293092,0.0004403802,0.007345212,0.01762736,0.003105182,0.0186419,0.0004876388,0.004705204,0.01027805,0.0001173221,0.0004389515,0.0006963057,8.716798E-06,0.007062452,0.0156176,0.001910925,0.0001359299,4.156298E-07,0.02069241,0.003885991,0.0004844328,0.01193099,0.1206944,0.1005608,0.1122747,0.02922329,0.03026775,0.002411669
91,0.0005609958,0.0003679238,0.0002136278,0.001048117,8.893615E-06,0.005659696,0.000255207,0.005438375,9.08913E-05,0.007682958,0.0009836755,0.00682942,0.005254387,0.007370109,0.001833251,0,0.000574377,1.045193E-05,0.0002023769,7.554766E-05,0.0002007346,0.00134978,0,0.001478355,1.731033E-09,0.0003119667,2.604048E-05,0.0004958451,0.001747341,0.0002043698,9.347461E-05,0.003249614,0.01422337,0.001007276,0.002777336,0.006395252,0.01921939,0.0005892019,0.002297642,0.0004472698,0.007318609,0.0176572,0.003002757,0.01858039,0.0004799142,0.004731171,0.01036714,0.0001184659,0.0004402981,0.0006562821,7.709008E-06,0.007439825,0.01760227,0.002477261,0.0001608355,3.914179E-07,0.02004881,0.003879018,0.0004818227,0.01250144,0.118793,0.1015403,0.1105129,0.02830145,0.03047672,0.002501156
92,0.0005604528,0.0003674187,0.0002127632,0.001048661,8.892306E-06,0.005561166,0.0002554766,0.005476473,9.141875E-05,0.007779225,0.0009884002,0.006841405,0.004715676,0.007216586,0.001838161,0,0.0005637701,8.180416E-06,0.0001815389,7.666209E-05,0.0002043309,0.001367798,0,0.001504058,1.760022E-09,0.0003106018,2.578053E-05,0.0004959397,0.001777345,0.0001935815,9.2401E-05,0.003271501,0.01404046,0.001005104,0.002820648,0.006013148,0.01845508,0.000578078,0.002308969,0.0004516023,0.006942657,0.017545,0.002848588,0.01831738,0.0004729953,0.004758839,0.01043702,0.0001209757,0.0004391022,0.0005862769,7.670246E-06,0.006635874,0.01713005,0.002813307,0.0001751236,3.494633E-07,0.01896884,0.003807738,0.0004855733,0.01346706,0.1182445,0.1021908,0.109474,0.02700105,0.03088643,0.002627974
93,0.0005577942,0.0003644929,0.0002108786,0.001049534,8.892172E-06,0.005438479,0.0002558416,0.005509097,9.117158E-05,0.007844119,0.000989939,0.0068154,0.004288546,0.007071479,0.001835438,0,0.0005322001,6.10766E-06,8.508732E-05,7.836179E-05,0.0002081275,0.001382278,0,0.001519767,1.780191E-09,0.0003084883,2.487426E-05,0.0004965969,0.001802527,0.0001731727,8.796418E-05,0.003269955,0.01388539,0.001006351,0.002873405,0.005620522,0.01747843,0.0005673834,0.002327255,0.0004532941,0.006480836,0.01724695,0.00268242,0.01783006,0.0004666845,0.004785558,0.01048868,0.0001243499,0.0004349804,0.0005288755,8.393241E-06,0.004980444,0.01359973,0.0025181,0.0001509971,3.065287E-07,0.01777272,0.00369286,0.0004956853,0.01475899,0.1178386,0.1015144,0.1086233,0.02560459,0.03104314,0.002756808
94,0.0005559205,0.0003601974,0.0002088784,0.001050072,8.892855E-06,0.005335321,0.0002560263,0.005532221,9.147634E-05,0.007889947,0.0009913644,0.006796698,0.00403564,0.006913422,0.001844596,0,0.0004959581,5.571223E-06,6.09955E-05,7.784551E-05,0.0002116359,0.001391916,0,0.001522202,1.791266E-09,0.0003078314,2.2535E-05,0.0004981949,0.001810585,0.0001405807,7.933284E-05,0.003209573,0.01375765,0.001010127,0.002929265,0.00524366,0.01639936,0.00055684,0.002343593,0.0004574907,0.006086008,0.01670338,0.002536475,0.01711898,0.0004606325,0.00480837,0.01062796,0.0001279523,0.0004349047,0.0004735484,9.402253E-06,0.003883933,0.01030848,0.00211076,0.0001239956,2.646077E-07,0.01664647,0.00361081,0.0005097191,0.01640005,0.1183085,0.09572856,0.1091851,0.02415496,0.03043019,0.002852061
95,0.0005540068,0.0003566384,0.0002075489,0.001050261,8.894026E-06,0.005255054,0.0002559321,0.005551296,9.275851E-05,0.007937768,0.0009940335,0.006800959,0.004115243,0.006721,0.00185666,0,0.0004615324,6.082499E-06,6.957043E-05,7.639881E-05,0.0002127089,0.001398191,0,0.001537427,1.784276E-09,0.0003078359,2.146469E-05,0.0005005307,0.001828486,0.0001476255,7.07846E-05,0.00317451,0.01361154,0.001014284,0.002981189,0.005237787,0.01623309,0.0005523294,0.002340674,0.0004644011,0.0060997,0.01635328,0.002523915,0.01672022,0.0004547262,0.00483655,0.01078829,0.0001311067,0.0004381206,0.0004628474,9.797845E-06,0.00374792,0.01100906,0.002349766,0.0001309781,2.575653E-07,0.01690007,0.003604366,0.0005154235,0.01808063,0.1194119,0.0922384,0.1097729,0.02428119,0.03053392,0.002883993
96,0.0008283929,0.0004307606,0.0003212525,0.001050225,8.033043E-06,0.003891384,0.0002554979,0.005562359,9.45108E-05,0.007988194,0.000997788,0.006813752,0.004295798,0.005770714,0.002266843,0,0.0005366278,5.690186E-06,9.193697E-05,7.544718E-05,0.000209888,0.001525249,0,0.001557817,1.790951E-09,0.0004397923,2.489394E-05,0.0005026446,0.001851367,0.0001874565,0.0001671486,0.003770713,0.01668392,0.0008873646,0.003023973,0.005412064,0.01661048,0.0005567804,0.002326429,0.0004714481,0.006341633,0.01647174,0.002579918,0.01679616,0.0008819849,0.01344233,0.01091617,0.0001332874,0.0004403292,0.0004893884,9.408738E-06,0.003461596,0.01169399,0.002536341,0.0001338791,2.731479E-07,0.01764692,0.003626459,0.000516462,0.01449086,0.1287408,0.08179571,0.1266121,0.02534517,0.03095329,0.002845347
97,0.0008296169,0.0004275928,0.0003188052,0.001050197,8.031949E-06,0.003915534,0.0002549932,0.005569804,9.630604E-05,0.008042495,0.001002827,0.006829164,0.004511866,0.005632608,0.00226133,0,0.0005091592,5.316322E-06,0.0001024562,7.506422E-05,0.0002059049,0.001524476,0,0.001564702,1.784629E-09,0.0004366167,2.385154E-05,0.0005029325,0.001846531,0.0001913946,0.0001774021,0.00376404,0.01634961,0.000889561,0.003025888,0.005655779,0.01716861,0.000564089,0.002313967,0.0004718758,0.006624539,0.01671635,0.002664022,0.01708626,0.0008550094,0.01320753,0.01091579,0.0001336007,0.0004417773,0.0005286967,8.22325E-06,0.002935651,0.01073238,0.002482285,0.0001305626,2.96896E-07,0.01837427,0.003657942,0.0005173102,0.01397464,0.125942,0.08387525,0.1238014,0.0265072,0.03135504,0.002753272
98,0.0008302549,0.0004256295,0.0003180426,0.001050454,8.030188E-06,0.003948584,0.0002547569,0.00557789,9.802257E-05,0.008104337,0.001009453,0.006844796,0.00476486,0.005521431,0.002222581,0,0.0005144432,5.087769E-06,0.0001025762,7.536841E-05,0.0001991128,0.001514571,0,0.001540484,1.753394E-09,0.0004336807,2.09763E-05,0.0005014284,0.001801768,0.0001654216,0.000175673,0.003740066,0.01600876,0.0008819688,0.002971091,0.005909571,0.01771905,0.0005719474,0.002313277,0.0004635401,0.006744916,0.01687262,0.002763974,0.01746056,0.0008253001,0.01289102,0.01067817,0.0001307926,0.0004398701,0.0005709724,6.771228E-06,0.002253609,0.009248737,0.002331584,0.0001255493,3.202923E-07,0.01874638,0.003698305,0.0005187367,0.01260289,0.1214567,0.08584356,0.1186019,0.02753069,0.03147212,0.002633617
99,0.0008273192,0.0004243033,0.0003165255,0.001050899,8.027882E-06,0.003959128,0.0002547248,0.005587752,9.964855E-05,0.008171697,0.001017232,0.006860022,0.004991603,0.005421858,0.002174641,0,0.000558014,5.14224E-06,0.0001058963,7.550151E-05,0.0001927431,0.001498887,0,0.001503026,1.701929E-09,0.0004284272,1.827734E-05,0.0004993243,0.001744459,0.0001374893,0.0001704367,0.003710632,0.01566255,0.000865289,0.002888033,0.006167449,0.01826118,0.0005796594,0.002319605,0.0004512505,0.006731172,0.01700233,0.00286479,0.01784492,0.0007961342,0.01256429,0.01036758,0.0001263203,0.0004363242,0.000611924,5.227109E-06,0.001613852,0.007085504,0.002102265,0.000119145,3.446602E-07,0.01909941,0.003742431,0.0005163101,0.01103167,0.1171239,0.08697076,0.1134583,0.02825222,0.03127406,0.002519626
100,0.0008243819,0.000423252,0.0003143002,0.001051197,8.025193E-06,0.003917816,0.0002545653,0.005599424,0.000101272,0.008246467,0.001025358,0.006876403,0.005070576,0.005324628,0.002151195,0,0.0005698301,4.968635E-06,0.0001066383,7.535056E-05,0.0001900118,0.001487836,0,0.001481183,1.665096E-09,0.000423339,1.696746E-05,0.0004972634,0.001703811,0.0001338161,0.0001725406,0.00369914,0.01531446,0.0008479499,0.00280664,0.00638827,0.0187464,0.0005872266,0.002322096,0.0004398235,0.006802858,0.01720842,0.002952637,0.01819132,0.0007683094,0.01224701,0.01022332,0.0001217686,0.0004355866,0.0006451982,5.011722E-06,0.001079947,0.005257284,0.001646349,0.0001032,3.695566E-07,0.01957699,0.003783461,0.0005072379,0.009821036,0.1130906,0.08720315,0.1101334,0.02866838,0.03093435,0.002434732
101,0.0008261948,0.0004228769,0.0003125428,0.001051266,8.022282E-06,0.003885924,0.0002541994,0.005613291,0.0001028969,0.008329696,0.00103404,0.006893508,0.005167305,0.005235011,0.002150303,0,0.0004930873,4.441544E-06,0.0001062338,7.559885E-05,0.0001890324,0.001485423,0,0.001493165,1.666864E-09,0.0004190745,1.699887E-05,0.0004954867,0.001697748,0.0001719338,0.0001851043,0.003698903,0.0149783,0.0008351324,0.002754343,0.006554798,0.0191885,0.0005947124,0.002321155,0.0004383635,0.007049587,0.01743532,0.003023333,0.01848463,0.0007423107,0.01194908,0.01024062,0.0001183109,0.0004362792,0.0006749136,5.540503E-06,0.001025272,0.005268728,0.001606862,0.0001123287,3.939279E-07,0.0200944,0.00382077,0.0004952588,0.009303711,0.1096176,0.08722469,0.107264,0.02908573,0.03056832,0.002402168
102,0.0008315715,0.000423733,0.0003117161,0.001051259,8.019374E-06,0.003886085,0.0002538051,0.005633864,0.0001047265,0.008438604,0.001042714,0.006918543,0.005319583,0.005154213,0.002153815,0,0.000439922,4.02836E-06,0.0001082617,7.615137E-05,0.0001901713,0.001487018,0,0.001512471,1.692841E-09,0.0004151544,1.769836E-05,0.0004941161,0.00171523,0.0002007669,0.0001944287,0.003701075,0.0146713,0.0008279107,0.002744435,0.006600943,0.0194897,0.0006012937,0.002320355,0.0004436055,0.007340795,0.01765943,0.003044551,0.01870245,0.0007183243,0.0116769,0.01030538,0.0001173405,0.0004366993,0.0007013107,6.98086E-06,0.001242024,0.0057952,0.001720527,0.0001437232,4.164337E-07,0.02062639,0.003851347,0.0004852419,0.009336641,0.1074075,0.08792947,0.1046116,0.0292274,0.03035236,0.002430601
103,0.0008361482,0.000424717,0.0003099437,0.001051559,8.017921E-06,0.003893353,0.0002537037,0.005670306,0.0001063707,0.008564143,0.001050813,0.00695133,0.005187729,0.005116983,0.00215775,0,0.0004343615,3.680211E-06,0.0001082907,7.66851E-05,0.0001946225,0.001500676,0,0.001540785,1.735451E-09,0.0004127955,1.841971E-05,0.0004935563,0.001743314,0.0002047252,0.0001975615,0.003716356,0.01441125,0.0008269326,0.002769194,0.006324791,0.01907389,0.0005931331,0.002326044,0.0004507584,0.007322838,0.01769037,0.002944291,0.01865256,0.0006966984,0.01143405,0.01039704,0.000118601,0.0004393215,0.0006633856,8.750633E-06,0.001515322,0.005758529,0.001800876,0.0001632591,3.929256E-07,0.01998964,0.003859056,0.0004828181,0.00984019,0.1071197,0.08925453,0.1033644,0.02830575,0.03057504,0.002523449
104,0.000834607,0.000423757,0.0003059958,0.001052111,8.017367E-06,0.003875703,0.0002537935,0.005711563,0.0001069928,0.008671509,0.001056351,0.006963222,0.00465907,0.005097396,0.002149573,0,0.0004498606,3.41285E-06,0.0001089846,7.781605E-05,0.0001988109,0.001512871,0,0.001562912,1.766889E-09,0.0004089394,1.86878E-05,0.0004936617,0.001772957,0.0001943539,0.0001951238,0.003717869,0.01419056,0.0008300196,0.002812268,0.005947884,0.01831842,0.0005819961,0.00233862,0.0004553637,0.006954837,0.01757919,0.002793146,0.01839635,0.0006771388,0.01121652,0.01046927,0.0001212141,0.0004392016,0.0005945495,1.203371E-05,0.002210008,0.00606194,0.00205908,0.0002017351,3.513221E-07,0.0189153,0.00380264,0.0004867833,0.01065651,0.1078307,0.09025364,0.1027546,0.02700545,0.03099146,0.002648761
105,0.0008299729,0.0004200242,0.0003007166,0.00105301,8.017895E-06,0.003837698,0.000254006,0.005747245,0.0001067147,0.008745134,0.001058423,0.006936454,0.004239577,0.00507653,0.002133779,0,0.0004974073,3.911121E-06,9.078304E-05,7.954723E-05,0.0002033347,0.001521467,0,0.001575243,1.789296E-09,0.0004042449,1.829303E-05,0.0004943486,0.001797872,0.000173949,0.0001855739,0.0036938,0.01400125,0.0008356548,0.002864982,0.005560148,0.01735272,0.0005713009,0.002358224,0.0004572887,0.00649912,0.01728204,0.002630178,0.01791363,0.0006592203,0.01101363,0.01052259,0.0001246807,0.0004358568,0.0005377237,1.769572E-05,0.003319776,0.006320806,0.002343159,0.0002497257,3.084554E-07,0.01772362,0.003701449,0.0004971398,0.01173202,0.1084713,0.09003729,0.1023084,0.02560867,0.03114638,0.002772555
106,0.000826598,0.0004147622,0.0002954762,0.001053592,8.019168E-06,0.00381096,0.0002540699,0.005772731,0.0001070855,0.008797295,0.001060448,0.006917189,0.003989923,0.005038654,0.002133004,0,0.0005584934,5.279034E-06,8.148214E-05,7.906227E-05,0.0002077139,0.001525018,0,0.001574292,1.802436E-09,0.0004016357,1.648978E-05,0.0004959938,0.001805798,0.0001409399,0.0001671232,0.003603556,0.01384152,0.0008431607,0.00292096,0.005187806,0.01628452,0.0005607571,0.00237613,0.000461654,0.006109481,0.01673861,0.002487139,0.01720412,0.0006424009,0.01081927,0.01066333,0.0001283591,0.0004364446,0.0004827084,2.325739E-05,0.004600832,0.006451774,0.002608232,0.0003027956,2.664929E-07,0.01660125,0.003632148,0.000511393,0.01308323,0.1097911,0.08523807,0.1031444,0.02415842,0.03052897,0.002864772
107,0.0008232234,0.0004103778,0.0002913539,0.001053839,8.020878E-06,0.003797536,0.0002538783,0.005793516,0.00010859,0.008850723,0.001063887,0.006921353,0.004069567,0.004965588,0.002136468,0,0.0006132185,7.843103E-06,6.176001E-05,7.761524E-05,0.0002098201,0.001525068,0,0.001586807,1.797174E-09,0.0003999736,1.595229E-05,0.0004983946,0.00182347,0.000147745,0.0001489732,0.003544652,0.01366278,0.0008507851,0.002972994,0.00518391,0.01612265,0.0005562149,0.002374814,0.0004686994,0.006128597,0.01638902,0.002475396,0.01680724,0.0006263781,0.01065117,0.01082504,0.0001316023,0.0004403002,0.0004727033,2.508967E-05,0.00578979,0.006053867,0.002730135,0.0003556541,2.5969E-07,0.01685762,0.003638375,0.0005171854,0.01446139,0.11153,0.08240791,0.1039631,0.02428251,0.03062833,0.002895225
108,0.000740023,0.0004698488,0.0002664325,0.001053876,5.944329E-06,0.005047463,0.0002533621,0.005805455,0.0001106398,0.008906294,0.001068537,0.006934267,0.0042499,0.006710004,0.002236806,0,0.0008188317,8.466073E-06,9.324821E-05,7.665734E-05,0.000208092,0.00147496,0,0.002800738,1.805911E-09,0.0002000659,1.86038E-05,0.0005005875,0.001846043,0.0001867162,0.0001122618,0.003237922,0.01039945,0.0008131099,0.003015916,0.00535887,0.01649992,0.0005606057,0.002361406,0.000475839,0.006375535,0.01650785,0.002531074,0.01688335,0.0003662203,0.01258106,0.01095412,0.0001338529,0.0004430542,0.0005003124,2.418469E-05,0.008372917,0.006973132,0.003366005,0.0004770019,2.754881E-07,0.01760647,0.00367134,0.0005182216,0.01643236,0.1570634,0.0717438,0.07124056,0.02534409,0.03104293,0.002854859
109,0.0007412094,0.0004661708,0.0002646516,0.001053928,5.944017E-06,0.005059741,0.0002527888,0.00581301,0.000112739,0.008965568,0.001074562,0.006949892,0.004466113,0.006487737,0.00223028,0,0.0009319493,8.520162E-06,0.0001191257,7.626883E-05,0.0002050242,0.001473828,0,0.002708625,1.801417E-09,0.0002027794,1.80316E-05,0.0005009716,0.001840937,0.0001895524,0.0001199965,0.003253413,0.01033021,0.0008172502,0.003018162,0.005602755,0.01705659,0.0005678615,0.002349424,0.0004762968,0.006661567,0.01675243,0.002614412,0.01717369,0.0003609099,0.01232483,0.01095368,0.0001341715,0.0004448843,0.0005407297,2.197523E-05,0.009826544,0.007354516,0.00375814,0.0006002297,2.994349E-07,0.01833629,0.003710541,0.0005190574,0.01574473,0.1456515,0.07372848,0.07181601,0.02650434,0.0314399,0.002760486
110,0.0007420535,0.0004638488,0.0002649299,0.001054271,5.9432E-06,0.005058961,0.0002525042,0.005820693,0.000114746,0.009032713,0.00108227,0.006965731,0.004719485,0.006261243,0.002193445,0,0.001087617,8.7791E-06,0.0001399741,7.657675E-05,0.0001989926,0.001465205,0,0.002554312,1.770947E-09,0.000202905,1.569732E-05,0.000499569,0.001796187,0.0001626433,0.0001194023,0.003256002,0.01029787,0.0008118189,0.002963965,0.005856563,0.01760583,0.0005756727,0.002349247,0.0004679138,0.006782972,0.01690814,0.002713488,0.01754889,0.0003572134,0.01205955,0.01071474,0.000131333,0.0004430861,0.0005840168,2.142041E-05,0.01056562,0.00705223,0.003812719,0.0007204589,3.228961E-07,0.01871125,0.003755016,0.0005205098,0.01409057,0.1322772,0.07560356,0.07137088,0.02752667,0.03154945,0.002637387
111,0.0007397505,0.0004622277,0.0002647568,0.0010548,5.941965E-06,0.00502312,0.0002524538,0.005830006,0.000116647,0.009105732,0.001091177,0.006981182,0.004947304,0.006047694,0.002148367,0,0.001305767,9.234703E-06,0.0001525645,7.671653E-05,0.0001932851,0.001451479,0,0.002389257,1.719554E-09,0.0002022153,1.356102E-05,0.0004975647,0.001739007,0.0001341511,0.0001163134,0.003253188,0.01026431,0.000797808,0.002881602,0.006114425,0.0181483,0.0005833398,0.002356198,0.0004555221,0.006768995,0.01703699,0.002813758,0.01793431,0.000354029,0.0117999,0.01040225,0.0001268214,0.0004395165,0.0006258383,2.254578E-05,0.01202561,0.007162448,0.003863956,0.0008010694,3.472685E-07,0.01906658,0.003800859,0.0005180988,0.01223981,0.1208131,0.07672057,0.07082645,0.02824721,0.03134241,0.002520152
112,0.0007374582,0.0004608988,0.0002640257,0.001055183,5.940436E-06,0.00492263,0.000252319,0.005841174,0.0001185427,0.009186772,0.001100426,0.006997766,0.005028958,0.00584637,0.002128056,0,0.001491995,9.736775E-06,0.0001656694,7.657056E-05,0.000191139,0.00144233,0,0.002265187,1.682487E-09,0.000201578,1.268135E-05,0.0004955977,0.001698437,0.000129899,0.0001182612,0.003265285,0.01022107,0.0007831061,0.002800887,0.006335683,0.01863572,0.0005908597,0.002359343,0.0004439954,0.006839984,0.01724244,0.002901636,0.01828177,0.0003509206,0.01154787,0.01025634,0.0001222227,0.0004388118,0.0006597041,2.493811E-05,0.01378857,0.007628501,0.003982891,0.0009241076,3.721793E-07,0.01954547,0.003842606,0.0005089485,0.01081267,0.1112406,0.07703138,0.07116307,0.02866203,0.03099326,0.002432938
113,0.0007394179,0.000460296,0.0002636546,0.001055335,5.938734E-06,0.00483727,0.0002520216,0.005854705,0.0001204386,0.009277086,0.00111024,0.007015056,0.005128361,0.005664282,0.002130327,0,0.001471868,9.907623E-06,0.0001788692,7.683053E-05,0.0001906909,0.001441625,0,0.002207185,1.684178E-09,0.0002012792,1.295455E-05,0.0004939051,0.001692443,0.0001665836,0.0001274928,0.003286119,0.01017339,0.0007725337,0.002749215,0.006503224,0.01908116,0.000598296,0.002359107,0.0004424995,0.007087147,0.01746879,0.002972813,0.01857567,0.0003478933,0.01130824,0.01027259,0.0001187182,0.000439541,0.0006898415,2.886775E-05,0.01317602,0.007086828,0.003535246,0.0009387236,3.965189E-07,0.02006353,0.003879817,0.0004968456,0.01018325,0.1034762,0.07713882,0.07152243,0.02907799,0.03061821,0.002399239
114,0.0007445654,0.0004610171,0.000264022,0.001055414,5.937029E-06,0.00479461,0.0002517303,0.005875195,0.0001225663,0.009395461,0.001120067,0.007040416,0.005282945,0.005501656,0.00213703,0,0.00139588,1.1386E-05,0.0001974447,7.740114E-05,0.0001922974,0.001444851,0,0.002168757,1.710209E-09,0.0002011207,1.377856E-05,0.0004926077,0.001710122,0.0001941661,0.0001344481,0.003307676,0.01013209,0.0007671209,0.00273999,0.00655134,0.01938694,0.000604808,0.002359111,0.0004477792,0.007378882,0.01769224,0.00299529,0.01879346,0.0003450279,0.01108682,0.01033629,0.0001177213,0.0004398937,0.0007165521,3.544628E-05,0.01225191,0.007455832,0.003156576,0.0009640861,4.189375E-07,0.02059567,0.003908748,0.0004867079,0.01018092,0.0978317,0.07783216,0.07179254,0.02921842,0.03039366,0.002427296
115,0.0007489781,0.0004618734,0.0002635573,0.001055801,5.93643E-06,0.00476374,0.0002517671,0.005912208,0.0001244789,0.009532236,0.001129277,0.007073612,0.005153718,0.005402091,0.002144554,0,0.001328327,1.088822E-05,0.0001863302,7.795756E-05,0.0001971998,0.001459984,0,0.002151344,1.752857E-09,0.0002017692,1.457513E-05,0.0004921126,0.001738556,0.0001978518,0.0001370461,0.003339819,0.01011138,0.0007675208,0.002765689,0.00627818,0.01897785,0.0005966473,0.002365757,0.0004549948,0.007359575,0.01772248,0.002897223,0.01874306,0.0003425858,0.01088802,0.01042682,0.0001189707,0.000442401,0.0006778197,4.548835E-05,0.01059701,0.008666225,0.002698581,0.0009349104,3.949476E-07,0.01995941,0.00391278,0.0004842088,0.01070329,0.09460851,0.07907517,0.07290073,0.02829622,0.03060872,0.002520191
116,0.0007478612,0.0004606087,0.0002611764,0.001056436,5.936485E-06,0.004704562,0.0002520184,0.005954518,0.0001252146,0.009649636,0.001135661,0.007085494,0.004628882,0.005327932,0.002140224,0,0.001255645,8.173291E-06,0.0001652504,7.912357E-05,0.0002017964,0.001473679,0,0.002129973,1.783539E-09,0.0002016482,1.492578E-05,0.0004922751,0.001768627,0.0001878641,0.0001357093,0.003358267,0.01010788,0.0007717311,0.002809922,0.00590435,0.01822965,0.0005855311,0.002379463,0.0004596118,0.006987632,0.01761036,0.002748627,0.01848527,0.0003405152,0.01070798,0.01049758,0.0001215773,0.0004420226,0.0006069613,5.927785E-05,0.009834046,0.009934776,0.002387696,0.0009416695,3.526473E-07,0.01888502,0.003849401,0.0004881294,0.01156672,0.09284038,0.08003746,0.07435169,0.02699568,0.03101732,0.002645798
117,0.0007439355,0.0004563416,0.0002575838,0.001057433,5.937358E-06,0.004623006,0.0002524101,0.005991484,0.0001249026,0.009730699,0.001138261,0.007058016,0.004211828,0.005255174,0.002128319,0,0.001203739,6.856446E-06,0.0001141091,8.090647E-05,0.0002067087,0.001483818,0,0.002099043,1.804371E-09,0.0002010351,1.46537E-05,0.0004930127,0.001794026,0.0001683841,0.0001293525,0.003352246,0.01011772,0.0007783558,0.002863932,0.005519564,0.01727109,0.000574867,0.002400349,0.0004614912,0.006527473,0.01731191,0.002588218,0.01799922,0.0003386889,0.01053715,0.01054912,0.0001250374,0.0004383097,0.0005483435,7.57103E-05,0.009179409,0.009871688,0.002005876,0.000897259,3.092146E-07,0.0176936,0.003738796,0.0004984563,0.01270626,0.09146219,0.07992541,0.075798,0.02559915,0.03116284,0.002770019
118,0.0007411173,0.0004504558,0.0002540168,0.001058101,5.938799E-06,0.004559308,0.0002526757,0.006017722,0.0001253519,0.009787469,0.001140903,0.00703819,0.003963647,0.005167064,0.002131919,0,0.001144053,6.413333E-06,9.58799E-05,8.046343E-05,0.0002114469,0.001488963,0,0.002053662,1.815214E-09,0.0002012664,1.306737E-05,0.000494703,0.001802455,0.0001368192,0.0001167522,0.003284527,0.01014078,0.0007867677,0.002921339,0.005150091,0.01620929,0.0005643456,0.002419787,0.0004658502,0.006134347,0.01676703,0.002447478,0.01728447,0.0003368942,0.01037295,0.01068849,0.0001287018,0.0004386069,0.0004922813,9.43339E-05,0.008385239,0.009551669,0.001665604,0.0008172529,2.669412E-07,0.01657244,0.003657809,0.0005126575,0.01413588,0.09110478,0.07575325,0.07815381,0.0241498,0.03053434,0.002862178
119,0.0007382575,0.0004455356,0.000251387,0.00105843,5.940559E-06,0.004513677,0.0002527028,0.006038275,0.0001271165,0.00984431,0.00114517,0.007042243,0.004043587,0.005040421,0.002139489,0,0.001067963,8.185633E-06,8.101208E-05,7.903145E-05,0.0002137943,0.001490505,0,0.002030941,1.806933E-09,0.000201887,1.273273E-05,0.000497142,0.001820723,0.0001440194,0.0001043047,0.00324421,0.01014132,0.000795317,0.002974763,0.00514732,0.01605259,0.0005597938,0.002419878,0.0004728891,0.006151652,0.01641547,0.002437019,0.01688045,0.0003350047,0.01023192,0.01084814,0.0001319029,0.0004419037,0.0004815694,0.0001115968,0.006891401,0.008939247,0.001305148,0.0007140961,2.601344E-07,0.01682809,0.003647353,0.0005183056,0.01558069,0.09119802,0.07328657,0.08045108,0.02427453,0.0306219,0.002890868
120,0.0007489792,0.0004870927,0.000308225,0.001058541,7.301373E-06,0.004527618,0.0002524171,0.006048867,0.0001295132,0.009902576,0.001150793,0.007055229,0.004223585,0.001937322,0.001241769,0,0.0007930199,9.551658E-06,0.0001036121,7.808868E-05,0.0002121883,0.001553546,0,0.001126234,1.812277E-09,0.000232616,1.480691E-06,0.0004993636,0.001843929,0.0001819863,7.127529E-05,0.00243983,0.01423326,0.0006078784,0.003019023,0.005321841,0.01643468,0.0005641449,0.002407105,0.0004799845,0.006395608,0.01653166,0.00249346,0.01694847,0.0002922804,0.01561782,0.01097425,0.0001340625,0.0004438669,0.0005087814,0.0001213936,0.005549688,0.008637047,0.001031196,0.0006209284,2.757352E-07,0.01757407,0.003657939,0.0005191583,0.01522547,0.08006396,0.06776092,0.07108004,0.02533589,0.03102256,0.002847963
121,0.0007501852,0.000483211,0.0003055635,0.001058661,7.30147E-06,0.00453946,0.00025208,0.006054319,0.000131966,0.009964291,0.001157893,0.00707096,0.004439325,0.001949041,0.001257946,0,0.000754158,1.069634E-05,0.000132051,7.771907E-05,0.0002091183,0.001550121,0,0.001148425,1.804172E-09,0.0002332279,2.137745E-06,0.0004997596,0.001839175,0.0001851295,7.616044E-05,0.002476387,0.01402187,0.0006140507,0.003022143,0.005564353,0.01699588,0.0005713669,0.002395425,0.0004802717,0.006676794,0.01677295,0.002577387,0.01723023,0.0002905877,0.01512413,0.01096962,0.0001342231,0.0004447577,0.0005487783,0.0001188966,0.006029875,0.009675191,0.0009913406,0.0006500169,2.993965E-07,0.01830018,0.003670915,0.0005198016,0.01458022,0.08052495,0.06954719,0.07195516,0.02649557,0.03140203,0.002750151
122,0.0007510149,0.0004807836,0.0003047547,0.001059069,7.300922E-06,0.004545956,0.0002520193,0.00606009,0.0001343094,0.0100348,0.001166776,0.007086913,0.004692004,0.001984857,0.001260608,0,0.0007233556,1.156515E-05,0.0001536267,7.805145E-05,0.0002029719,0.001538321,0,0.001151716,1.770981E-09,0.0002332232,2.749114E-06,0.0004983576,0.001794569,0.0001594222,7.576763E-05,0.002504103,0.01377845,0.000613528,0.002968274,0.005816988,0.01755001,0.0005791439,0.002395411,0.0004716551,0.006792938,0.01692525,0.002677022,0.01759676,0.0002891735,0.0145757,0.0107265,0.00013119,0.0004420636,0.0005916425,0.0001086764,0.007081134,0.01040923,0.000941733,0.0006517759,3.2247E-07,0.01867093,0.003691964,0.0005210489,0.01305536,0.07998732,0.0712099,0.07145488,0.0275173,0.03149368,0.002624066
123,0.0007486558,0.0004790963,0.0003032914,0.00105966,7.299837E-06,0.004523329,0.0002521777,0.006068178,0.0001365279,0.01011219,0.001176933,0.00710243,0.004919121,0.002027539,0.001257916,0,0.000734738,1.219535E-05,0.000168743,7.820671E-05,0.0001970849,0.001521202,0,0.001144841,1.717134E-09,0.0002320869,3.320306E-06,0.000496343,0.001737499,0.0001319905,7.379961E-05,0.002527395,0.0135188,0.0006065434,0.002885937,0.006073745,0.01809623,0.0005867697,0.002402255,0.0004590346,0.006774072,0.01705048,0.002777829,0.01797233,0.0002878298,0.01404152,0.01041037,0.0001264654,0.0004377652,0.0006329701,9.438653E-05,0.009520678,0.01213656,0.001039615,0.0007560616,3.464387E-07,0.01902069,0.003718985,0.0005183946,0.0113516,0.07924599,0.07215435,0.07074295,0.0282371,0.03127117,0.002505045
124,0.0007463064,0.0004777116,0.00030119,0.001060106,7.298384E-06,0.004444947,0.0002522432,0.006078059,0.0001387381,0.01019816,0.001187451,0.007119087,0.005000276,0.002069923,0.001268847,0,0.0007081943,1.175492E-05,0.0001780769,7.806099E-05,0.0001947264,0.001509215,0,0.001149216,1.677409E-09,0.0002309234,4.130579E-06,0.0004943539,0.001697077,0.0001282864,7.500037E-05,0.002561455,0.01325359,0.0005989133,0.002805074,0.006294203,0.01858611,0.0005942468,0.002404696,0.0004472896,0.00683988,0.01725261,0.002866178,0.01830911,0.0002864199,0.01353743,0.01026117,0.0001216467,0.0004365219,0.0006659405,7.917695E-05,0.01058698,0.0118089,0.001008305,0.0007385724,3.709928E-07,0.01949296,0.003741107,0.0005089713,0.010041,0.07825651,0.07234561,0.07091957,0.02865154,0.03090954,0.002416577
125,0.0007482811,0.0004770741,0.0002995148,0.001060319,7.296683E-06,0.004380917,0.0002521338,0.006090417,0.0001409474,0.01029418,0.001198576,0.007136462,0.005098957,0.002112913,0.001292669,0,0.0006019464,1.024266E-05,0.00018063,7.831664E-05,0.000194016,0.001506446,0,0.001180419,1.67585E-09,0.0002301354,5.196545E-06,0.0004926285,0.001691381,0.0001651932,8.078507E-05,0.002601634,0.01299724,0.0005942911,0.002753337,0.006461519,0.01903335,0.0006016418,0.002403252,0.0004457123,0.007082353,0.01747626,0.002937977,0.0185923,0.0002850225,0.01307091,0.01027484,0.0001179564,0.0004369365,0.0006949787,6.511504E-05,0.009909824,0.00978513,0.0008583443,0.0005523576,3.950182E-07,0.02000435,0.003758541,0.0004965955,0.009471954,0.07732416,0.07235426,0.07116172,0.02906737,0.03052695,0.002382702
126,0.0007534915,0.0004777963,0.0002986801,0.001060444,7.294997E-06,0.004354931,0.0002520139,0.006111139,0.0001434192,0.0104216,0.001209723,0.007162021,0.005252384,0.002156961,0.001318496,0,0.0005660917,8.453488E-06,0.0001735622,7.887909E-05,0.0001953425,0.001507972,0,0.001216309,1.698118E-09,0.0002295138,6.404761E-06,0.0004912878,0.001709533,0.0001933017,8.511254E-05,0.002641944,0.01276547,0.0005935055,0.002744331,0.006510362,0.01934146,0.0006080894,0.002401747,0.0004510392,0.007370588,0.01769741,0.002961524,0.01880043,0.0002837412,0.01264697,0.01033665,0.0001168204,0.0004372181,0.000720693,5.237983E-05,0.01006866,0.008409025,0.0008834574,0.0004695999,4.172034E-07,0.0205307,0.003774166,0.0004861915,0.009484251,0.07706263,0.07291781,0.07134815,0.0292082,0.03029869,0.002410558
127,0.000757946,0.0004786587,0.0002969278,0.00106087,7.294663E-06,0.00433994,0.000252206,0.006150598,0.0001456403,0.01057035,0.001220165,0.007195518,0.005122302,0.002221891,0.001343816,0,0.0005530037,6.572909E-06,0.0001510465,7.942017E-05,0.0001999644,0.001522199,0,0.001259392,1.736597E-09,0.0002297947,7.688859E-06,0.000490742,0.001738557,0.0001977529,8.667183E-05,0.002690483,0.01257524,0.0005971246,0.00277047,0.00623927,0.018935,0.0005999096,0.002406814,0.0004583787,0.007349629,0.01772575,0.002864947,0.01874298,0.0002828161,0.0122682,0.01042602,0.0001180078,0.0004399431,0.0006808976,4.319346E-05,0.009293646,0.006654638,0.0009606389,0.0003879346,3.932261E-07,0.01989453,0.003772973,0.0004834172,0.00998312,0.07806044,0.0740155,0.07240868,0.02828717,0.03051316,0.002503057
128,0.0007567644,0.0004773192,0.0002930349,0.001061677,7.295155E-06,0.004298193,0.0002525973,0.00619707,0.0001465066,0.0106995,0.001227454,0.007207297,0.004597463,0.002294147,0.001360336,0,0.0005283369,4.090125E-06,0.0001007902,8.057495E-05,0.0002042307,0.001535071,0,0.001296015,1.76298E-09,0.0002292274,8.939815E-06,0.0004908497,0.001769298,0.0001885429,8.574383E-05,0.002728083,0.01241939,0.0006036517,0.002815258,0.005867872,0.01818893,0.0005887892,0.002418983,0.0004631495,0.006978025,0.01761268,0.002717981,0.01848142,0.0002822038,0.01192584,0.01049646,0.0001205931,0.0004401022,0.0006090882,3.721497E-05,0.007197627,0.004524367,0.0008662347,0.0002933088,3.512393E-07,0.01882317,0.003713061,0.0004870495,0.010798,0.07976467,0.07487219,0.07381868,0.02698818,0.03092676,0.002629828
129,0.0007527276,0.0004728837,0.0002878306,0.001062753,7.296666E-06,0.004234889,0.0002531203,0.006239184,0.0001461543,0.01079035,0.00123057,0.007179027,0.004181492,0.002363794,0.001370895,0,0.0005071551,2.687897E-06,5.576667E-05,8.235315E-05,0.000208772,0.001544392,0,0.001322896,1.779486E-09,0.0002281309,9.996277E-06,0.0004915337,0.001795383,0.0001697735,8.165646E-05,0.002746141,0.01229117,0.0006120396,0.002869941,0.005485574,0.01723176,0.0005781267,0.002438446,0.0004652396,0.006520628,0.01731433,0.002559208,0.01799372,0.0002817945,0.01160654,0.01054874,0.0001240564,0.0004372239,0.0005503882,3.526498E-05,0.004534964,0.002438977,0.0005690334,0.0001788982,3.082895E-07,0.0176359,0.003613924,0.0004970565,0.01186963,0.08141665,0.07474751,0.07521623,0.02559344,0.03108423,0.002757201
130,0.0007498138,0.0004668176,0.0002827993,0.001063464,7.298858E-06,0.004188835,0.0002535104,0.006270805,0.0001466957,0.01085461,0.001233833,0.007158591,0.003936782,0.0024225,0.001390012,0,0.0005207616,3.161214E-06,3.935588E-05,8.187427E-05,0.0002131002,0.001548632,0,0.001336426,1.786185E-09,0.0002280219,1.038851E-05,0.0004931766,0.001804512,0.0001387517,7.366206E-05,0.002715094,0.01218831,0.0006218175,0.002928219,0.005118619,0.0161709,0.0005675933,0.002456728,0.0004699506,0.006131797,0.01677003,0.002419979,0.01727552,0.0002814053,0.01131108,0.01068975,0.0001277538,0.0004385517,0.0004946169,3.555146E-05,0.003134684,0.001574767,0.0004495681,0.0001280747,2.664727E-07,0.01651891,0.00355065,0.0005109102,0.01321302,0.08369397,0.07085801,0.07752844,0.02414502,0.03047284,0.002851121
131,0.0007468642,0.0004617673,0.0002789189,0.001063837,7.30145E-06,0.004158594,0.0002536596,0.006296897,0.0001487627,0.01091873,0.001238978,0.007162497,0.004018624,0.002459603,0.001410947,0,0.0005734673,4.403088E-06,5.058547E-05,8.037177E-05,0.0002149681,0.001549226,0,0.001360873,1.774299E-09,0.0002283811,1.101475E-05,0.0004955799,0.001823597,0.000146939,6.578049E-05,0.002703492,0.01206526,0.000631692,0.002982701,0.005116606,0.01601453,0.0005629917,0.002455683,0.0004774751,0.006153173,0.01641998,0.00241032,0.01686959,0.0002809264,0.01105333,0.01085257,0.0001310079,0.000443138,0.0004843554,3.385822E-05,0.003892869,0.001674943,0.0005771716,0.0001386277,2.599613E-07,0.01677497,0.003562709,0.0005163354,0.01457414,0.0861138,0.06855095,0.07979689,0.02427019,0.030575,0.002881558
132,0.0008033667,0.0004962012,0.0002560867,0.001063998,7.589179E-06,0.004721511,0.0002534951,0.006312955,0.0001515627,0.01098452,0.001245665,0.007175559,0.004199356,0.005714672,0.001397923,0,0.0009093611,5.612483E-06,8.857834E-05,7.935733E-05,0.0002128641,0.001691516,0,0.001493789,1.775796E-09,0.0002060258,1.478449E-05,0.0004977759,0.001847675,0.000187279,0.0001163841,0.002513861,0.01242471,0.0009094871,0.003028157,0.005291146,0.01639807,0.0005672476,0.002441203,0.0004851314,0.00640259,0.01653781,0.002467168,0.01693536,0.0001790692,0.008926748,0.01098323,0.0001332674,0.0004466067,0.0005122477,3.038984E-05,0.006061248,0.002465503,0.0008792618,0.0001736362,2.759748E-07,0.01752082,0.003600495,0.0005170802,0.01389939,0.06060914,0.07250644,0.09867627,0.02533221,0.03098875,0.002840993
133,0.0008046218,0.000492348,0.0002544877,0.001064176,7.589737E-06,0.004726125,0.0002532807,0.006323735,0.000154428,0.01105423,0.001253979,0.007191494,0.004415377,0.005579541,0.001414035,0,0.000947793,6.692836E-06,0.0001170802,7.892042E-05,0.0002094254,0.001683797,0,0.001504502,1.76489E-09,0.0002071815,1.574258E-05,0.0004981644,0.001843615,0.0001919403,0.0001239984,0.002548267,0.01225413,0.0009138802,0.003032443,0.005533518,0.01696177,0.0005743673,0.002427732,0.0004859861,0.006691285,0.01678058,0.002551392,0.01721515,0.000179357,0.008813201,0.01098447,0.0001335997,0.0004491048,0.0005530588,2.719691E-05,0.006156662,0.003118881,0.001045664,0.0001817609,3.001035E-07,0.01824758,0.003643614,0.0005176608,0.01334979,0.06486487,0.07423586,0.09838334,0.02649255,0.03138345,0.002748693
134,0.0008054824,0.000490009,0.0002548523,0.00106465,7.589633E-06,0.004716603,0.0002533419,0.006334414,0.0001571665,0.01113319,0.001264228,0.007207695,0.004668181,0.005409629,0.00141102,0,0.000891051,6.632868E-06,0.0001391917,7.920225E-05,0.0002030004,0.00166639,0,0.001481761,1.732394E-09,0.0002072687,1.575968E-05,0.0004967782,0.001799409,0.0001664526,0.0001231473,0.002572566,0.01209232,0.0009056363,0.00297938,0.00578629,0.01751917,0.0005820492,0.002426252,0.0004777622,0.006814946,0.01693424,0.002651278,0.01757948,0.0001800112,0.008729261,0.01074738,0.0001307849,0.0004479061,0.0005968487,2.497505E-05,0.005581228,0.003683687,0.001141003,0.0001888572,3.237383E-07,0.01862161,0.003691235,0.000518852,0.01198788,0.06864689,0.07579984,0.09593307,0.02751512,0.03149439,0.002629181
135,0.0008029367,0.0004884328,0.0002547674,0.001065322,7.588977E-06,0.004675584,0.0002536168,0.006346719,0.0001597604,0.01121915,0.001275861,0.007223521,0.004896179,0.005243876,0.001401221,0,0.0008431177,6.662663E-06,0.0001552298,7.931307E-05,0.0001969167,0.001643221,0,0.001445157,1.680473E-09,0.00020641,1.550624E-05,0.0004948041,0.001742582,0.0001387357,0.0001198425,0.002592163,0.01192245,0.0008873685,0.002897554,0.006043354,0.01806815,0.0005895881,0.002432036,0.0004653881,0.006802592,0.01706107,0.002752116,0.01795312,0.0001807547,0.008652735,0.01043686,0.0001262949,0.000444897,0.0006391158,2.563173E-05,0.00368662,0.002656303,0.0008701143,0.0001555117,3.48299E-07,0.01897602,0.003739652,0.0005162138,0.01045132,0.07200988,0.07660883,0.09325977,0.02823626,0.03129038,0.002514981
136,0.0008004266,0.000487162,0.0002541597,0.001065851,7.587934E-06,0.004579421,0.0002537784,0.006361038,0.0001623417,0.01131459,0.001287902,0.00724055,0.004979589,0.005088316,0.001405894,0,0.0009403931,7.863206E-06,0.0001696717,7.912497E-05,0.0001944682,0.001625949,0,0.001424525,1.642838E-09,0.0002055218,1.573183E-05,0.0004928837,0.00170253,0.0001354217,0.0001217932,0.002622024,0.01174748,0.0008684116,0.00281724,0.006264817,0.01856051,0.0005969802,0.002433862,0.0004539235,0.006875691,0.01726527,0.002840529,0.01828806,0.0001814543,0.008574259,0.01029317,0.0001217188,0.0004447477,0.0006730458,2.707686E-05,0.004016986,0.002204621,0.000804756,0.0001408011,3.733862E-07,0.01945279,0.003783813,0.0005069191,0.009267109,0.07483669,0.07664248,0.09189539,0.02865244,0.03094168,0.002427688
137,0.0008025997,0.0004866516,0.0002538736,0.001066161,7.586668E-06,0.004500273,0.0002537458,0.00637795,0.0001649193,0.01142114,0.001300614,0.007258353,0.005080787,0.004950499,0.001424572,0,0.0007710991,9.268802E-06,0.0001844147,7.934962E-05,0.0001937563,0.001618961,0,0.001438455,1.642904E-09,0.0002049707,1.657959E-05,0.0004912506,0.001697391,0.000174974,0.0001312833,0.002657721,0.01157714,0.0008542659,0.002766163,0.00643387,0.01900962,0.0006042833,0.002432172,0.0004527091,0.007125029,0.01749084,0.002912511,0.01856704,0.0001821406,0.008494557,0.01031159,0.0001182379,0.0004459347,0.0007029412,2.878491E-05,0.00501464,0.003728329,0.0008196174,0.0001509521,3.978554E-07,0.01996814,0.00382396,0.0004946829,0.008757945,0.07738229,0.07650174,0.09077465,0.02906978,0.03056435,0.002390684
138,0.000808293,0.0004875196,0.0002542569,0.001066405,7.585432E-06,0.004461457,0.0002536899,0.006402365,0.0001677949,0.01156131,0.001313399,0.007284498,0.005236859,0.004830596,0.00144543,0,0.0008790828,1.06605E-05,0.0001964435,7.98919E-05,0.000195145,0.001616934,0,0.001459846,1.666744E-09,0.0002045785,1.770838E-05,0.0004900252,0.001716094,0.0002054928,0.0001385065,0.00269354,0.01142348,0.0008461029,0.002757901,0.006484758,0.01931878,0.0006106244,0.002430624,0.0004584117,0.007418596,0.017713,0.002936509,0.01876719,0.0001828672,0.0084183,0.0103769,0.0001172448,0.0004465767,0.0007291777,2.932525E-05,0.007982287,0.006993462,0.0009165143,0.0001695485,4.203044E-07,0.0204969,0.003856532,0.0004843746,0.008776329,0.0802808,0.07695556,0.08971199,0.02921121,0.03033365,0.002412791
139,0.0008132195,0.0004885325,0.0002538325,0.001066959,7.585598E-06,0.004435975,0.0002539332,0.00644446,0.0001703794,0.01172397,0.001325414,0.007318704,0.005109828,0.004769816,0.001465324,0,0.0009805796,1.130267E-05,0.0001839081,8.041848E-05,0.0001998679,0.00162904,0,0.001490905,1.707333E-09,0.0002049987,1.895339E-05,0.0004896106,0.0017455,0.0002106868,0.0001413394,0.002738007,0.01130153,0.0008445986,0.002784775,0.006215937,0.01891447,0.0006024192,0.002435769,0.0004660494,0.00739938,0.01774167,0.002840921,0.01870232,0.0001837879,0.008350513,0.01046815,0.0001184798,0.0004492535,0.0006893397,2.807998E-05,0.01090067,0.01083668,0.001002432,0.0002133631,3.962561E-07,0.01986328,0.003864643,0.0004816416,0.009235118,0.08419303,0.07797639,0.08979761,0.0282902,0.03054033,0.002500086
140,0.0008121149,0.0004872872,0.0002515119,0.001067931,7.58664E-06,0.004383981,0.0002543616,0.006492556,0.0001714028,0.0118651,0.001333892,0.007330781,0.004587792,0.004731723,0.001475592,0,0.001001602,9.208499E-06,0.0001642615,8.15707E-05,0.0002042294,0.00163967,0,0.001515702,1.736734E-09,0.0002046714,2.012125E-05,0.0004898598,0.001776338,0.0002010673,0.0001401682,0.002771755,0.01120503,0.000847461,0.002830104,0.005846512,0.01816984,0.0005913153,0.002448056,0.0004709451,0.007025703,0.01762765,0.00269515,0.01843199,0.0001848843,0.008287622,0.01053863,0.000121046,0.0004489846,0.0006170727,2.626481E-05,0.01079668,0.01263258,0.0009693529,0.0002367563,3.539938E-07,0.01879379,0.003806554,0.0004852313,0.009978167,0.08849571,0.07874464,0.09034932,0.02699062,0.03094583,0.002624854
141,0.0008079592,0.000482884,0.0002479902,0.001069181,7.58876E-06,0.004310623,0.0002549053,0.006535338,0.0001710086,0.01196439,0.001337722,0.007302084,0.004173137,0.004693406,0.001479523,0,0.0009737361,7.767381E-06,0.0001246734,8.335862E-05,0.000208857,0.001646391,0,0.001530501,1.757076E-09,0.0002038701,2.102085E-05,0.0004906871,0.001802266,0.0001808904,0.0001338369,0.002786474,0.01112882,0.0008530844,0.002885033,0.00546567,0.01721274,0.0005806933,0.002467637,0.0004729607,0.006563099,0.01732679,0.002537603,0.01793211,0.0001860879,0.008222781,0.01058938,0.0001244407,0.0004453564,0.0005573942,2.539628E-05,0.009366332,0.01224308,0.0008399822,0.0002213598,3.105132E-07,0.0176068,0.0037026,0.0004951219,0.01095131,0.09236823,0.07847895,0.09093037,0.02559473,0.03109569,0.002751154
142,0.0008050349,0.0004768631,0.0002446018,0.00107004,7.59158E-06,0.00425738,0.0002552951,0.006566001,0.000171663,0.01203309,0.001341825,0.007281366,0.00392725,0.004639477,0.001492039,0,0.0009168778,1.129628E-05,7.05805E-05,8.287449E-05,0.0002132652,0.00164763,0,0.001531441,1.768642E-09,0.0002039388,2.110905E-05,0.0004924638,0.001810997,0.000147245,0.0001209976,0.002753805,0.01107101,0.0008607557,0.002943219,0.005099778,0.01615092,0.0005702128,0.002486044,0.0004775022,0.006166404,0.01677833,0.002399482,0.01719953,0.0001872735,0.008159855,0.01072747,0.0001280256,0.0004455298,0.0004997111,2.468966E-05,0.009721112,0.01332238,0.0007725322,0.0002172092,2.679093E-07,0.01648774,0.003629955,0.0005088779,0.01216769,0.09652416,0.07426006,0.09260335,0.02414575,0.03046954,0.002840649
143,0.0008020818,0.0004718867,0.0002421743,0.001070548,7.594812E-06,0.004220347,0.0002554246,0.006589623,0.000174086,0.01209989,0.001348111,0.007285433,0.00400838,0.004548454,0.00150644,0,0.0008490185,1.551393E-05,0.0001084034,8.135755E-05,0.0002152337,0.001645116,0,0.001545795,1.762783E-09,0.0002044284,2.148212E-05,0.0004949813,0.001829583,0.0001548346,0.0001082643,0.00273863,0.01098963,0.0008686237,0.002997195,0.005097767,0.01599113,0.0005656425,0.002485043,0.0004848204,0.006179322,0.01642402,0.002390108,0.01677711,0.0001883728,0.008111053,0.01088599,0.0001310716,0.0004487238,0.0004876643,2.286111E-05,0.01178552,0.0173272,0.0008124966,0.0002427846,2.603887E-07,0.01673748,0.003630591,0.000514347,0.01339084,0.1007204,0.07170057,0.09423296,0.02427119,0.03055259,0.002865557
144,0.0006094587,0.0005001703,0.0002437316,0.001070838,1.082177E-05,0.003192797,0.0002552168,0.006601782,0.0001773584,0.01216743,0.001356128,0.007298851,0.004189364,0.003755315,0.001818214,0,0.0008805016,1.609493E-05,0.0001853701,8.033487E-05,0.0002131892,0.001487728,0,0.001521365,1.770804E-09,0.0002783411,7.717386E-06,0.0004972791,0.001853098,0.0001980058,9.860147E-05,0.003566912,0.01414083,0.001200308,0.003041655,0.005273129,0.01637162,0.0005698936,0.002470346,0.0004922036,0.006420142,0.01653972,0.002446968,0.01683456,0.0001907537,0.007475181,0.0110111,0.0001330444,0.0004506123,0.0005141363,1.9742E-05,0.01479113,0.02359045,0.001092342,0.0002981828,2.756276E-07,0.01747666,0.003653873,0.0005151849,0.01089205,0.08933948,0.08076999,0.1133134,0.02533332,0.03094829,0.002820724
145,0.0006108931,0.0004965007,0.0002426344,0.001071135,1.082319E-05,0.003227512,0.0002549382,0.006607666,0.0001807033,0.01223864,0.001365897,0.007315139,0.004406157,0.0036992,0.00182425,0,0.0008185424,1.480379E-05,0.0001943403,7.989596E-05,0.0002097968,0.001487944,0,0.001528413,1.766002E-09,0.0002780741,8.435725E-06,0.0004977614,0.001848914,0.0002028039,0.0001055568,0.003568364,0.01383978,0.001197058,0.003045195,0.005516472,0.01693268,0.0005770011,0.002456599,0.0004928214,0.006701767,0.01678185,0.0025311,0.01711351,0.0001913409,0.007448912,0.01100839,0.0001331361,0.000451752,0.000553794,1.70118E-05,0.01381876,0.02548009,0.00144437,0.0003169022,2.990712E-07,0.01819784,0.003679461,0.0005158969,0.01047685,0.09266502,0.082469,0.1118782,0.02649358,0.03132957,0.00272747
146,0.0006121021,0.000494369,0.0002432493,0.001071719,1.082362E-05,0.003261715,0.0002549177,0.006613896,0.0001838973,0.01232038,0.001377731,0.007331699,0.004660575,0.003662102,0.001806686,0,0.0009284593,1.217466E-05,0.0001796797,8.018262E-05,0.0002034525,0.001480914,0,0.001504012,1.734892E-09,0.0002774409,8.954072E-06,0.0004964637,0.001804769,0.0001754436,0.0001053588,0.003554199,0.01351242,0.001177058,0.002991528,0.00577003,0.01748728,0.000584656,0.002454891,0.0004843264,0.006821224,0.01693589,0.002630686,0.01748141,0.0001919575,0.007428745,0.01076931,0.0001301724,0.0004497541,0.000596977,1.587695E-05,0.01381165,0.02996836,0.002157142,0.0003615469,3.222944E-07,0.01856873,0.003710286,0.0005172021,0.009432223,0.09473835,0.08398308,0.1081456,0.02751622,0.03143538,0.00261033
147,0.0006107218,0.0004930022,0.0002433742,0.001072495,1.082327E-05,0.00327662,0.0002550966,0.00662268,0.0001869204,0.01241047,0.001391033,0.007347846,0.004890413,0.003632597,0.001781485,0,0.001108868,9.495307E-06,0.0001595362,8.029563E-05,0.0001974055,0.001468749,0,0.001466116,1.684033E-09,0.0002754231,9.356173E-06,0.0004945707,0.001747993,0.0001459893,0.0001029733,0.003534755,0.01317414,0.001144374,0.002909053,0.006027193,0.01803262,0.0005921571,0.00246047,0.0004716781,0.006806302,0.01706376,0.00273086,0.01786279,0.0001925516,0.007406946,0.01045772,0.0001256145,0.0004462759,0.0006388786,1.542244E-05,0.01378661,0.02914751,0.003049639,0.0004394189,3.465346E-07,0.01892107,0.003744492,0.0005147193,0.008246439,0.09623837,0.08468398,0.1043131,0.02823798,0.03123187,0.002499897
148,0.0006093503,0.0004919325,0.000242979,0.001073126,1.082236E-05,0.003253703,0.0002551487,0.006633746,0.0001899263,0.012511,0.001404755,0.007365188,0.0049756,0.003604201,0.001773978,0,0.001068713,7.123348E-06,0.0001417589,8.010181E-05,0.0001949357,0.001461619,0,0.001443657,1.646662E-09,0.000273356,9.923973E-06,0.0004927177,0.001708009,0.0001421627,0.0001049624,0.00353024,0.0128412,0.001111457,0.002828021,0.006248488,0.01852175,0.0005995063,0.002461954,0.000459972,0.006877147,0.01726951,0.002818519,0.01820863,0.000193056,0.007379546,0.01031233,0.0001210255,0.000445606,0.0006725194,1.457666E-05,0.01154679,0.02558986,0.003243474,0.0004100864,3.71268E-07,0.01939587,0.003775267,0.0005057057,0.007331228,0.09723494,0.0845613,0.1020314,0.02865539,0.0308871,0.002416675
149,0.000611515,0.0004916153,0.0002428731,0.001073525,1.082115E-05,0.003241558,0.0002549925,0.006647734,0.0001929269,0.01262374,0.001419186,0.007383277,0.005077926,0.003580122,0.001783828,0,0.0008530018,5.307011E-06,0.0001264925,8.031904E-05,0.0001941401,0.001463307,0,0.001454719,1.646133E-09,0.0002717727,1.074428E-05,0.0004911381,0.001702764,0.0001832634,0.0001132779,0.003534871,0.0125278,0.001085527,0.002776026,0.006417649,0.01896851,0.000606762,0.002459807,0.0004585575,0.007121982,0.01749693,0.00288984,0.01850272,0.0001935321,0.007349149,0.01032791,0.0001175621,0.0004463763,0.0007023742,1.237232E-05,0.007112646,0.01979171,0.002837006,0.0002779548,3.95504E-07,0.01991054,0.003803363,0.0004938518,0.006946205,0.09804484,0.08428128,0.1000957,0.02907429,0.03051926,0.002386474
150,0.000616333,0.0004926643,0.0002433895,0.001073839,1.082E-05,0.003256305,0.0002548014,0.006670249,0.0001962646,0.01277371,0.001433702,0.007409849,0.005234726,0.003561161,0.001796994,0,0.0006442654,3.973894E-06,0.0001152967,8.085393E-05,0.0001954444,0.001468725,0,0.001472739,1.668886E-09,0.0002704164,1.168346E-05,0.000489953,0.001721153,0.0002151545,0.0001197179,0.003541486,0.01224646,0.001067947,0.002766597,0.006469307,0.01927636,0.0006130279,0.002457756,0.0004640658,0.007411374,0.01772136,0.002913713,0.0187213,0.0001940515,0.007321015,0.01039098,0.0001165783,0.0004469312,0.0007289214,8.827646E-06,0.005086107,0.01657051,0.002595648,0.000214773,4.17926E-07,0.0204405,0.003827226,0.0004839448,0.006977224,0.09943218,0.08468934,0.09829898,0.02921759,0.03030461,0.002418383
151,0.0006205178,0.0004938495,0.0002431241,0.001074452,1.082091E-05,0.003278731,0.0002549029,0.006711814,0.000199264,0.012949,0.001447335,0.007444541,0.005108844,0.003583093,0.001809241,0,0.0006147464,3.086705E-06,0.0001150338,8.13727E-05,0.0002000969,0.001486416,0,0.001500036,1.708016E-09,0.0002700992,1.26907E-05,0.0004895736,0.0017502,0.0002204476,0.0001224968,0.00356149,0.0120118,0.0010594,0.002792303,0.006201964,0.01887332,0.0006048021,0.002462433,0.0004715598,0.007390809,0.01775186,0.00281891,0.01867156,0.0001947809,0.007300359,0.01048095,0.0001178142,0.0004498002,0.0006898585,5.136902E-06,0.003467932,0.01326388,0.002296806,0.0001659504,3.944E-07,0.01981049,0.003830622,0.0004815448,0.007357508,0.1021618,0.08573366,0.09779005,0.02829797,0.03053124,0.002515806
152,0.0006200447,0.0004927389,0.0002410201,0.001075484,1.082308E-05,0.003278792,0.000255187,0.006760564,0.0002004647,0.01310233,0.001456979,0.007456693,0.004588938,0.003618125,0.001810362,0,0.0006054082,2.184285E-06,9.384681E-05,8.252363E-05,0.0002044073,0.001502428,0,0.001521009,1.735416E-09,0.0002688292,1.369174E-05,0.000489852,0.001780709,0.0002102692,0.0001218478,0.003569479,0.01181456,0.001056764,0.002836636,0.00583412,0.01813173,0.0005936953,0.002474383,0.0004763855,0.007018277,0.01763993,0.002674226,0.0184152,0.0001957063,0.00728412,0.01055125,0.0001204006,0.0004499924,0.0006187879,4.368466E-06,0.002086507,0.009054697,0.00177433,0.0001160839,3.528397E-07,0.01874586,0.003772423,0.0004855037,0.007965786,0.1054248,0.08650839,0.09784316,0.02699959,0.03095357,0.002645421
153,0.0006172098,0.0004884382,0.0002377601,0.00107679,1.082684E-05,0.003260459,0.000255587,0.006804777,0.0002000158,0.01321171,0.001461427,0.007427367,0.004176449,0.003648621,0.001804457,0,0.0005433344,1.567725E-06,6.123072E-05,8.431913E-05,0.0002090146,0.00151459,0,0.001532103,1.753177E-09,0.0002669852,1.460318E-05,0.0004907106,0.001806447,0.0001888738,0.0001167315,0.003555035,0.01164763,0.001057884,0.002890866,0.005454782,0.01717963,0.0005830695,0.00249382,0.0004784,0.006558206,0.01734212,0.002517824,0.01793249,0.0001967565,0.007265819,0.01060274,0.0001238447,0.0004470139,0.0005602452,5.149809E-06,0.001572161,0.006835855,0.001500826,8.7367E-05,3.09979E-07,0.01756387,0.003671742,0.0004958501,0.008760734,0.1082665,0.08615418,0.09799977,0.02560423,0.03111604,0.002772529
154,0.0006153166,0.0004825428,0.0002346635,0.0010777,1.08316E-05,0.003255523,0.0002558385,0.006837071,0.000200797,0.01328789,0.001466291,0.007406198,0.003930483,0.00366238,0.00180935,0,0.000509916,1.783808E-06,5.100898E-05,8.383445E-05,0.0002134307,0.001521396,0,0.001529761,1.761784E-09,0.0002663696,1.513977E-05,0.0004925207,0.001815175,0.0001531335,0.0001058816,0.003482745,0.01150608,0.001061818,0.002948772,0.005090396,0.01612379,0.0005725702,0.002512478,0.0004829569,0.0061651,0.01679769,0.002380735,0.01722317,0.0001977969,0.007248822,0.01074251,0.0001275164,0.0004479679,0.0005034284,7.895857E-06,0.001649747,0.006690277,0.001490182,7.938725E-05,2.679075E-07,0.01645015,0.003603933,0.0005101233,0.009753935,0.1114044,0.08145679,0.09935783,0.02415471,0.03050583,0.002866574
155,0.0006134082,0.0004777132,0.0002325086,0.001078265,1.083693E-05,0.003261201,0.0002558335,0.006862432,0.0002036306,0.01336167,0.001473681,0.007410279,0.004011114,0.003641169,0.001817623,0,0.0005105559,4.226902E-06,4.748841E-05,8.229608E-05,0.000215433,0.001524396,0,0.00154035,1.752736E-09,0.0002663435,1.575405E-05,0.0004950766,0.001833845,0.0001605815,9.502812E-05,0.003435133,0.01134428,0.001066201,0.003002799,0.005090219,0.0159685,0.0005679299,0.002511917,0.0004903242,0.006181267,0.01644816,0.002371328,0.0168263,0.0001987607,0.007244419,0.01090393,0.0001307626,0.0004521163,0.0004924799,1.35064E-05,0.002513877,0.008150583,0.001913561,9.36109E-05,2.609119E-07,0.0167062,0.003610594,0.0005160816,0.01076,0.1147164,0.07861792,0.1006884,0.02427784,0.03060868,0.002897469
156,0.0005724735,0.000515913,0.0002062232,0.00107862,1.442993E-05,0.002843223,0.0002554978,0.006876335,0.0002074503,0.01343624,0.001483041,0.007423924,0.004192768,0.004083788,0.001887192,0,0.0004897168,7.003915E-06,6.619155E-05,8.12513E-05,0.0002134274,0.002032063,0,0.00165964,1.756868E-09,0.0002038099,2.026065E-05,0.0004974184,0.001857472,0.000205511,0.0001672953,0.003980052,0.01144745,0.0008522596,0.003047541,0.00526858,0.0163518,0.0005720834,0.002497297,0.0004977786,0.00642699,0.01656863,0.002427528,0.01690239,0.000268272,0.00747898,0.01103203,0.0001330068,0.0004549067,0.0005203591,2.297146E-05,0.004247018,0.01131467,0.002760897,0.0001331243,2.767042E-07,0.01745273,0.00364269,0.000517317,0.01780531,0.1353385,0.06738012,0.1013168,0.02533804,0.03102188,0.002856111
157,0.0005740117,0.0005122334,0.0002059627,0.001078993,1.443277E-05,0.00289057,0.0002550989,0.006883869,0.000211355,0.01351465,0.001494321,0.007440546,0.004411122,0.004014639,0.001891012,0,0.000545576,9.558022E-06,9.577163E-05,8.079348E-05,0.0002100914,0.002009255,0,0.001656838,1.748617E-09,0.0002051542,2.121092E-05,0.0004979545,0.001853351,0.0002095139,0.0001789527,0.003963684,0.01125431,0.0008559787,0.003051456,0.005515567,0.01691497,0.000579118,0.002483496,0.0004984461,0.006712912,0.01681406,0.002510796,0.01719148,0.0002678445,0.007456329,0.01103024,0.0001333177,0.0004565875,0.0005613846,3.411773E-05,0.006664354,0.01461335,0.003852753,0.0002129565,3.006292E-07,0.01818118,0.003679396,0.0005183353,0.01693757,0.1329528,0.06914867,0.1006136,0.02649716,0.03141294,0.002759704
158,0.0005772127,0.0005112648,0.0002080158,0.001079533,1.44343E-05,0.002944596,0.0002548341,0.006894613,0.0002151893,0.01362491,0.001508872,0.007460075,0.004637422,0.003934367,0.001883633,0,0.0006319571,1.098264E-05,0.0001243566,8.097177E-05,0.0002082311,0.001981068,0,0.001642622,1.733168E-09,0.0002063221,2.187598E-05,0.0004966009,0.001824281,0.0002039256,0.0001865791,0.003947671,0.01104699,0.0008535595,0.003021605,0.005708271,0.01752516,0.0005867509,0.002469245,0.0004925768,0.006913646,0.01709551,0.002579133,0.01756669,0.0002668099,0.007428171,0.01089275,0.0001319444,0.0004559994,0.0006042842,4.368447E-05,0.008272149,0.01463371,0.004544069,0.0003128443,3.260589E-07,0.01887188,0.003712786,0.0005187768,0.01544163,0.1290511,0.07086726,0.09973377,0.02741405,0.0314667,0.002631919
159,0.0005792865,0.0005111223,0.0002099142,0.0010803,1.443484E-05,0.002974176,0.0002548158,0.00690406,0.0002187915,0.01372662,0.001525061,0.007476158,0.004856674,0.00386926,0.001866143,0,0.0007267894,1.071392E-05,0.0001426045,8.155044E-05,0.0002030473,0.001946514,0,0.001610829,1.699478E-09,0.0002063414,2.227449E-05,0.0004946577,0.001782429,0.0001826481,0.0001876057,0.003925724,0.01085112,0.0008437618,0.002972264,0.005901163,0.01810813,0.0005942463,0.002465426,0.0004802367,0.006919197,0.01730977,0.002658562,0.01798064,0.0002657638,0.00739641,0.01062264,0.0001296442,0.0004527275,0.000644883,4.721785E-05,0.010246,0.01420824,0.005166948,0.0004298645,3.506363E-07,0.01931801,0.003748696,0.0005173048,0.01404685,0.1248211,0.07196805,0.09786695,0.02804628,0.03124798,0.002524737
160,0.0005802989,0.0005102639,0.0002097953,0.001081053,1.443449E-05,0.00297423,0.0002548293,0.006915197,0.0002223769,0.01382735,0.001540046,0.00749297,0.005018854,0.003823797,0.001852753,0,0.000874198,1.006853E-05,0.0001405909,8.153209E-05,0.0001998231,0.001912296,0,0.001577229,1.668998E-09,0.0002051047,2.27566E-05,0.0004928331,0.001742758,0.0001639433,0.0001883784,0.003905842,0.01067736,0.0008324353,0.00291106,0.006105272,0.01863653,0.0006015399,0.002471864,0.0004662891,0.006885778,0.01749632,0.002742569,0.01834905,0.0002649106,0.007360145,0.01042177,0.0001262364,0.0004505806,0.0006801494,4.465499E-05,0.01402236,0.01500193,0.006308041,0.0005131028,3.76623E-07,0.01978252,0.003787729,0.0005107581,0.01277307,0.1212614,0.07251946,0.0959894,0.02856506,0.03092722,0.002468511
161,0.0005831409,0.0005103945,0.0002101257,0.00108168,1.443367E-05,0.00296957,0.0002547787,0.006931629,0.0002264368,0.01396898,0.001553462,0.007523387,0.00515668,0.003782466,0.001855882,0,0.001050108,9.495683E-06,0.0001475236,8.165333E-05,0.0002003164,0.001887123,0,0.001567601,1.653141E-09,0.0002043589,2.345736E-05,0.0004912996,0.001727496,0.0001758478,0.0001971459,0.003897615,0.01051102,0.0008230181,0.002860746,0.006267765,0.01911456,0.0006082665,0.002476044,0.0004581245,0.0070288,0.01772261,0.00281416,0.01866277,0.0002641035,0.007324749,0.01038347,0.0001232148,0.0004504588,0.0007093409,4.074703E-05,0.0157004,0.01385316,0.006619643,0.0006117051,4.029101E-07,0.0203043,0.003819402,0.0005010659,0.01209393,0.1188338,0.07301802,0.09476727,0.02905777,0.03063312,0.00245873
162,0.0005856353,0.0005137913,0.0002115293,0.0010823,1.44331E-05,0.0029992,0.0002547471,0.00696261,0.0002302622,0.01420208,0.001574508,0.007570972,0.005328194,0.003738768,0.001856619,0,0.001158205,9.146967E-06,0.0001579542,8.263623E-05,0.000201426,0.001871732,0,0.001577056,1.66333E-09,0.0002047079,2.434225E-05,0.000489948,0.001735273,0.00020087,0.0002083547,0.003896624,0.01034868,0.0008173304,0.002843722,0.006313988,0.0195647,0.0006137014,0.002474688,0.0004589643,0.007250908,0.01796144,0.002837268,0.01889822,0.0002631609,0.007297164,0.01037432,0.0001220906,0.0004484528,0.0007348462,3.868255E-05,0.01600453,0.01311054,0.00655636,0.0007074026,4.225708E-07,0.02089201,0.003845776,0.0004932269,0.01200957,0.1173619,0.07386277,0.09332626,0.02952426,0.0304263,0.002499055
163,0.0005916197,0.0005194238,0.0002140711,0.001083096,1.443538E-05,0.003058423,0.0002549705,0.007018491,0.0002345539,0.01448393,0.00159171,0.007623652,0.005368444,0.00372071,0.001859521,0,0.001251619,9.31248E-06,0.0001633409,8.424548E-05,0.000205428,0.00186741,0,0.00159222,1.673358E-09,0.0002031092,2.534378E-05,0.0004893256,0.00175542,0.0002031685,0.0002091223,0.003897919,0.01021654,0.0008163492,0.002860578,0.006074213,0.01927952,0.0006114309,0.002481357,0.0004630005,0.00738768,0.01800877,0.002750952,0.0188586,0.000262507,0.007279187,0.01037517,0.0001232183,0.0004479222,0.000722044,4.026567E-05,0.01571542,0.01267189,0.006228652,0.0007922815,4.052466E-07,0.02039326,0.003863643,0.0004937751,0.01229937,0.1175491,0.07531544,0.0927735,0.0289066,0.03040699,0.002597028
164,0.0005930601,0.0005159823,0.0002122875,0.001084581,1.44397E-05,0.003047878,0.0002555003,0.007071377,0.0002318832,0.01461421,0.001586578,0.007650489,0.004764363,0.003750767,0.001852921,0,0.001306147,8.039145E-06,0.000161732,8.516589E-05,0.0002108457,0.001867842,0,0.001605045,1.677348E-09,0.0001999806,2.634852E-05,0.0004895497,0.001780726,0.0001919933,0.0002077962,0.003897072,0.01011868,0.0008184874,0.002895006,0.005724821,0.01863498,0.0006023349,0.002501052,0.0004645365,0.007094542,0.01796712,0.002618835,0.01871,0.0002623617,0.007269736,0.01037184,0.0001255622,0.0004451872,0.0006508113,4.636632E-05,0.0152403,0.01251514,0.005817192,0.0008409424,3.663415E-07,0.01935321,0.00380664,0.0004994664,0.01277545,0.1188942,0.07691705,0.09317227,0.02774334,0.03094594,0.002736726
165,0.0005890469,0.0005078504,0.0002081333,0.001086685,1.44462E-05,0.003003006,0.0002563547,0.007128312,0.00022674,0.01469729,0.001578033,0.007662656,0.004360821,0.003782453,0.001833417,0,0.001325293,7.995135E-06,0.0001275322,8.715571E-05,0.000214165,0.001865785,0,0.001610237,1.684647E-09,0.0001967968,2.728753E-05,0.0004904783,0.001806179,0.0001756173,0.0002018267,0.003881561,0.01004388,0.0008238863,0.002944217,0.005364371,0.0177651,0.000592787,0.002529245,0.0004635218,0.00668327,0.01777477,0.002473635,0.01836477,0.0002626099,0.007256662,0.01036025,0.0001288826,0.0004386298,0.0005909897,5.82249E-05,0.01612734,0.01249237,0.005534734,0.0009308515,3.263483E-07,0.01821143,0.0036848,0.000511574,0.01359566,0.1201282,0.07797775,0.09358878,0.02644547,0.03147417,0.00288329
166,0.0005871945,0.0005033292,0.0002049231,0.001088466,1.445371E-05,0.002979775,0.000256978,0.007175281,0.000227305,0.01485835,0.001573061,0.007606537,0.004075178,0.003795497,0.001831469,0,0.001313138,8.26067E-06,0.0001257853,8.775308E-05,0.0002174676,0.001857961,0,0.001602855,1.68988E-09,0.0001941138,2.782349E-05,0.000492054,0.001816888,0.0001480337,0.0001849217,0.003810924,0.009986092,0.0008318467,0.002999438,0.005013634,0.01669616,0.0005826197,0.002559616,0.0004651655,0.006274187,0.01731077,0.002340567,0.01768451,0.0002628229,0.007242762,0.01044562,0.0001326597,0.0004362864,0.0005400152,7.453795E-05,0.01591093,0.01235797,0.005066582,0.0009761339,2.869063E-07,0.01709042,0.003592557,0.0005286406,0.01479402,0.1212007,0.07580036,0.09492153,0.02501758,0.03125593,0.002998151
167,0.0005865343,0.0004975594,0.0002033364,0.0010895,1.446251E-05,0.00298775,0.0002572482,0.007181567,0.0002316314,0.01489464,0.001578389,0.007541101,0.004118543,0.003757969,0.001832239,0,0.00126314,1.041904E-05,0.0001144917,8.613299E-05,0.0002208347,0.001847659,0,0.001606948,1.686E-09,0.0001936306,2.827634E-05,0.0004944752,0.001832966,0.0001498454,0.0001655521,0.003742314,0.00990193,0.000840568,0.003053358,0.004962,0.01654529,0.0005775112,0.002560725,0.0004708102,0.006242272,0.01700244,0.002321095,0.01730226,0.0002628419,0.007249346,0.01055849,0.0001362508,0.00043879,0.0005255752,9.27892E-05,0.01545537,0.01230247,0.004630102,0.001010914,2.775101E-07,0.01739549,0.003592696,0.0005390177,0.01612792,0.1230236,0.07371835,0.0965767,0.02501784,0.03136877,0.003039159
168,0.0005374125,0.0005509615,0.0002544559,0.001090168,1.439702E-05,0.003531682,0.0002570933,0.007179153,0.0002376869,0.01494222,0.001589309,0.007528377,0.004306909,0.0034727,0.001662909,0,0.001480301,1.168706E-05,0.0001558869,8.456647E-05,0.0002180441,0.00167113,0,0.001446883,1.695152E-09,0.000268282,3.07295E-05,0.0004964118,0.001851194,0.0001848393,7.046727E-05,0.00337227,0.009682593,0.0006075344,0.003091168,0.005116434,0.01696907,0.0005816518,0.002550984,0.0004766806,0.006473345,0.01714144,0.002377057,0.01739322,0.0003702113,0.007247403,0.0106485,0.0001385455,0.0004409993,0.000550814,0.00011184,0.01473304,0.01262236,0.004214161,0.001051776,2.934969E-07,0.01820745,0.003623027,0.000544408,0.01811494,0.1177453,0.1011872,0.09943356,0.0261855,0.03170732,0.002986938
169,0.0005381855,0.0005471972,0.0002532006,0.001090868,1.44019E-05,0.003566007,0.0002569015,0.007180881,0.0002437638,0.01502764,0.001605139,0.007537061,0.004555212,0.00343206,0.001666388,0,0.001390135,1.268934E-05,0.0001874491,8.398699E-05,0.000213815,0.001664934,0,0.001454432,1.694954E-09,0.000268192,3.161646E-05,0.0004973323,0.001850105,0.0001873938,7.446269E-05,0.003386255,0.009593401,0.0006147,0.003104876,0.005356748,0.01756966,0.0005889712,0.002539446,0.0004740961,0.006708534,0.01739484,0.002464303,0.01768946,0.0003669437,0.007247508,0.01057307,0.0001397998,0.0004416677,0.000591331,0.0001216483,0.01280054,0.01259265,0.003645643,0.001094745,3.180946E-07,0.01889135,0.003662051,0.0005493105,0.01764407,0.118021,0.1026667,0.09907441,0.02754518,0.03203179,0.002867445
170,0.000539135,0.0005445771,0.0002534254,0.001091907,1.44057E-05,0.003586434,0.000257054,0.007183968,0.0002489602,0.01510473,0.001619619,0.007549582,0.004842805,0.003407267,0.001648373,0,0.001373377,1.303394E-05,0.0002135992,8.460198E-05,0.0002028738,0.001640819,0,0.001418784,1.647868E-09,0.0002664416,3.154519E-05,0.0004965662,0.00179666,0.0001509301,7.165342E-05,0.003369584,0.00948438,0.0006090322,0.003039573,0.005543876,0.01790776,0.0005967888,0.002542788,0.0004639176,0.006770638,0.01733749,0.002566308,0.01797574,0.0003632722,0.007247432,0.01031087,0.0001367208,0.0004384246,0.0006324401,0.0001202765,0.01244533,0.01308068,0.003142319,0.001140234,3.373441E-07,0.01901818,0.003705393,0.0005559891,0.01543745,0.1160468,0.1030968,0.0959512,0.02880823,0.03181374,0.002719103
171,0.0005350205,0.0005435014,0.0002528642,0.001093222,1.44085E-05,0.003578777,0.0002575204,0.007194681,0.0002536585,0.01520949,0.001637437,0.007565944,0.005112885,0.003379751,0.00161792,0,0.001365829,1.33458E-05,0.0002382658,8.412341E-05,0.0001898185,0.001610189,0,0.001377081,1.57981E-09,0.0002637992,3.105834E-05,0.0004951028,0.001727006,0.0001220617,6.778276E-05,0.003344965,0.009330928,0.0005952212,0.002938003,0.0057603,0.01841459,0.0006042933,0.002547422,0.0004502855,0.006686818,0.01715561,0.002661617,0.01830339,0.0003593132,0.007244825,0.009979132,0.0001316393,0.0004324128,0.0006742695,0.0001126901,0.01336221,0.01452591,0.002817112,0.001212839,3.541401E-07,0.01911953,0.003751622,0.0005561203,0.0128983,0.114284,0.103129,0.09236629,0.02973602,0.03111282,0.002585026
172,0.0005314547,0.0005426088,0.0002509821,0.001094399,1.441058E-05,0.003511012,0.0002578414,0.007211378,0.0002585258,0.01534354,0.001655022,0.007594317,0.005158691,0.003357255,0.001608486,0,0.001375213,1.357565E-05,0.0002603337,8.326703E-05,0.000182309,0.001591458,0,0.001353604,1.537103E-09,0.0002618966,3.088687E-05,0.0004937444,0.00167109,0.0001180322,6.755582E-05,0.00335354,0.0091946,0.0005840213,0.002845848,0.005974112,0.01892356,0.0006116069,0.002546336,0.0004369179,0.006626655,0.01716085,0.002752306,0.01865492,0.0003552446,0.007233514,0.009770433,0.0001269281,0.000429521,0.00070576,9.930767E-05,0.01679948,0.01900693,0.002888699,0.001444935,3.763292E-07,0.01952976,0.003783082,0.0005469428,0.01098092,0.112651,0.1024249,0.09084251,0.03022553,0.03062212,0.002485519
173,0.0005341982,0.0005423431,0.0002503859,0.001095242,1.441251E-05,0.003468279,0.0002578526,0.007229544,0.0002626196,0.01548707,0.001673257,0.007612256,0.005258825,0.003351445,0.001617808,0,0.001205505,1.377152E-05,0.0002808801,8.371248E-05,0.0001809209,0.001583379,0,0.001358464,1.539031E-09,0.0002591015,3.130178E-05,0.0004927045,0.001653166,0.0001609995,7.234399E-05,0.003376011,0.009089032,0.0005777362,0.002782279,0.006116686,0.01941293,0.0006188945,0.002546306,0.0004331876,0.006827699,0.01735261,0.002800426,0.01892993,0.0003516083,0.007217286,0.00974004,0.0001229911,0.0004292123,0.0007353704,8.661972E-05,0.01617666,0.0185285,0.002507842,0.00134298,3.987971E-07,0.02003179,0.003802169,0.0005345754,0.01010909,0.110784,0.1014382,0.08983919,0.03065225,0.03013353,0.002441814
174,0.000540056,0.0005457401,0.0002507863,0.001096076,1.441498E-05,0.003472398,0.0002579204,0.007265206,0.0002674202,0.0157407,0.001694293,0.007668741,0.005426522,0.003347394,0.001632925,0,0.001061079,1.365529E-05,0.0002956059,8.444591E-05,0.0001842088,0.001582867,0,0.001378616,1.565421E-09,0.0002556595,3.209134E-05,0.0004920312,0.001666292,0.0001992697,7.698961E-05,0.00340346,0.009005693,0.0005751872,0.002756948,0.006091106,0.0196943,0.0006227039,0.002548402,0.0004367212,0.007090309,0.01760361,0.002797904,0.01915551,0.0003483641,0.007202196,0.009731308,0.0001210065,0.0004280193,0.0007540052,7.779411E-05,0.01568086,0.01784577,0.002296274,0.001206553,4.153943E-07,0.02049162,0.003801493,0.0005245864,0.01000515,0.1099461,0.1014391,0.08922745,0.03052092,0.02996363,0.002468018
175,0.000541797,0.0005450649,0.0002483066,0.001097055,1.441997E-05,0.003448925,0.0002581353,0.00730258,0.0002706907,0.01586821,0.001709214,0.00768169,0.005357357,0.003376695,0.001645195,0,0.001017101,1.305471E-05,0.0002848907,8.467724E-05,0.000190683,0.001595428,0,0.0014092,1.62593E-09,0.000253704,3.30649E-05,0.000492003,0.001691957,0.0002158088,8.079513E-05,0.00344292,0.008946646,0.0005770511,0.002759985,0.005842201,0.01949316,0.0006175083,0.002551735,0.0004423254,0.007109387,0.017772,0.002717111,0.01927111,0.0003454182,0.007190837,0.009771411,0.000120559,0.0004297445,0.0007300816,7.406009E-05,0.01573248,0.01713443,0.002225759,0.001131189,3.943111E-07,0.02001218,0.003787802,0.0005202558,0.01041128,0.1106135,0.1028754,0.08938238,0.02976226,0.03022891,0.002560297
176,0.0005391751,0.000540312,0.0002439106,0.00109834,1.442602E-05,0.003418993,0.0002584063,0.00734113,0.000273323,0.01596518,0.001715762,0.00768444,0.005020645,0.003424592,0.001652391,0,0.0009465087,1.200619E-05,0.0002581755,8.492016E-05,0.0001970331,0.001608377,0,0.001436592,1.696762E-09,0.0002524397,3.409095E-05,0.0004926363,0.001721248,0.0002143739,8.218567E-05,0.003474195,0.008911434,0.0005840189,0.002788185,0.005533214,0.01893339,0.0006067803,0.002561045,0.0004477813,0.006881801,0.017778,0.002612167,0.01919459,0.000342943,0.007187121,0.009830681,0.0001219217,0.0004316359,0.0006726881,7.341144E-05,0.01568286,0.01382557,0.00195055,0.0009812606,3.663384E-07,0.01921316,0.003712946,0.0005206065,0.01130213,0.1125477,0.1048684,0.09018475,0.0286197,0.03081326,0.002678922
177,0.0005388675,0.0005364435,0.0002408151,0.001099491,1.443309E-05,0.003414873,0.0002587042,0.007378619,0.0002752951,0.01610222,0.001724753,0.007671497,0.004715078,0.003471443,0.001662757,0,0.0008587466,1.127313E-05,0.0001420673,8.597186E-05,0.0002012999,0.001617667,0,0.001451224,1.742386E-09,0.0002490623,3.485079E-05,0.0004938506,0.001741764,0.0001871114,7.731228E-05,0.003461099,0.008901021,0.000594223,0.002836528,0.005188631,0.01791039,0.0005951333,0.002585629,0.0004535324,0.006573219,0.01740832,0.00248653,0.01857039,0.0003408339,0.0071833,0.009921167,0.0001249126,0.0004341546,0.0006118731,7.240053E-05,0.01363117,0.01066697,0.001585352,0.0007857449,3.270059E-07,0.01812513,0.003635406,0.0005286626,0.01254837,0.114806,0.1027022,0.09147901,0.02714466,0.03083648,0.002796054
178,0.0005390145,0.0005327296,0.000238672,0.001100556,1.444125E-05,0.003420467,0.0002589534,0.007414761,0.0002783641,0.01623269,0.00173619,0.007670124,0.004385619,0.003496288,0.001673363,0,0.0008081628,1.10232E-05,0.0001146643,8.606445E-05,0.0002041819,0.001622574,0,0.00145441,1.766516E-09,0.000247398,3.504866E-05,0.0004955476,0.001744095,0.0001503732,7.012962E-05,0.003390907,0.008894533,0.0006059633,0.002890564,0.004862648,0.01681726,0.0005838191,0.002605636,0.0004602915,0.00630637,0.01681921,0.002374473,0.01781954,0.0003389418,0.007167647,0.01007001,0.0001284166,0.0004382234,0.0005630814,7.049129E-05,0.01069657,0.008092501,0.001297144,0.0006188879,2.871988E-07,0.01714943,0.003596589,0.0005417578,0.01399167,0.1172693,0.09453659,0.09336417,0.02566753,0.0298729,0.002888768
179,0.0005365335,0.0005276672,0.0002360422,0.001101327,1.444922E-05,0.003410205,0.0002589241,0.00744134,0.0002823549,0.01630533,0.001745294,0.007678443,0.004357056,0.00346096,0.001679394,0,0.0007661112,1.086803E-05,0.0001257056,8.476186E-05,0.0002073672,0.001622138,0,0.001470544,1.767867E-09,0.0002481994,3.544782E-05,0.0004975536,0.001758941,0.0001692953,6.369685E-05,0.003352002,0.00882519,0.0006170521,0.002939152,0.004880765,0.01671523,0.0005798872,0.002587566,0.0004684967,0.006389306,0.01649999,0.002373437,0.01746187,0.0003364117,0.00716718,0.01021538,0.0001314709,0.0004429666,0.0005540205,6.62875E-05,0.009179699,0.006385077,0.001139883,0.0004982008,2.798531E-07,0.01743767,0.003610719,0.0005467272,0.01540993,0.1203406,0.09021901,0.09510398,0.02594912,0.02970239,0.002922366
180,0.000474691,0.000592951,0.0002302246,0.001101937,1.994812E-05,0.002920697,0.0002586261,0.007461512,0.0002869965,0.01638827,0.001756937,0.007693927,0.004445032,0.002439693,0.00121907,0,0.0007374927,9.925291E-06,0.0001244831,8.414681E-05,0.000207675,0.00193616,0,0.001414022,1.778952E-09,0.0002010632,2.81005E-05,0.0004995144,0.001780178,0.0002098792,4.021798E-05,0.00311935,0.01000895,0.0006296909,0.00298481,0.005050065,0.01711278,0.0005831543,0.002553709,0.0004767074,0.006652114,0.0166285,0.002427973,0.01753635,0.000428222,0.008459669,0.01032831,0.0001338593,0.0004459151,0.0005788496,5.925823E-05,0.007684395,0.005223218,0.0009959177,0.0003907121,2.945575E-07,0.01814977,0.003645533,0.0005487002,0.0196829,0.1337517,0.07221547,0.1264791,0.02712218,0.02982581,0.002863469
181,0.0004762643,0.0005884827,0.0002294917,0.0011025,1.995387E-05,0.002962741,0.0002582116,0.007475159,0.0002917811,0.01647557,0.001771718,0.007712097,0.004609066,0.002447437,0.001235551,0,0.0007005518,9.313557E-06,0.0001360671,8.382047E-05,0.0002083307,0.001921044,0,0.001435685,1.78696E-09,0.0002024441,2.899698E-05,0.0005007655,0.001797124,0.0002267777,4.395714E-05,0.003148483,0.00985717,0.0006392671,0.003013761,0.005274076,0.01767368,0.0005895442,0.002524906,0.0004809269,0.006966414,0.0169221,0.002507374,0.0177884,0.0004220569,0.008377917,0.010386,0.0001354968,0.0004479099,0.0006142536,5.303559E-05,0.007586281,0.004859718,0.001072396,0.0003631123,3.170879E-07,0.01889344,0.003684856,0.0005492215,0.0196747,0.1320706,0.07443906,0.1248831,0.0283388,0.03000243,0.002757465
182,0.0004777401,0.0005836116,0.000228381,0.001103264,1.995774E-05,0.002994704,0.0002579718,0.007485923,0.0002963791,0.01655797,0.001786576,0.007729779,0.004834678,0.002474726,0.001240689,0,0.0007100875,8.763703E-06,0.000142671,8.365639E-05,0.0002062919,0.001899885,0,0.001440564,1.773806E-09,0.0002027118,2.98211E-05,0.0005004021,0.001784137,0.0002127663,4.603977E-05,0.00317441,0.009708153,0.0006441357,0.003003281,0.005517664,0.01822652,0.0005966679,0.002512686,0.0004750075,0.00712221,0.01720493,0.002597051,0.01810045,0.000415762,0.008273067,0.01028171,0.00013496,0.0004482373,0.0006524405,4.701138E-05,0.00688207,0.00473707,0.001152921,0.0003367644,3.418054E-07,0.01932951,0.003729228,0.0005485605,0.01832412,0.1285513,0.0766535,0.1208116,0.02930547,0.03014916,0.002640629
183,0.0004763766,0.0005788959,0.0002270097,0.001104162,1.996007E-05,0.003003524,0.0002578932,0.007497788,0.0003008182,0.01665006,0.001803182,0.007747012,0.005034613,0.002511731,0.00124108,0,0.0006568927,8.111646E-06,0.0001530061,8.336125E-05,0.0002032521,0.001871047,0,0.001424833,1.725976E-09,0.0002009438,3.04018E-05,0.000499166,0.001749258,0.0001840687,4.625813E-05,0.003196607,0.009565569,0.0006428724,0.002944285,0.005768388,0.0187358,0.000603802,0.002516154,0.0004653376,0.007169737,0.01740189,0.002687544,0.01837417,0.0004097072,0.008162207,0.01010822,0.0001311852,0.0004477342,0.0006897494,3.982983E-05,0.005525342,0.004239119,0.001142739,0.0003113377,3.671034E-07,0.01969217,0.003775111,0.0005423866,0.01616575,0.1252546,0.07806014,0.116585,0.02988939,0.03011918,0.002544843
184,0.0004738586,0.0005749615,0.0002261895,0.001104993,1.996121E-05,0.002988602,0.0002577768,0.007511598,0.0003051942,0.01675613,0.001821076,0.007764447,0.00512701,0.002543111,0.001245343,0,0.0006486085,7.906508E-06,0.0001654508,8.282169E-05,0.0001994135,0.001843179,0,0.001409956,1.689669E-09,0.0002003906,3.080656E-05,0.0004975359,0.00170578,0.0001663849,4.63561E-05,0.003220562,0.009412689,0.0006366536,0.002860669,0.005992628,0.01919631,0.0006106771,0.002519167,0.0004555268,0.007269854,0.01759414,0.002757219,0.01863612,0.0004038604,0.008051998,0.0100133,0.0001260191,0.000448592,0.0007206813,3.297564E-05,0.005021478,0.002524347,0.001051991,0.0002699725,3.923015E-07,0.02012634,0.003819399,0.0005300624,0.01394814,0.1218159,0.07859045,0.1130746,0.0301918,0.02989485,0.002467421
185,0.000475781,0.0005724019,0.0002270635,0.001105625,1.996167E-05,0.003001156,0.0002574903,0.007526833,0.000309386,0.01687011,0.001838992,0.007780207,0.005252798,0.002569136,0.001264013,0,0.0005632402,8.239535E-06,0.0001790903,8.328294E-05,0.0001980464,0.001827038,0,0.001424353,1.681514E-09,0.0002002827,3.149767E-05,0.0004958758,0.001692345,0.0001901884,4.93747E-05,0.003253398,0.009256318,0.0006308337,0.002800448,0.006155322,0.01962617,0.0006171927,0.002517499,0.0004540585,0.007522352,0.01780445,0.002816557,0.01886681,0.0003981258,0.007946996,0.0100523,0.0001217273,0.000450747,0.0007493423,3.023952E-05,0.00479323,0.003000861,0.0009839028,0.0002285173,4.180793E-07,0.02058163,0.003860599,0.0005167656,0.01284307,0.1183229,0.07872409,0.1097244,0.03048529,0.02957962,0.002432615
186,0.0004808629,0.000572551,0.0002289439,0.001106258,1.996268E-05,0.00304876,0.0002572751,0.00755768,0.0003138072,0.01705747,0.001857103,0.007809926,0.005474907,0.00259792,0.001286739,0,0.0006947701,8.758326E-06,0.0001865763,8.421623E-05,0.0001996064,0.001819035,0,0.001447821,1.684699E-09,0.0001993866,3.238785E-05,0.0004945929,0.001705328,0.0002084268,5.161336E-05,0.003288182,0.009120986,0.0006285503,0.002785695,0.006162501,0.01983815,0.0006212621,0.002518706,0.0004596269,0.007811885,0.01801518,0.002819148,0.01904946,0.0003927276,0.007852988,0.01013545,0.0001201785,0.0004524765,0.0007752767,3.154939E-05,0.005503591,0.004060752,0.001012283,0.0002161878,4.412769E-07,0.02099917,0.003894332,0.0005068767,0.01279526,0.1161986,0.07948282,0.1066751,0.03045444,0.02938055,0.002459906
187,0.0004831208,0.0005755601,0.0002291698,0.00110753,1.996744E-05,0.003090315,0.0002574506,0.007613634,0.0003179828,0.01738669,0.00188127,0.007875747,0.005374915,0.002648189,0.001301342,0,0.0008360881,9.378817E-06,0.0001846583,8.525643E-05,0.0002043946,0.001827534,0,0.001481552,1.70804E-09,0.0002008708,3.339989E-05,0.0004939152,0.001730516,0.0002068926,5.198885E-05,0.003331453,0.009002798,0.0006304518,0.002809675,0.005911547,0.01941511,0.0006142107,0.002520176,0.0004658786,0.007827544,0.018023,0.002729686,0.0189901,0.0003874901,0.007776422,0.01019064,0.0001213768,0.0004543257,0.0007442179,3.693131E-05,0.00683474,0.005168321,0.001111941,0.0002365862,4.171432E-07,0.02039771,0.003893614,0.0005041088,0.01338071,0.1161051,0.08067977,0.1050184,0.02951386,0.02954595,0.002548504
188,0.0004801936,0.0005712102,0.0002261468,0.001109108,1.99748E-05,0.003084581,0.0002577495,0.007676596,0.0003179472,0.01755407,0.001882443,0.007891662,0.004948412,0.002713143,0.001303796,0,0.0009027909,7.296966E-06,0.0001574757,8.552679E-05,0.0002090914,0.001836006,0,0.001515192,1.721617E-09,0.0002016841,3.445316E-05,0.0004938558,0.001759186,0.000197114,5.243317E-05,0.003369557,0.008907583,0.0006349363,0.002847465,0.005554499,0.01879322,0.0006029812,0.002526137,0.0004694791,0.007440601,0.01799567,0.002591809,0.01889939,0.0003828113,0.007711101,0.01025329,0.0001237249,0.0004543682,0.000666554,4.484421E-05,0.00674666,0.005242441,0.001052133,0.0002335233,3.718582E-07,0.01929045,0.003824402,0.0005059603,0.0143326,0.1172789,0.08256626,0.1042889,0.02825841,0.03013657,0.002680023
189,0.0004777857,0.0005683298,0.0002233563,0.001110979,1.998448E-05,0.003081945,0.0002581862,0.007735022,0.0003199652,0.01776865,0.00189746,0.007863711,0.004310037,0.002780387,0.001308984,0,0.0008949976,5.964053E-06,0.0001145811,8.649246E-05,0.0002099392,0.001839129,0,0.001529586,1.734801E-09,0.0002030458,3.509756E-05,0.0004946883,0.001774522,0.000166369,4.836214E-05,0.00334848,0.008839332,0.0006436442,0.002902664,0.005185524,0.01771544,0.0005916177,0.002545152,0.000470383,0.006917058,0.01753488,0.00243591,0.01819681,0.0003787431,0.007632006,0.01031981,0.0001274154,0.0004507373,0.0005926705,5.372574E-05,0.005140758,0.004084946,0.0007975129,0.000187453,3.229063E-07,0.01801813,0.003706485,0.0005161464,0.01581402,0.1180961,0.0799168,0.1037383,0.02671672,0.02988235,0.002817735
190,0.000475241,0.0005619799,0.0002196611,0.001112799,1.999641E-05,0.003048606,0.0002585575,0.007777972,0.0003201403,0.01788417,0.00190832,0.007815715,0.00392948,0.002844299,0.001311625,0,0.0008965484,9.482641E-06,6.332667E-05,8.719187E-05,0.0002079696,0.001832637,0,0.001526603,1.731662E-09,0.0002039081,3.52232E-05,0.0004963459,0.001762137,0.0001343357,4.370245E-05,0.003281776,0.008782119,0.0006543219,0.00295387,0.004838631,0.01651714,0.0005807342,0.002565244,0.0004705158,0.006428536,0.0169113,0.00229308,0.0173669,0.0003751401,0.007497462,0.01041407,0.0001309166,0.0004460611,0.000536398,6.113278E-05,0.005212592,0.00379149,0.0006770187,0.0001662002,2.793691E-07,0.01679458,0.003597449,0.0005328507,0.01743932,0.1173333,0.07307553,0.1031383,0.02518478,0.02834871,0.00293785
191,0.0004738414,0.0005553816,0.0002169005,0.001113826,2.00095E-05,0.003041271,0.000258505,0.007807963,0.0003247712,0.0179469,0.001918131,0.007808204,0.004051607,0.002869833,0.001323585,0,0.0008856668,1.859223E-05,9.352482E-05,8.502704E-05,0.0002101935,0.001824006,0,0.001538481,1.697212E-09,0.0002053622,3.563692E-05,0.0004987078,0.001773276,0.0001504293,3.870287E-05,0.003247067,0.008670576,0.0006652091,0.003004398,0.00487422,0.01644689,0.0005764671,0.00254026,0.0004758599,0.006431384,0.01667338,0.002291895,0.01705162,0.0003711301,0.007440156,0.01055832,0.0001340277,0.0004475366,0.0005294563,6.196871E-05,0.008661406,0.005389931,0.0007330555,0.00018885,2.767219E-07,0.01710976,0.003599153,0.0005400201,0.01926709,0.1192113,0.07010584,0.1035601,0.0257039,0.02819163,0.002973668
192,0.0006025722,0.000631217,0.0002461263,0.001114545,2.553151E-05,0.00297735,0.0002580681,0.007824306,0.000331086,0.01802286,0.001933368,0.007818791,0.004329881,0.003772633,0.00174596,0,0.0006937702,2.502662E-05,0.0001224764,8.38933E-05,0.0002060346,0.001362015,0,0.001331989,1.696163E-09,0.0001303427,7.979905E-06,0.0005010998,0.001794756,0.0002002887,3.042036E-05,0.003316708,0.006057268,0.0005843041,0.003048866,0.005063604,0.01689947,0.0005805952,0.002514252,0.0004818133,0.006675524,0.01686605,0.002350497,0.01719727,0.0001748506,0.004531321,0.01066548,0.0001363246,0.0004488636,0.0005610653,5.550174E-05,0.008911029,0.009753211,0.000978779,0.0002638005,2.955408E-07,0.01789827,0.003636249,0.0005441594,0.02665033,0.09455743,0.05710603,0.1087471,0.02704489,0.02862218,0.00291994
193,0.0006057794,0.0006250956,0.000244441,0.001115249,2.55404E-05,0.003028119,0.0002575566,0.007832439,0.0003375152,0.01809843,0.001949692,0.007834926,0.004611664,0.003740067,0.001752009,0,0.000659392,2.848715E-05,0.0001608687,8.326472E-05,0.0002026774,0.001369088,0,0.001348938,1.687628E-09,0.0001316064,8.310903E-06,0.0005020184,0.001804859,0.0002103585,3.254709E-05,0.003341282,0.006091199,0.0005923262,0.00306754,0.005313669,0.01749898,0.0005873375,0.002499593,0.0004828003,0.006967752,0.01717556,0.002433129,0.01748373,0.000174981,0.004599534,0.01069107,0.0001371177,0.0004501441,0.0006044826,4.485255E-05,0.010501,0.01358311,0.001120379,0.0003109516,3.216099E-07,0.01862707,0.003682089,0.0005468221,0.02628605,0.09879196,0.05968588,0.1078311,0.02834343,0.02919901,0.002808284
194,0.0006071475,0.0006212181,0.0002444351,0.001116592,2.554709E-05,0.00306655,0.0002574401,0.007842603,0.0003435889,0.0181964,0.001967588,0.007852558,0.00490905,0.00370668,0.001730838,0,0.0006613203,2.225084E-05,0.0001776587,8.371357E-05,0.0001942257,0.001365196,0,0.001332246,1.638805E-09,0.000131469,8.568653E-06,0.0005003844,0.00176789,0.0001754386,3.190538E-05,0.003340321,0.006142787,0.0005906327,0.003014608,0.005524563,0.01791311,0.0005945289,0.002503609,0.0004734092,0.007024119,0.01732216,0.002529309,0.0178156,0.0001759446,0.004694385,0.01044542,0.0001340118,0.0004478618,0.0006471529,3.595592E-05,0.01049772,0.01747983,0.001424004,0.0003834044,3.423081E-07,0.01890976,0.00373556,0.0005509468,0.02316804,0.1014976,0.06187342,0.1040498,0.02950384,0.02949439,0.00268278
195,0.0006026883,0.0006188886,0.000243896,0.0011184,2.555216E-05,0.003076949,0.0002577014,0.007858263,0.0003495537,0.0183215,0.001989463,0.007872568,0.005195289,0.003678055,0.00169777,0,0.0008592696,1.927941E-05,0.0001930042,8.365242E-05,0.00018349,0.001351119,0,0.001298782,1.542564E-09,0.0001302801,8.738711E-06,0.0004978985,0.001710381,0.0001356031,2.996644E-05,0.003318577,0.006164439,0.0005786947,0.002912337,0.005751179,0.01835436,0.0006016936,0.002516789,0.0004594313,0.00691769,0.01738821,0.002627897,0.01812641,0.0001771618,0.004793036,0.01011483,0.0001281012,0.0004429571,0.0006891183,3.041443E-05,0.008662175,0.01289108,0.001380323,0.0004100479,3.610826E-07,0.01910136,0.003791663,0.0005509801,0.01918684,0.1031546,0.06321917,0.09951117,0.03043122,0.0294583,0.002575199
196,0.0005961265,0.0006145819,0.000241239,0.001120183,2.555648E-05,0.00305028,0.0002579058,0.007871893,0.0003549127,0.01842803,0.002008484,0.007889751,0.005298447,0.00365746,0.001669041,0,0.0009229639,1.960681E-05,0.0001846606,8.308324E-05,0.0001741836,0.001339405,0,0.001270161,1.449179E-09,0.0001284688,8.935742E-06,0.0004957771,0.001659416,0.0001125233,2.882816E-05,0.003313523,0.006187818,0.0005656138,0.002805373,0.006002367,0.01882458,0.0006086309,0.002533008,0.0004444639,0.006788578,0.01751528,0.002723785,0.01839967,0.0001784584,0.004884589,0.009814261,0.0001216478,0.0004387152,0.000725003,2.595975E-05,0.008437555,0.01327228,0.001521377,0.0004374291,3.841675E-07,0.01944291,0.003837949,0.0005435423,0.01578767,0.1041524,0.06379974,0.09614358,0.03102268,0.0293513,0.002473953
197,0.0005921538,0.0006104169,0.0002390531,0.001121569,2.556038E-05,0.002999851,0.000257746,0.007883804,0.000360157,0.01855194,0.002028118,0.007907945,0.005312038,0.00363037,0.001658275,0,0.000831802,1.612243E-05,0.0001713835,8.268376E-05,0.0001709292,0.001335635,0,0.001262124,1.390127E-09,0.0001272403,9.204174E-06,0.0004941351,0.001629902,0.0001317951,2.98421E-05,0.003333624,0.006212071,0.0005549764,0.002710218,0.006209631,0.01926095,0.0006154674,0.002538128,0.0004334073,0.006848666,0.01771874,0.00278447,0.01865931,0.0001797216,0.004966988,0.00973375,0.0001156223,0.0004378973,0.000752049,2.205664E-05,0.01010919,0.02080271,0.002088082,0.0004848245,4.074034E-07,0.01988034,0.003868937,0.0005296488,0.01354496,0.1041521,0.06385759,0.09407265,0.03143391,0.02913446,0.002402059
198,0.0005927748,0.000608358,0.0002383429,0.00112266,2.556437E-05,0.002987337,0.0002573683,0.007902174,0.0003654497,0.01872355,0.002051933,0.007929259,0.005422725,0.003599932,0.001661356,0,0.0005651358,1.228241E-05,0.0001603002,8.286243E-05,0.0001703962,0.001342389,0,0.001282157,1.403822E-09,0.0001266696,9.563711E-06,0.0004929238,0.001634487,0.0001827223,3.215004E-05,0.00336157,0.0062375,0.0005490794,0.002665133,0.006296499,0.01952301,0.0006216423,0.002534069,0.0004355846,0.007089528,0.01793545,0.002797371,0.01884721,0.0001808881,0.005043325,0.009770559,0.0001121214,0.0004374786,0.0007785246,1.860867E-05,0.008653288,0.02416646,0.00214598,0.0003248569,4.28282E-07,0.02031923,0.00388298,0.0005168324,0.01295937,0.1040272,0.06397901,0.09224124,0.03141185,0.0289337,0.002393751
199,0.0005911709,0.0006065195,0.0002371582,0.001124086,2.557368E-05,0.002979754,0.00025729,0.007938795,0.0003703911,0.01896372,0.002066515,0.007988281,0.005285181,0.003616553,0.001662401,0,0.0005059657,8.702726E-06,0.0001430822,8.312734E-05,0.0001749107,0.001362847,0,0.001316045,1.462812E-09,0.0001262418,9.980302E-06,0.0004925161,0.001657822,0.0002059833,3.369597E-05,0.003401272,0.006282812,0.0005479035,0.002664145,0.006054082,0.01911436,0.0006148453,0.002537183,0.0004418181,0.007108028,0.0179713,0.002708046,0.01881753,0.000182273,0.005118139,0.009844473,0.0001116394,0.0004391129,0.0007389316,1.560061E-05,0.008268644,0.02632438,0.002364623,0.0003062456,4.042738E-07,0.01964313,0.00384842,0.000511208,0.0134439,0.1052199,0.06467913,0.09139603,0.03032163,0.02915291,0.002467494
200,0.0005885139,0.0006035544,0.0002347006,0.001125723,2.558606E-05,0.002974161,0.0002573414,0.007994028,0.0003751892,0.01919459,0.002078952,0.007993413,0.004719124,0.003640705,0.00165959,0,0.000470573,5.567668E-06,0.0001139761,8.428197E-05,0.0001807273,0.001382969,0,0.00134882,1.527991E-09,0.0001261696,1.041879E-05,0.0004926368,0.001687324,0.0002103145,3.435099E-05,0.0034324,0.006337434,0.0005494645,0.002688815,0.005699571,0.01835415,0.0006036144,0.002542568,0.0004464035,0.006783679,0.01784233,0.002572855,0.01859301,0.0001836807,0.005186995,0.009905366,0.0001131921,0.000438079,0.0006596287,1.41706E-05,0.005596651,0.02050798,0.001895288,0.0002393478,3.603019E-07,0.018534,0.003735981,0.0005123102,0.01452275,0.1072071,0.06538113,0.09099563,0.0288846,0.02955836,0.002587924
201,0.0005860858,0.0005977036,0.0002311928,0.001127279,2.560223E-05,0.002959978,0.0002573239,0.008043701,0.0003782752,0.01933647,0.00209029,0.007969561,0.004321139,0.003662657,0.001661752,0,0.0004479126,3.557895E-06,5.860057E-05,8.548979E-05,0.0001871878,0.001399052,0,0.001372495,1.583209E-09,0.0001256528,1.083963E-05,0.0004932992,0.001713741,0.0001951079,3.341031E-05,0.003435205,0.006401964,0.0005535185,0.002728305,0.005337647,0.01738337,0.0005922497,0.002553057,0.0004506374,0.006384886,0.01750447,0.002428823,0.01810065,0.0001850951,0.005252282,0.009974255,0.000116019,0.0004365108,0.0005982188,1.258543E-05,0.002835569,0.01162536,0.001160797,0.0001349842,3.180766E-07,0.01737572,0.003610951,0.0005192046,0.01616626,0.109394,0.0653047,0.09104496,0.02732231,0.0298039,0.00271099
202,0.0005838445,0.0005904702,0.0002279519,0.001128636,2.562128E-05,0.002957888,0.0002571512,0.008087091,0.0003808709,0.01944719,0.00210146,0.007957255,0.004109564,0.003680394,0.001668765,0,0.000381517,3.107352E-06,4.742497E-05,8.545539E-05,0.0001919192,0.001409613,0,0.001385243,1.620732E-09,0.0001253573,1.11843E-05,0.0004945162,0.001726509,0.0001681369,3.117303E-05,0.003399429,0.0064778,0.0005599168,0.002773938,0.004988493,0.016342,0.0005813181,0.002570331,0.0004557977,0.006045259,0.01698956,0.002300393,0.01734054,0.0001865538,0.005312553,0.01008034,0.0001193314,0.0004367963,0.0005504877,9.894628E-06,0.002210929,0.009983863,0.001038995,0.0001119316,2.787666E-07,0.01631157,0.003537661,0.0005300674,0.01833804,0.111637,0.06323491,0.09181765,0.02571579,0.02958209,0.00279827
203,0.0005814248,0.0005830853,0.0002257649,0.00112955,2.5639E-05,0.002964931,0.0002566308,0.008117076,0.0003855471,0.01953332,0.002116183,0.00796455,0.004129053,0.003657563,0.001675852,0,0.0003736281,3.732099E-06,4.609263E-05,8.366878E-05,0.0001961192,0.001415079,0,0.001408973,1.625566E-09,0.0001258861,1.154161E-05,0.0004970608,0.001746684,0.0001952989,2.906196E-05,0.003390958,0.006529051,0.0005677039,0.002820655,0.005018024,0.01633871,0.0005798909,0.002556976,0.0004625323,0.006113282,0.01690558,0.002303401,0.01708146,0.0001879752,0.005382724,0.01018724,0.0001220775,0.0004383101,0.0005469453,5.577353E-06,0.002103423,0.01075576,0.001157287,0.0001109416,2.763769E-07,0.0166077,0.003538802,0.0005305008,0.02042867,0.1131339,0.06221279,0.09212372,0.02602128,0.02979591,0.002809816
204,0.0004833124,0.000665242,0.0001753109,0.001130118,1.989623E-05,0.003118606,0.0002558161,0.008134311,0.0003915526,0.01962821,0.002135444,0.007980948,0.00427843,0.003040111,0.00200884,0,0.0003766236,4.306601E-06,5.365275E-05,8.224234E-05,0.0001955799,0.001436464,0,0.001534041,1.646302E-09,0.0001666233,3.433043E-05,0.0004999101,0.001768621,0.0002215026,5.695477E-05,0.003840861,0.008688314,0.0004341975,0.002859412,0.005185772,0.01674939,0.0005851663,0.002535364,0.0004692257,0.006342407,0.01709555,0.002358153,0.01716575,0.0002883037,0.004982176,0.01027937,0.0001240589,0.0004387346,0.0005744572,4.16663E-06,0.00229538,0.01330426,0.001505849,0.0001227233,2.901861E-07,0.01733544,0.003562117,0.0005273088,0.01851629,0.1116399,0.07635654,0.07736036,0.02700334,0.03016374,0.00275775
205,0.0004852788,0.0006587373,0.000175985,0.001130656,1.9906E-05,0.003176476,0.0002549581,0.0081481,0.0003980665,0.01974313,0.0021583,0.008001689,0.004495687,0.003022944,0.002015703,0,0.0003537493,4.561436E-06,6.886898E-05,8.161354E-05,0.0001926774,0.001437916,0,0.001541176,1.648813E-09,0.0001675631,3.51544E-05,0.0005003036,0.00176394,0.0002090998,6.010194E-05,0.003837456,0.008601606,0.0004398935,0.002859225,0.00541004,0.01730992,0.0005924191,0.002518801,0.0004703354,0.006603688,0.01736336,0.002436381,0.01744002,0.0002876142,0.005050614,0.01027802,0.0001240803,0.0004388803,0.0006139027,4.213085E-06,0.002507197,0.01548738,0.001888653,0.0001393962,3.114761E-07,0.01805791,0.003592104,0.000525293,0.01752782,0.1109195,0.07720688,0.07717378,0.0280758,0.03051253,0.002662384
206,0.0004868672,0.0006539405,0.0001780911,0.001131453,1.991416E-05,0.003224757,0.0002543733,0.008159123,0.0004042744,0.01985699,0.002181783,0.008020438,0.004779637,0.00302148,0.001997252,0,0.0003478029,5.2562E-06,8.34325E-05,8.200738E-05,0.000186443,0.001429295,0,0.001519427,1.619828E-09,0.0001681097,3.544868E-05,0.0004989583,0.001719992,0.0001710231,5.889004E-05,0.003807533,0.008481327,0.0004407057,0.002807251,0.005634054,0.01782077,0.0005999402,0.0025173,0.0004628839,0.006709953,0.01744998,0.002530154,0.01778681,0.0002863672,0.005118603,0.01005954,0.000121343,0.0004358453,0.0006574571,6.406867E-06,0.00240024,0.01557058,0.002240955,0.0001594044,3.336233E-07,0.01843218,0.00363026,0.0005260349,0.01559043,0.1085715,0.07801877,0.0753641,0.0291702,0.0304871,0.002556466
207,0.0004843233,0.0006512708,0.0001802174,0.001132491,1.992095E-05,0.003255418,0.0002540697,0.008173957,0.0004103369,0.01999924,0.002207346,0.008038968,0.005050955,0.003027453,0.001963308,0,0.0003605008,7.003086E-06,9.20638E-05,8.246618E-05,0.0001803101,0.001416763,0,0.00149175,1.573445E-09,0.0001680308,3.552686E-05,0.0004970486,0.001668369,0.0001407113,5.709831E-05,0.003775718,0.008338256,0.0004371421,0.002731587,0.005857334,0.01835123,0.0006072366,0.002522045,0.0004509103,0.006667871,0.01750473,0.002619501,0.01815043,0.0002848774,0.005181915,0.009751223,0.0001174557,0.0004299681,0.0006969109,1.126797E-05,0.002717275,0.01773496,0.002958417,0.000185018,3.538726E-07,0.01872677,0.003669478,0.0005243026,0.01354962,0.1067878,0.0781173,0.07359614,0.02999429,0.03011029,0.002441984
208,0.000486518,0.0006503852,0.0001827763,0.001133325,1.992688E-05,0.003257504,0.000253643,0.008192708,0.0004173728,0.02019196,0.002230962,0.008072277,0.005140032,0.003037755,0.001954478,0,0.0004334609,9.720535E-06,0.0001048869,8.246169E-05,0.0001779162,0.001408705,0,0.001475138,1.538122E-09,0.0001678954,3.561721E-05,0.0004952349,0.001625449,0.0001427423,5.779249E-05,0.003765514,0.008193609,0.0004322894,0.002657367,0.005993041,0.01884172,0.000614032,0.00252208,0.0004417134,0.006745199,0.01766168,0.002675226,0.01851428,0.0002833098,0.005237462,0.009618948,0.0001135835,0.0004268461,0.0007268305,2.048277E-05,0.004516541,0.02622726,0.004741164,0.0002680706,3.76381E-07,0.01917652,0.003694614,0.0005165545,0.01200688,0.1054024,0.07740287,0.07294796,0.03044673,0.02972027,0.00236854
209,0.0004905534,0.0006492811,0.0001847099,0.001133894,1.993266E-05,0.003247573,0.0002529783,0.008206584,0.0004230953,0.02033549,0.002256941,0.008082798,0.005193708,0.003045012,0.00196095,0,0.0004490953,1.348068E-05,0.0001234706,8.281899E-05,0.0001766137,0.001409655,0,0.001486564,1.536024E-09,0.0001677047,3.607536E-05,0.0004937685,0.001617807,0.0001864994,6.228533E-05,0.003770031,0.008064049,0.0004302248,0.002616385,0.006111571,0.01929556,0.0006209632,0.002517869,0.0004387226,0.006971015,0.01787104,0.002737659,0.01881032,0.000281718,0.005287343,0.009573249,0.0001110897,0.0004251385,0.0007552571,3.301023E-05,0.00590721,0.02475806,0.005501002,0.0003816819,4.011229E-07,0.01967392,0.003724226,0.0005057834,0.01135958,0.1047092,0.07668185,0.07232886,0.03091874,0.0293684,0.002364243
210,0.0004944723,0.0006495976,0.0001854872,0.001134465,1.993843E-05,0.003248931,0.00025236,0.008231309,0.0004302426,0.02057659,0.002283229,0.008124453,0.005311437,0.003058453,0.001967568,0,0.0005266255,1.593999E-05,0.0001400614,8.27686E-05,0.0001784929,0.001414095,0,0.001505707,1.563728E-09,0.0001678559,3.670786E-05,0.0004926872,0.001637133,0.0002158462,6.628167E-05,0.003778803,0.007958205,0.0004313381,0.00261061,0.006204864,0.019703,0.0006269199,0.002514913,0.0004423556,0.007239649,0.01810331,0.002776716,0.01906639,0.0002802845,0.005336891,0.009594769,0.0001105331,0.0004239436,0.0007766844,4.16094E-05,0.007450648,0.0256551,0.006441726,0.0005155997,4.252864E-07,0.02022276,0.00373911,0.0004941127,0.01150301,0.1057672,0.07690803,0.07185104,0.03145156,0.02929995,0.00243367
211,0.0004971336,0.0006495878,0.0001852264,0.001135553,1.994818E-05,0.00326001,0.0002521403,0.008284968,0.0004364275,0.02090262,0.00230751,0.00818338,0.005349054,0.003092003,0.001967113,0,0.0005918394,1.504777E-05,0.0001516911,8.301694E-05,0.0001828321,0.001427518,0,0.001530654,1.601902E-09,0.0001687712,3.744328E-05,0.0004921615,0.001665653,0.0002254659,6.855001E-05,0.003801382,0.007879639,0.0004347598,0.002633506,0.006017539,0.01955355,0.0006227584,0.002515554,0.0004480973,0.007315515,0.01822386,0.002716036,0.01916032,0.0002790478,0.005391807,0.009642672,0.0001119393,0.0004245748,0.0007564623,4.292537E-05,0.007875975,0.02410421,0.006585112,0.0005674722,4.156216E-07,0.02005966,0.003738249,0.0004893688,0.01221219,0.1090755,0.07853251,0.07216405,0.03094281,0.0295793,0.002567875
212,0.0004976987,0.0006444718,0.0001838125,0.001137156,1.996013E-05,0.003250225,0.0002522379,0.008356941,0.000435716,0.02120503,0.00231258,0.008231275,0.004860374,0.003142613,0.001959451,0,0.0006578728,1.088322E-05,0.0001495801,8.396956E-05,0.000187576,0.001445219,0,0.001554948,1.637608E-09,0.0001698221,3.821738E-05,0.0004921557,0.001696632,0.0002195091,6.930398E-05,0.003822746,0.007825747,0.0004402976,0.002675534,0.005694247,0.01897515,0.0006124224,0.002521933,0.0004504325,0.006986718,0.01818426,0.002599237,0.01905768,0.0002781448,0.00545395,0.009675412,0.000114662,0.0004225438,0.0006858886,4.565741E-05,0.008493586,0.02240778,0.006706177,0.0006269973,3.827728E-07,0.01913189,0.003662066,0.0004911643,0.01339941,0.1134959,0.08061362,0.07303263,0.02980628,0.03028865,0.002728977
213,0.0004958569,0.0006347658,0.0001820686,0.001138881,1.997647E-05,0.003227187,0.0002524135,0.008421269,0.0004318819,0.02136725,0.002305476,0.008161902,0.004627474,0.003205323,0.001947391,0,0.000747958,8.596624E-06,0.0001332367,8.594491E-05,0.0001921378,0.001457711,0,0.001565915,1.641353E-09,0.0001679567,3.890497E-05,0.0004925936,0.001718782,0.0002011084,6.709434E-05,0.0038158,0.007794367,0.0004466885,0.002726037,0.005352015,0.01806829,0.0006012354,0.002539201,0.0004520095,0.006597413,0.01791739,0.002465979,0.01859239,0.0002773659,0.005513319,0.00972625,0.0001182113,0.0004205737,0.0006322602,5.18749E-05,0.009608507,0.02093121,0.00687087,0.0006996194,3.5036E-07,0.01808023,0.003562924,0.0005005709,0.01483397,0.1170934,0.08102116,0.0739577,0.02843241,0.03068441,0.002872231
214,0.0004930478,0.0006246424,0.0001801844,0.001140407,1.999448E-05,0.003200206,0.0002524709,0.008453665,0.0004343411,0.0214411,0.002310524,0.008099774,0.004252301,0.003255609,0.001937701,0,0.0008616921,8.019084E-06,0.0001343617,8.64212E-05,0.0001955205,0.001464246,0,0.001561331,1.641808E-09,0.000166962,3.922264E-05,0.000493832,0.001723904,0.000161838,6.099242E-05,0.003734461,0.007786847,0.0004543555,0.002780675,0.005001772,0.01693613,0.0005900416,0.002565133,0.0004559758,0.006226892,0.01739154,0.002333434,0.01786444,0.0002768826,0.005550194,0.00985969,0.0001220446,0.0004218562,0.0005636822,6.253774E-05,0.009033199,0.01809581,0.006205722,0.0006731908,3.062984E-07,0.01687479,0.003498761,0.0005161849,0.01663471,0.1197524,0.07651255,0.07568884,0.02687709,0.03001514,0.002978002
215,0.0004907005,0.0006158274,0.0001788273,0.001141525,2.001076E-05,0.003185987,0.0002522189,0.008477223,0.0004417074,0.02149658,0.002323847,0.008092429,0.004241792,0.003261321,0.001936819,0,0.0009469487,1.010532E-05,0.0001132011,8.45168E-05,0.0001981068,0.001468874,0,0.001575127,1.632418E-09,0.000166816,3.959912E-05,0.0004961092,0.001742799,0.0001703792,5.524065E-05,0.003692742,0.007760521,0.0004621452,0.002833001,0.005027605,0.01678965,0.0005849416,0.002578061,0.0004625771,0.006290526,0.01706661,0.002328884,0.01749854,0.0002765153,0.005606682,0.0100125,0.0001254867,0.0004262541,0.0005511076,7.470579E-05,0.009311776,0.01695303,0.005946747,0.0006823853,2.995696E-07,0.01710621,0.003514509,0.0005225537,0.01855078,0.1228267,0.07441321,0.07755197,0.02709747,0.03008744,0.003002898
216,0.0005744884,0.0006887928,0.0001706529,0.001142258,2.119617E-05,0.003746298,0.0002516512,0.008486871,0.0004509992,0.0215602,0.002340895,0.008102261,0.004390665,0.00264017,0.001333429,0,0.0009142775,1.177712E-05,0.0001245815,8.309311E-05,0.0001948958,0.001892104,0,0.001257882,1.626135E-09,0.0001555118,4.284715E-05,0.0004975848,0.001767118,0.0001982982,3.418859E-05,0.003119169,0.005839225,0.0005295648,0.002873361,0.005215396,0.0171685,0.0005890009,0.002579331,0.0004689623,0.006549239,0.01716928,0.002382305,0.01756377,0.000244831,0.005455493,0.01013305,0.0001279988,0.000429778,0.0005786616,8.81559E-05,0.00791711,0.01599156,0.00521246,0.0006879488,3.14844E-07,0.01777784,0.003553058,0.0005251821,0.02525687,0.1826681,0.08771995,0.08279115,0.02818579,0.03047263,0.00293116
217,0.0005757075,0.0006807442,0.0001715543,0.00114309,2.120591E-05,0.003773978,0.0002511613,0.008492219,0.0004601309,0.02164509,0.002361987,0.008117179,0.00462581,0.002650659,0.001339615,0,0.0009505121,1.311692E-05,0.0001494736,8.266616E-05,0.0001895109,0.001869627,0,0.001264693,1.61399E-09,0.0001555535,4.332226E-05,0.0004977041,0.001753956,0.0001857417,3.512135E-05,0.003143846,0.00587774,0.0005323957,0.002859185,0.005467773,0.01769268,0.0005957098,0.002576029,0.0004658942,0.006750061,0.01737658,0.002461338,0.0178395,0.0002446016,0.005514068,0.01004323,0.0001273232,0.000430876,0.0006213334,0.0001001308,0.008004579,0.0159848,0.005137428,0.0008055729,3.385413E-07,0.0183204,0.003597407,0.0005285046,0.02306627,0.1719257,0.08937315,0.08251011,0.02928078,0.0308055,0.002792925
218,0.0005747508,0.0006759608,0.0001734484,0.001144246,2.121332E-05,0.003764546,0.0002510186,0.008502213,0.0004687381,0.02177307,0.002388598,0.008134306,0.004864138,0.002670076,0.001331642,0,0.0009927008,1.46244E-05,0.0001615641,8.271891E-05,0.0001824324,0.00183358,0,0.001255008,1.570422E-09,0.000154783,4.344873E-05,0.0004967476,0.001710961,0.0001560107,3.41717E-05,0.003155187,0.005916011,0.0005281635,0.002795812,0.00569602,0.01823939,0.0006028818,0.00257673,0.0004546019,0.006736519,0.01748995,0.002527726,0.01820751,0.0002444143,0.005571721,0.009807502,0.0001238181,0.0004282894,0.0006634445,0.0001125813,0.008362168,0.01521092,0.004782496,0.0008930419,3.606945E-07,0.01859871,0.00364622,0.000530776,0.0198169,0.1585246,0.09060743,0.08111832,0.03012729,0.03085872,0.002635065
219,0.0005734851,0.0006737733,0.0001758524,0.001145563,2.121899E-05,0.003742257,0.0002510972,0.008518005,0.000477058,0.021936,0.002418229,0.0081526,0.005084821,0.002691714,0.001324738,0,0.0010517,1.625205E-05,0.0001705895,8.296747E-05,0.00017717,0.001795261,0,0.001241005,1.525274E-09,0.0001535067,4.358105E-05,0.0004954138,0.001668785,0.0001356298,3.359067E-05,0.003171505,0.005943222,0.0005211198,0.002725944,0.005897465,0.01875938,0.0006100478,0.002579014,0.0004399949,0.006580752,0.01769014,0.00258865,0.01858476,0.0002441579,0.00562341,0.009506687,0.000119943,0.0004230348,0.0007020941,0.0001265227,0.009472795,0.01559739,0.004673926,0.001037887,3.826472E-07,0.0188318,0.003693166,0.000528294,0.01715487,0.1461015,0.09074073,0.08016896,0.03047717,0.03064302,0.002484129
220,0.0005735935,0.0006711947,0.0001773014,0.001146801,2.122372E-05,0.003699489,0.0002511517,0.008536849,0.0004849442,0.02210671,0.002446422,0.008170613,0.005216081,0.002712265,0.0013241,0,0.001005664,1.780776E-05,0.0001748584,8.317314E-05,0.0001739008,0.001761057,0,0.00123064,1.470151E-09,0.0001518406,4.381206E-05,0.0004941082,0.001639918,0.0001241327,3.342507E-05,0.003192785,0.005963827,0.0005135815,0.002656131,0.006082596,0.01923408,0.0006171025,0.002580087,0.000425135,0.006419834,0.01790974,0.002635014,0.01892299,0.0002438128,0.005666302,0.009263529,0.0001159508,0.0004186232,0.0007352429,0.0001318011,0.010186,0.01475113,0.004347376,0.001136984,4.064759E-07,0.01917065,0.003734947,0.0005201827,0.01521484,0.135587,0.09007607,0.07939347,0.03061335,0.03025541,0.002398383
221,0.0005747429,0.0006703539,0.0001786177,0.001147764,2.122808E-05,0.003660865,0.0002509776,0.008562313,0.0004931988,0.02235997,0.002479765,0.008202545,0.005298189,0.002739143,0.001330287,0,0.0009598255,1.886456E-05,0.000181427,8.385699E-05,0.0001729121,0.001735275,0,0.001236545,1.424637E-09,0.0001502695,4.409534E-05,0.0004929338,0.001625954,0.0001496309,3.496264E-05,0.003221266,0.005977763,0.000505514,0.002591735,0.006215706,0.01966083,0.0006237687,0.002577744,0.0004188683,0.006548206,0.01812997,0.002667073,0.01920966,0.0002434431,0.005703859,0.009227348,0.0001120214,0.0004173387,0.0007616105,0.0001257485,0.009593945,0.01291058,0.003697535,0.001109814,4.262703E-07,0.01959297,0.003762415,0.0005086118,0.01403361,0.127272,0.08942323,0.07863194,0.03079505,0.02985582,0.002374462
222,0.0005745259,0.0006691985,0.0001783352,0.001148986,2.123444E-05,0.003600408,0.0002508755,0.00859296,0.0005001443,0.02270591,0.002492675,0.008282767,0.005385631,0.002780094,0.001334179,0,0.0008596416,1.907243E-05,0.0001847031,8.417739E-05,0.000174264,0.001718753,0,0.001257468,1.413381E-09,0.0001483891,4.457704E-05,0.0004921716,0.001632119,0.0001806157,3.688017E-05,0.003251423,0.006007605,0.0005001055,0.002556161,0.006244435,0.01986876,0.0006263792,0.002581424,0.0004214128,0.006764448,0.01835148,0.002664732,0.01942713,0.0002433224,0.005740965,0.009273188,0.0001092583,0.000415886,0.0007696062,0.000112323,0.008722957,0.01211051,0.003144584,0.001045947,4.42003E-07,0.02000227,0.003761057,0.000497967,0.01366554,0.1213917,0.08958764,0.07790393,0.03080188,0.02972847,0.00241243
223,0.0005733219,0.0006621021,0.0001775639,0.001150329,2.124502E-05,0.00356195,0.0002508442,0.008635636,0.0005022761,0.02282153,0.002499791,0.008250164,0.005159111,0.002837377,0.001344335,0,0.0007934486,1.952157E-05,0.000180177,8.430645E-05,0.0001785603,0.001720533,0,0.001289347,1.458384E-09,0.0001483184,4.520523E-05,0.0004920227,0.001650569,0.0001898433,3.781792E-05,0.003292538,0.00605008,0.0004981253,0.00255619,0.005973398,0.01941254,0.0006176012,0.002583678,0.0004274254,0.00663234,0.0183775,0.002574302,0.01939261,0.0002433074,0.005778656,0.009365696,0.0001086406,0.000417962,0.0007158404,9.82042E-05,0.008138395,0.01223499,0.00277112,0.0009746383,4.127033E-07,0.01932115,0.003720565,0.0004944037,0.0141514,0.1181968,0.09043255,0.07790311,0.02985139,0.03000569,0.002521108
224,0.0005721612,0.0006499437,0.000176577,0.001152136,2.125954E-05,0.003533702,0.0002510464,0.008679914,0.0004972995,0.02289445,0.002487946,0.008210787,0.004786509,0.002894975,0.001354515,0,0.0007364121,1.424978E-05,0.0001344869,8.488137E-05,0.0001840648,0.001722914,0,0.001322447,1.510427E-09,0.0001483298,4.590258E-05,0.0004922352,0.00167627,0.0001926203,3.839867E-05,0.003328054,0.00610053,0.0004990411,0.002578706,0.005614344,0.01877054,0.0006075182,0.00258602,0.0004299116,0.006257793,0.01834428,0.002450075,0.01927816,0.0002433688,0.00581803,0.009434234,0.0001097397,0.0004151534,0.0006511231,8.76442E-05,0.008657807,0.01227986,0.002504185,0.000947305,3.675977E-07,0.01823064,0.003572176,0.0004969991,0.01525929,0.1166271,0.09207586,0.07825452,0.0286138,0.03058874,0.00265917
225,0.0005707188,0.0006383437,0.0001752401,0.001154252,2.127681E-05,0.00350394,0.0002514172,0.008734493,0.0004938875,0.0230825,0.00248148,0.00817304,0.004267375,0.002948907,0.001360423,0,0.0006798782,1.048718E-05,0.0001113128,8.658059E-05,0.0001887425,0.001723044,0,0.001347089,1.558135E-09,0.0001485029,4.650524E-05,0.0004930187,0.001700227,0.0001776275,3.682644E-05,0.003333612,0.006162841,0.0005029493,0.002622688,0.005245649,0.0177691,0.0005978276,0.00259546,0.0004294848,0.005845671,0.01798632,0.002314732,0.01869374,0.0002435862,0.005849486,0.009476622,0.0001126778,0.0004089722,0.0005810612,8.061624E-05,0.008824016,0.01133307,0.002145569,0.0008492194,3.185475E-07,0.01703773,0.003359571,0.0005071245,0.01692559,0.1151596,0.09082837,0.07859209,0.02713795,0.03073761,0.002794486
226,0.0005720409,0.0006286845,0.0001745073,0.00115577,2.129512E-05,0.003492202,0.0002514362,0.008772086,0.0005014725,0.02320354,0.002492225,0.0081654,0.003860315,0.002993376,0.001376543,0,0.000629625,1.087423E-05,8.459283E-05,8.48987E-05,0.0001943996,0.001714672,0,0.001355421,1.552682E-09,0.0001488659,4.65792E-05,0.0004949774,0.001706341,0.0001347723,3.217892E-05,0.003248585,0.006181533,0.0005099277,0.002677535,0.004917802,0.01681891,0.0005873864,0.002574023,0.0004338078,0.005529928,0.01739078,0.00220123,0.01790921,0.000243609,0.005888519,0.009639759,0.0001160661,0.0004097054,0.0005322204,8.063012E-05,0.007098676,0.00883682,0.001626863,0.0006676733,2.763827E-07,0.0161206,0.003266063,0.0005197527,0.0191374,0.1152151,0.0827596,0.08017365,0.025641,0.02998584,0.002887234
227,0.000575633,0.0006219723,0.0001748809,0.001156865,2.131372E-05,0.003505101,0.0002511478,0.008808902,0.0005112002,0.02335995,0.002514492,0.008173668,0.003953202,0.003010931,0.001398155,0,0.0005863098,1.582186E-05,6.943489E-05,8.377495E-05,0.0001944441,0.001703763,0,0.001373525,1.526861E-09,0.0001486429,4.674791E-05,0.0004979966,0.001724739,0.0001358789,2.820238E-05,0.003199254,0.006183412,0.0005176497,0.002732416,0.004871719,0.01668011,0.000582855,0.00254181,0.0004410845,0.005536601,0.01704436,0.002186837,0.01750161,0.0002432992,0.005935253,0.009822014,0.0001194159,0.000414255,0.0005221108,8.363747E-05,0.005521407,0.007625347,0.001359099,0.0005356882,2.63626E-07,0.0164036,0.003262419,0.0005271922,0.02145563,0.1156288,0.07961933,0.08186556,0.02543778,0.03006523,0.002903593
228,0.0002761564,0.0006761737,0.0001721039,0.001157666,1.734336E-05,0.003581097,0.0002505033,0.008834997,0.0005227313,0.02353764,0.002545783,0.008188281,0.004159079,0.002738942,0.001776325,0,0.0004856265,1.80774E-05,0.0001234564,8.317659E-05,0.0001945452,0.001328449,0,0.002051082,1.551212E-09,0.0002100771,2.407286E-05,0.000501161,0.001750176,0.0001965084,2.966035E-05,0.002972271,0.008796496,0.0005100024,0.002782316,0.004990737,0.01709203,0.0005868801,0.002506064,0.0004475679,0.005754294,0.01717205,0.002234842,0.01758029,0.0002947391,0.005716028,0.009919383,0.0001220383,0.000416292,0.0005515466,8.537903E-05,0.007694,0.009886919,0.001784933,0.0006744088,2.769819E-07,0.01718623,0.003290558,0.000530178,0.01213539,0.08984922,0.0881608,0.1005166,0.02644737,0.03054477,0.002872778
229,0.0002766888,0.0006705709,0.0001726975,0.001158243,1.7354E-05,0.003594968,0.0002497213,0.008852676,0.0005338339,0.02368717,0.002574956,0.00820503,0.004337147,0.002748053,0.001787444,0,0.0004752932,1.767914E-05,0.0001510155,8.289031E-05,0.0001955157,0.001333082,0,0.002052065,1.575278E-09,0.0002093249,2.455127E-05,0.0005028811,0.001775633,0.0002316948,3.21919E-05,0.002999613,0.008684726,0.0005173509,0.002822526,0.005186366,0.01767384,0.0005939384,0.002484338,0.0004528855,0.006050052,0.01747235,0.002309795,0.01784244,0.0002929274,0.005760534,0.01002042,0.0001240122,0.0004185085,0.0005910517,8.322775E-05,0.007967534,0.01047473,0.001889231,0.0006992746,2.987643E-07,0.01807613,0.00332727,0.000530848,0.01285584,0.09293152,0.09101585,0.1000822,0.02762433,0.03104031,0.002784838
230,0.0002772166,0.0006640707,0.0001730843,0.001158961,1.736332E-05,0.003610463,0.000249096,0.008865713,0.0005440229,0.02381405,0.00260054,0.008222331,0.004561743,0.002764028,0.001780575,0,0.0004365164,1.44364E-05,0.0001535221,8.307303E-05,0.0001912295,0.001334449,0,0.002016838,1.583156E-09,0.000209853,2.497982E-05,0.0005016316,0.001755079,0.0002162707,3.326428E-05,0.003018522,0.008537848,0.0005200721,0.002809814,0.005417947,0.01827295,0.0006016134,0.002472259,0.0004486523,0.00624565,0.01771641,0.002398533,0.01819276,0.0002908021,0.005802881,0.009932544,0.000123375,0.0004195863,0.0006336048,7.608548E-05,0.007023107,0.009532495,0.001680158,0.0006159889,3.241678E-07,0.01868677,0.003369333,0.0005319393,0.01207003,0.09541819,0.09302835,0.09701795,0.02874068,0.03128222,0.002678632
231,0.0002768195,0.0006589722,0.000173896,0.001159798,1.737145E-05,0.003591665,0.0002486279,0.00888642,0.0005546943,0.02399922,0.002627957,0.008257825,0.004717368,0.002783118,0.001772668,0,0.000438739,1.111915E-05,0.0001398855,8.285562E-05,0.0001930193,0.001339088,0,0.001991647,1.593796E-09,0.0002105885,2.549011E-05,0.0004991892,0.001737518,0.0002126138,3.512786E-05,0.003046991,0.008392395,0.0005222537,0.002787359,0.005629687,0.01884821,0.000609405,0.002465505,0.0004415855,0.006389806,0.01802174,0.002485846,0.01853652,0.0002886648,0.005840786,0.009877269,0.0001221188,0.0004207132,0.0006691092,6.648583E-05,0.007651662,0.01066499,0.001837282,0.0006665348,3.50129E-07,0.0193556,0.003408356,0.0005276476,0.01151398,0.09832025,0.09433338,0.09505734,0.02948707,0.03141506,0.002589253
232,0.0002762534,0.0006535424,0.000174372,0.001160574,1.737905E-05,0.003557793,0.0002481363,0.008903795,0.0005641826,0.02414514,0.002659741,0.008270711,0.004837226,0.002799321,0.001771499,0,0.0003875475,8.880465E-06,0.0001252671,8.260622E-05,0.0001935995,0.001343573,0,0.001969753,1.594101E-09,0.0002107141,2.605308E-05,0.0004965526,0.001730771,0.0002107773,3.715664E-05,0.003076925,0.008261989,0.0005245014,0.00276623,0.005848356,0.01937403,0.0006169939,0.002462494,0.0004341476,0.006557985,0.01831037,0.002577556,0.01882339,0.0002865716,0.005873211,0.009860264,0.0001207916,0.0004229581,0.00070186,5.567127E-05,0.006125976,0.008385581,0.001430727,0.0005149844,3.769909E-07,0.02000692,0.003457986,0.0005185684,0.01137479,0.1010951,0.09506597,0.09337878,0.03009707,0.03142904,0.002536945
233,0.0002768153,0.0006495963,0.0001753757,0.001161238,1.738611E-05,0.003546853,0.0002475916,0.008926313,0.0005738323,0.02432823,0.00269172,0.008290315,0.004979159,0.002810035,0.001780644,0,0.0003612022,7.312476E-06,0.0001145907,8.254212E-05,0.0001951365,0.001351384,0,0.001967568,1.601616E-09,0.0002115484,2.663493E-05,0.0004940599,0.001743603,0.0002275069,3.976136E-05,0.003109108,0.00813655,0.0005269852,0.002759697,0.006039845,0.0198578,0.0006240028,0.002454499,0.0004355015,0.006839522,0.01857435,0.002660708,0.01906281,0.0002843459,0.005903033,0.009927971,0.0001201791,0.0004255779,0.0007319447,4.589382E-05,0.005443081,0.007495163,0.001258522,0.000440841,4.044153E-07,0.0206516,0.003510666,0.0005072535,0.01160782,0.1036812,0.09580337,0.09166803,0.03073261,0.03139694,0.002519672
234,0.0002777277,0.000647608,0.0001762716,0.001162125,1.739403E-05,0.003549447,0.0002471779,0.008966459,0.0005838029,0.02462203,0.002718107,0.008349379,0.005155914,0.002813268,0.001793508,0,0.000348565,6.166196E-06,0.0001065469,8.273058E-05,0.0001971375,0.001361241,0,0.001971577,1.607975E-09,0.000213239,2.723198E-05,0.0004916963,0.00176826,0.0002339762,4.129621E-05,0.003141923,0.008008558,0.0005295514,0.002774062,0.006092391,0.02016073,0.0006276275,0.002436272,0.0004417535,0.007146666,0.01880497,0.002693955,0.0191973,0.0002817352,0.005934015,0.01002521,0.0001210104,0.0004283793,0.0007543379,3.754489E-05,0.004727968,0.006425919,0.001109017,0.000355065,4.277606E-07,0.02125177,0.003551544,0.0004984979,0.01209098,0.106486,0.09730922,0.09014225,0.03089686,0.03149259,0.002559795
235,0.0002790264,0.0006442207,0.0001773031,0.001163452,1.740501E-05,0.003576188,0.000247094,0.009027016,0.0005898761,0.02485584,0.002743462,0.008371757,0.005035394,0.002857858,0.001809481,0,0.0003604754,5.312922E-06,0.0001018857,8.383956E-05,0.0002005658,0.00138259,0,0.001983226,1.620944E-09,0.0002147266,2.786646E-05,0.0004902426,0.001794567,0.0002203864,4.088101E-05,0.003179173,0.007919719,0.0005339829,0.002815127,0.005836595,0.01954888,0.0006184914,0.00243229,0.0004499061,0.007120939,0.01865692,0.002610372,0.01890754,0.0002797934,0.005970908,0.01014942,0.0001233195,0.000433672,0.0007185395,2.938895E-05,0.003943103,0.005590379,0.001041104,0.0003051761,4.015249E-07,0.02051852,0.003571615,0.0004991556,0.01303381,0.1098442,0.09747593,0.08963758,0.02982132,0.03171839,0.00265201
236,0.0002805633,0.0006418301,0.0001784967,0.001165093,1.741785E-05,0.003608088,0.0002472115,0.009104188,0.0005953371,0.02516184,0.002770262,0.008386455,0.004471583,0.002906015,0.001825653,0,0.0003976228,3.963729E-06,8.949735E-05,8.549468E-05,0.0002041628,0.001402525,0,0.001989862,1.626052E-09,0.0002159762,2.847228E-05,0.000489466,0.001816092,0.0001984807,3.957031E-05,0.003200151,0.007854639,0.0005398947,0.002868483,0.005485011,0.01858507,0.0006067276,0.002436586,0.0004562709,0.006811176,0.01830997,0.002475664,0.0184262,0.000278121,0.00600348,0.01025976,0.0001265635,0.0004365861,0.000637962,2.364319E-05,0.002976095,0.004776694,0.0009720956,0.0002767822,3.558127E-07,0.0192885,0.003541947,0.0005066151,0.01424894,0.1126909,0.09665136,0.089598,0.02835031,0.03177646,0.002758016
237,0.0002794988,0.000633448,0.0001769884,0.001167294,1.743381E-05,0.003571864,0.000247606,0.009169896,0.000589749,0.02537158,0.002772525,0.008349422,0.004031098,0.002957911,0.00181096,0,0.0004461286,2.591677E-06,5.669936E-05,8.712021E-05,0.000209703,0.001419465,0,0.001993849,1.618718E-09,0.0002155663,2.911601E-05,0.0004892205,0.001839435,0.0001831529,3.893775E-05,0.003224741,0.007813489,0.0005462415,0.002923576,0.005130338,0.01767467,0.0005965068,0.002448727,0.0004572618,0.006386051,0.01805199,0.002337841,0.01806013,0.0002769748,0.006031929,0.01028535,0.0001301941,0.0004326298,0.00057724,2.224741E-05,0.001966489,0.003448147,0.0007417804,0.0002132513,3.113907E-07,0.01802514,0.003441804,0.0005178964,0.01552365,0.1145657,0.09748133,0.08945151,0.0269128,0.03218653,0.002853632
238,0.00027747,0.0006226031,0.0001750335,0.001169108,1.745085E-05,0.003527957,0.0002477461,0.009208905,0.0005926766,0.02547112,0.002782452,0.008308868,0.003811766,0.003007042,0.001800373,0,0.0004699184,3.488914E-06,4.326533E-05,8.582861E-05,0.0002146754,0.001432246,0,0.00198922,1.610824E-09,0.0002158015,2.960568E-05,0.0004897218,0.001851847,0.0001557296,3.559035E-05,0.00320843,0.007788806,0.0005538461,0.002977611,0.004809313,0.01680048,0.0005861539,0.002465949,0.0004613482,0.006039222,0.01754866,0.002227761,0.01742223,0.0002760136,0.006068675,0.01038622,0.0001338938,0.0004337848,0.0005283431,2.379665E-05,0.001479779,0.002396113,0.0004742109,0.0001317669,2.724954E-07,0.01704149,0.003388407,0.0005292225,0.0170827,0.1166141,0.09473532,0.0907025,0.02538574,0.0322306,0.002918351
239,0.0002758879,0.0006138775,0.0001743581,0.001170523,1.746804E-05,0.003508322,0.0002475886,0.009243599,0.0006028682,0.0255862,0.002801466,0.008311585,0.00393481,0.003032687,0.001801699,0,0.0004915184,8.308361E-06,6.455281E-05,8.404379E-05,0.0002145415,0.001438662,0,0.001991821,1.583447E-09,0.0002154945,3.007345E-05,0.0004917088,0.001871011,0.0001726529,3.252304E-05,0.003204277,0.007747279,0.000562155,0.003026336,0.004858193,0.01684806,0.0005818764,0.002457809,0.0004680942,0.006103649,0.0174635,0.002239647,0.01717269,0.0002753378,0.006110302,0.01051041,0.000136837,0.0004379049,0.0005255769,2.746161E-05,0.002523944,0.003316473,0.0006192629,0.0001728777,2.731901E-07,0.01744659,0.003392925,0.0005293185,0.01853819,0.1179664,0.09304173,0.09141592,0.02564338,0.0326489,0.002913355
240,0.0005300739,0.0006065369,8.78643E-05,0.001171694,1.480383E-05,0.003172531,0.0002471043,0.009263178,0.0006155359,0.02569905,0.00282656,0.008327626,0.004146976,0.003224326,0.001698314,0,0.0005833243,1.218764E-05,0.0001012648,8.279872E-05,0.0002116072,0.001731512,0,0.001995382,1.57682E-09,0.0002438669,0.0001090427,0.000493654,0.001892056,0.0002031959,1.454312E-05,0.003312543,0.005106614,0.0004259613,0.00306251,0.005050777,0.017282,0.0005861218,0.002449293,0.0004751907,0.006354515,0.01766227,0.002302879,0.01725903,0.0003411589,0.004806102,0.01062086,0.0001386224,0.0004413002,0.0005565521,3.138828E-05,0.002993941,0.003817059,0.0006219649,0.0001693998,2.916677E-07,0.01826011,0.003416723,0.0005244769,0.01692462,0.1376727,0.1064906,0.1006989,0.02652925,0.03316528,0.002838208
241,0.0005307104,0.0006002501,8.901469E-05,0.001172882,1.481399E-05,0.003215417,0.0002465773,0.009277069,0.0006276854,0.0258135,0.002854419,0.008347827,0.004380348,0.003217051,0.001700773,0,0.000534708,1.472836E-05,0.0001331128,8.228828E-05,0.0002055305,0.001720548,0,0.001979357,1.559778E-09,0.0002451424,0.0001085503,0.0004927161,0.001864176,0.0001930994,1.498968E-05,0.003333611,0.005157654,0.0004296495,0.003038557,0.005297582,0.01785154,0.0005930092,0.00243991,0.0004761924,0.006626895,0.01783082,0.002386942,0.01753642,0.0003380452,0.004865656,0.01060563,0.0001370485,0.0004439175,0.0005984796,3.427915E-05,0.003451454,0.004407088,0.0007049408,0.0001880745,3.167703E-07,0.01894961,0.003439079,0.0005202374,0.01560799,0.1332179,0.1077896,0.09837154,0.02747594,0.03345652,0.002727044
242,0.0005304484,0.0005955606,9.075063E-05,0.001174305,1.482281E-05,0.003250365,0.0002462464,0.009290561,0.0006388374,0.02594066,0.002884767,0.00836899,0.004630102,0.003209703,0.001689152,0,0.000429628,1.57679E-05,0.0001608855,8.222506E-05,0.0001979725,0.001695608,0,0.001934118,1.517791E-09,0.000244926,0.0001065016,0.0004902821,0.001808722,0.0001635289,1.464906E-05,0.003337521,0.005225076,0.0004275946,0.002967666,0.005564136,0.01841449,0.0006004423,0.002439376,0.0004695184,0.006787561,0.01782411,0.002480457,0.01784717,0.0003343752,0.004929829,0.01044853,0.0001328333,0.0004438453,0.0006415567,3.520252E-05,0.003399578,0.004845341,0.0008066773,0.0002109494,3.417024E-07,0.0193882,0.003466443,0.000515644,0.0137146,0.1272702,0.1082446,0.09431911,0.02830276,0.03328425,0.002604035
243,0.000527504,0.000591904,9.248567E-05,0.001175909,1.483042E-05,0.003262797,0.0002461062,0.00930576,0.000649169,0.02608126,0.002917166,0.008389889,0.004845876,0.003199112,0.001670886,0,0.0004672046,1.650175E-05,0.0001825779,8.184034E-05,0.000187486,0.001656791,0,0.001865184,1.444287E-09,0.0002425569,0.0001035535,0.0004874392,0.001740374,0.0001274796,1.37716E-05,0.00332146,0.005258011,0.0004189266,0.002862087,0.005831344,0.01892478,0.0006075031,0.002439926,0.0004595886,0.006881029,0.01768108,0.002575663,0.01811901,0.0003302399,0.00498908,0.0102224,0.0001267368,0.0004418976,0.0006830883,3.364044E-05,0.003532499,0.004883178,0.0008991717,0.0002590289,3.649244E-07,0.01973094,0.003491336,0.0005083356,0.01161819,0.1214792,0.1075469,0.08987384,0.02894986,0.03260375,0.002491978
244,0.0005248596,0.0005884834,9.415855E-05,0.001177219,1.483712E-05,0.003229545,0.0002457248,0.009321407,0.0006590863,0.02622838,0.002949671,0.008411004,0.004928837,0.003189621,0.001673988,0,0.0006597363,1.799766E-05,0.0001974177,8.111179E-05,0.0001859322,0.001636093,0,0.001838649,1.399649E-09,0.0002414294,0.0001015106,0.0004847808,0.001699442,0.0001586244,1.447104E-05,0.003340736,0.005291712,0.000411058,0.002773953,0.006072524,0.01935234,0.0006142218,0.00243086,0.0004539921,0.007098969,0.0177681,0.002664363,0.0183337,0.0003258545,0.005038224,0.0101768,0.000121197,0.0004421487,0.0007121996,2.992319E-05,0.00675426,0.008083845,0.001557444,0.0004535481,3.884434E-07,0.02018653,0.003507983,0.0004931555,0.01025444,0.116402,0.1059733,0.08728313,0.02921814,0.03199434,0.002394806
245,0.0005244663,0.0005859976,9.604956E-05,0.001178282,1.484327E-05,0.003213193,0.000245162,0.009338353,0.0006692332,0.02639827,0.002982378,0.008436948,0.005042112,0.003196182,0.001688463,0,0.0004458986,1.852166E-05,0.0002131814,8.067709E-05,0.0001850405,0.001627397,0,0.001848194,1.390141E-09,0.0002386778,0.0001004337,0.0004826253,0.001700067,0.0002128078,1.569995E-05,0.00336432,0.005342499,0.0004070282,0.002729863,0.006290391,0.01972765,0.0006210388,0.002425677,0.0004552587,0.007371502,0.01792332,0.002742574,0.01849612,0.0003218846,0.005078502,0.01021445,0.0001177161,0.0004423343,0.0007357843,2.550703E-05,0.00479988,0.008272499,0.0009485109,0.0002225379,4.11209E-07,0.020657,0.003524425,0.0004754214,0.009697559,0.1119638,0.1042407,0.08496267,0.02948332,0.03141752,0.002343648
246,0.0005251825,0.0005835362,9.774957E-05,0.001179157,1.484947E-05,0.003220516,0.0002445451,0.009362463,0.0006784069,0.02657089,0.003016474,0.008455037,0.005199266,0.003206101,0.001705909,0,0.0004032712,1.856304E-05,0.0002209133,8.054861E-05,0.0001866087,0.001623167,0,0.001863827,1.423092E-09,0.0002379619,9.979201E-05,0.0004809739,0.001722673,0.0002426769,1.634733E-05,0.003387191,0.00539468,0.0004072813,0.002729019,0.00633558,0.01983963,0.0006266134,0.002418538,0.0004609919,0.007653035,0.01804539,0.002762563,0.01851196,0.0003181215,0.00511196,0.01028888,0.0001169081,0.0004423128,0.0007572576,2.124701E-05,0.005935326,0.01259465,0.00113796,0.0002311285,4.287826E-07,0.02100162,0.00352841,0.0004626544,0.009838054,0.1087428,0.1033312,0.08292148,0.02920321,0.03098158,0.002347895
247,0.0005263509,0.0005816295,9.960773E-05,0.001180284,1.485845E-05,0.003249842,0.0002441715,0.009406036,0.0006877813,0.02677593,0.003051406,0.008473121,0.005185184,0.003251768,0.001726357,0,0.0004222162,1.733115E-05,0.000197718,8.103155E-05,0.000191006,0.001633835,0,0.001882955,1.474473E-09,0.0002376843,9.935265E-05,0.0004803682,0.001750746,0.0002294238,1.60231E-05,0.003407122,0.005460323,0.000411337,0.002763802,0.006105347,0.01918845,0.0006194999,0.00242416,0.000468636,0.007659259,0.01788303,0.002683403,0.0182338,0.0003151192,0.005143231,0.01039068,0.0001183436,0.0004444172,0.000729616,1.852534E-05,0.006062649,0.01637904,0.001327263,0.0002450042,4.076587E-07,0.02033084,0.003515236,0.0004595176,0.01047634,0.1074264,0.1018075,0.08187179,0.02798407,0.0307726,0.002410957
248,0.0005256824,0.0005791355,0.0001011194,0.00118176,1.48691E-05,0.003266845,0.0002440157,0.009466737,0.000692701,0.0270568,0.00307051,0.008495177,0.004720675,0.00331293,0.001735155,0,0.0004159842,1.248495E-05,0.0001817959,8.243582E-05,0.0001950893,0.001642372,0,0.001893626,1.497598E-09,0.0002351784,9.900305E-05,0.0004803575,0.001777703,0.0002120588,1.571048E-05,0.003416955,0.005535079,0.0004168437,0.002809563,0.005780106,0.01827554,0.0006087624,0.002439877,0.0004732939,0.007335609,0.0176527,0.002564766,0.01791271,0.0003126763,0.005164663,0.01046302,0.0001207791,0.0004429509,0.0006603522,1.757377E-05,0.005164046,0.01779643,0.0014763,0.0002485641,3.729848E-07,0.01929263,0.00342719,0.0004629713,0.01125957,0.1065562,0.100259,0.08083227,0.02656151,0.03067904,0.002511127
249,0.0005249602,0.0005758158,0.0001023321,0.001183497,1.488269E-05,0.003272894,0.0002439745,0.009537678,0.0006912125,0.02737357,0.003085658,0.008493085,0.004369254,0.003367841,0.00174137,0,0.0003948993,8.527486E-06,0.0001007158,8.438735E-05,0.0001994061,0.001647321,0,0.00189431,1.51327E-09,0.0002324294,9.842146E-05,0.0004809805,0.001795636,0.0001840238,1.481604E-05,0.003399943,0.005615503,0.0004232914,0.002858444,0.005434284,0.01721299,0.0005983895,0.002461641,0.0004758176,0.00691338,0.01728145,0.002431205,0.01741275,0.0003105528,0.005176176,0.0105226,0.000123792,0.0004389006,0.0005995592,1.804066E-05,0.003890899,0.01483643,0.001282762,0.000199171,3.326038E-07,0.01812273,0.003309837,0.00047226,0.01216478,0.1056917,0.09678151,0.07978417,0.02512542,0.03018713,0.002613974
250,0.000523669,0.0005699996,0.0001028869,0.001185079,1.489776E-05,0.003261214,0.000243813,0.009594104,0.0006945754,0.02758304,0.003104842,0.008478142,0.004098899,0.003398536,0.001751713,0,0.0003775167,7.917291E-06,6.721805E-05,8.344957E-05,0.0002046669,0.001647974,0,0.001886786,1.527832E-09,0.0002328955,9.731539E-05,0.0004827165,0.001800966,0.0001443057,1.331203E-05,0.003337723,0.005692401,0.0004301919,0.002907949,0.005103421,0.01617534,0.0005880129,0.00247402,0.0004792083,0.006489474,0.01670722,0.002312194,0.01678651,0.0003085337,0.00519188,0.01063744,0.0001268121,0.0004374871,0.0005455265,1.888843E-05,0.003089925,0.01210013,0.00111251,0.0001606191,2.923439E-07,0.01703026,0.003207501,0.000481801,0.01326451,0.1066688,0.09070262,0.08005688,0.02359222,0.02953077,0.002687189
251,0.0005225698,0.0005650552,0.0001038626,0.001186183,1.491311E-05,0.003265053,0.0002433018,0.009636095,0.0007053424,0.02774359,0.003132615,0.00848563,0.004167554,0.00338048,0.00176482,0,0.0003581202,8.993528E-06,8.448506E-05,8.131909E-05,0.0002046967,0.001644021,0,0.001902513,1.521291E-09,0.0002340472,9.658746E-05,0.0004839942,0.001818699,0.0001962851,1.302037E-05,0.003340295,0.005730915,0.0004364396,0.002946129,0.005147468,0.01613161,0.0005852596,0.002437201,0.0004850347,0.006539556,0.01661894,0.002317887,0.01662306,0.0003054532,0.005218404,0.01074974,0.0001289221,0.0004381497,0.0005424454,1.844028E-05,0.003153247,0.01276615,0.001157728,0.0001598246,2.913795E-07,0.01724329,0.003173091,0.0004784604,0.01415136,0.1077126,0.08889725,0.07965869,0.02383812,0.02967142,0.00270376
252,0.0003034738,0.0004949623,0.0001291847,0.00118704,1.545198E-05,0.002780393,0.0002424881,0.009661585,0.0007189689,0.02788575,0.003164295,0.008504386,0.00433603,0.002974075,0.001946389,0,0.0003429045,8.29557E-06,0.0001487172,7.989864E-05,0.0002011939,0.001837656,0,0.001595616,1.517287E-09,0.000169064,8.749203E-05,0.0004854054,0.001839229,0.0002288841,2.050886E-05,0.003506075,0.008412952,0.0003854645,0.002974095,0.005317098,0.01644472,0.0005897275,0.002406181,0.0004908982,0.006775033,0.01674784,0.002367843,0.01670561,0.0003051769,0.005936841,0.01084141,0.0001302595,0.0004386629,0.0005669429,1.652961E-05,0.003252234,0.01497124,0.001327755,0.0001726347,3.056807E-07,0.01783191,0.003168761,0.0004713876,0.01872519,0.09799051,0.07386646,0.06228568,0.02458912,0.02997026,0.002648293
253,0.0003046642,0.0004943943,0.0001318922,0.001188036,1.546509E-05,0.002836171,0.0002417377,0.009677597,0.0007326115,0.0280265,0.003198426,0.008527058,0.004583455,0.002971802,0.001931259,0,0.0003403955,7.371355E-06,0.0001653037,8.000257E-05,0.0001918977,0.001814199,0,0.001590507,1.495806E-09,0.0001699697,8.6799E-05,0.0004842347,0.001801974,0.0001996215,2.066057E-05,0.003501516,0.008309488,0.0003873235,0.002933914,0.005510205,0.01680436,0.0005966303,0.002388095,0.0004874393,0.00695097,0.01678903,0.002439921,0.01693991,0.0003020742,0.005946773,0.01065746,0.0001281316,0.0004365023,0.0006053828,1.37603E-05,0.002792317,0.01454253,0.001294121,0.0001682161,3.251615E-07,0.01810296,0.003186954,0.0004699913,0.01705695,0.09764713,0.07546002,0.06095648,0.02558109,0.03002939,0.002562173
254,0.0003026675,0.000499386,0.0001356143,0.001189726,1.547711E-05,0.00288743,0.0002415777,0.009703398,0.000745343,0.02824845,0.003240675,0.008550831,0.004899403,0.002990434,0.001883889,0,0.0003849259,6.56844E-06,0.0001666855,8.109522E-05,0.0001770684,0.001761653,0,0.00154688,1.412353E-09,0.000168555,8.494486E-05,0.0004817699,0.001729839,0.0001460005,1.897697E-05,0.003445192,0.008103824,0.0003799124,0.00283261,0.00554172,0.01685466,0.000603986,0.002389054,0.0004762578,0.006912338,0.01652748,0.0025208,0.01710562,0.0002993322,0.005953776,0.01024798,0.0001227622,0.0004278917,0.0006390313,1.072943E-05,0.002266787,0.01348053,0.001339537,0.0001728266,3.311917E-07,0.01783522,0.003219442,0.000475177,0.01454194,0.09492881,0.07616617,0.05821867,0.0266588,0.02913411,0.002476017
255,0.0003012904,0.0005027224,0.0001373097,0.001191456,1.548826E-05,0.002939466,0.0002414634,0.009726577,0.0007572291,0.02844535,0.003280788,0.008574781,0.005147344,0.003009458,0.001849744,0,0.0004451704,5.926353E-06,0.0001760186,8.083173E-05,0.0001617816,0.001710247,0,0.001503568,1.337141E-09,0.0001661878,8.309317E-05,0.0004792747,0.001658734,0.0001153452,1.777588E-05,0.00340855,0.007874386,0.0003704214,0.002722731,0.005699832,0.01715916,0.0006112501,0.002389834,0.000462796,0.00684418,0.01630536,0.002597012,0.01734742,0.0002965947,0.005953552,0.009882651,0.0001169402,0.0004209029,0.0006783041,6.822034E-06,0.0009669121,0.00641409,0.00075517,0.0001117689,3.464446E-07,0.0178955,0.003246758,0.0004731948,0.01207137,0.0935554,0.0767874,0.05662385,0.02734501,0.02836392,0.002391349
256,0.0003004922,0.0005050666,0.000138371,0.001192873,1.549892E-05,0.002927853,0.0002410857,0.009748083,0.000769131,0.02864151,0.003318003,0.008601285,0.005154321,0.003036149,0.001830561,0,0.0004095202,5.860362E-06,0.0001763372,8.005219E-05,0.0001583983,0.001679057,0,0.001486721,1.298274E-09,0.0001641064,8.205893E-05,0.0004772079,0.001614915,0.0001274149,1.818235E-05,0.003410591,0.0076963,0.0003635079,0.002634853,0.005860439,0.01748882,0.0006186113,0.002389385,0.0004504344,0.00684707,0.01635539,0.002648605,0.01759972,0.0002940381,0.005946672,0.009651089,0.0001118529,0.0004175429,0.0007068233,5.443904E-06,0.0008251475,0.006459383,0.0008763914,9.876816E-05,3.658947E-07,0.01816998,0.003281848,0.0004630394,0.01032174,0.09209634,0.07668541,0.05633084,0.02763887,0.02787997,0.00233126
257,0.0003021747,0.0005070288,0.0001398472,0.001193838,1.550944E-05,0.002902766,0.0002403956,0.009770312,0.0007800191,0.02883923,0.003357272,0.008624367,0.005186426,0.003056576,0.001831096,0,0.0003575477,5.201101E-06,0.0001772517,8.014772E-05,0.0001574552,0.001660115,0,0.001497451,1.300386E-09,0.0001624444,8.168843E-05,0.000475505,0.001602057,0.0001780486,1.980319E-05,0.003423149,0.007545406,0.0003594784,0.002577974,0.005979777,0.01781038,0.0006256811,0.002383415,0.0004491661,0.007064146,0.0165044,0.002681418,0.01779748,0.0002915861,0.005937636,0.009603729,0.0001079241,0.0004164912,0.0007311192,5.605777E-06,0.0008909641,0.00762566,0.001150422,0.000101792,3.862379E-07,0.01854801,0.003320763,0.0004512981,0.0095744,0.09108977,0.07661477,0.05608134,0.02794527,0.02744875,0.002326284
258,0.0003047125,0.0005079554,0.0001407767,0.001194553,1.551992E-05,0.002898795,0.0002395564,0.009794216,0.0007911885,0.02902051,0.00338813,0.008647607,0.005272179,0.003062295,0.001839569,0,0.0002983726,5.160187E-06,0.0002025888,8.014742E-05,0.000161104,0.001649558,0,0.001525344,1.370873E-09,0.0001630135,8.171478E-05,0.0004741275,0.00161507,0.0002256298,2.145458E-05,0.003440429,0.007408542,0.0003588179,0.002566587,0.006050166,0.01808519,0.000631547,0.002368567,0.0004539656,0.007337088,0.01668379,0.002701729,0.01796236,0.0002889121,0.005930744,0.009638071,0.0001070169,0.0004165576,0.0007530316,7.844635E-06,0.001192278,0.009367645,0.001705203,0.0001328666,4.080846E-07,0.01901564,0.003364438,0.0004401169,0.009627781,0.09111164,0.07731882,0.05574698,0.02829251,0.02737069,0.002383346
259,0.0003057206,0.0005083362,0.0001414129,0.001195473,1.553327E-05,0.002900596,0.0002389953,0.009842942,0.0008024556,0.02926157,0.003411514,0.008676696,0.00532626,0.003096454,0.001845881,0,0.000287622,5.614894E-06,0.0002541403,7.979432E-05,0.0001679785,0.001653523,0,0.001560858,1.44747E-09,0.0001638116,8.195406E-05,0.0004734494,0.001640005,0.0002371925,2.222468E-05,0.003466439,0.007307928,0.0003608159,0.002586833,0.005860656,0.01781027,0.0006274979,0.002361876,0.0004612021,0.007411758,0.01672048,0.002641994,0.01795313,0.0002867407,0.005930246,0.009731357,0.0001082119,0.0004201889,0.0007320921,1.248477E-05,0.001359863,0.009617168,0.002074596,0.0001478808,3.949756E-07,0.0187065,0.003383377,0.0004359795,0.01024295,0.09286095,0.07930531,0.05602099,0.02763607,0.02786332,0.002504804
260,0.0003062379,0.0005085132,0.0001421132,0.001196786,1.554801E-05,0.002915003,0.000238718,0.009908422,0.0008121813,0.02959074,0.003430622,0.008705234,0.00478546,0.003150684,0.001849158,0,0.000295738,6.531722E-06,0.0002197752,8.086288E-05,0.0001740629,0.001660955,0,0.001590482,1.51727E-09,0.0001652221,8.221754E-05,0.0004735128,0.001665136,0.0002250244,2.201259E-05,0.003482031,0.007236952,0.0003650192,0.002629383,0.005540113,0.01707837,0.0006165045,0.002365563,0.000466452,0.00713508,0.01657041,0.002523971,0.01766698,0.0002850532,0.005934895,0.009825809,0.0001110033,0.0004215654,0.0006507837,2.134752E-05,0.001812043,0.01024777,0.002563677,0.0001761734,3.568342E-07,0.0177878,0.003326465,0.0004406844,0.01125573,0.09557401,0.08099917,0.0567016,0.02645615,0.02842586,0.00264506
261,0.0003063268,0.0005071453,0.0001422771,0.001198206,1.556484E-05,0.002914052,0.0002385169,0.009971137,0.0008191651,0.02982902,0.003458601,0.008700198,0.00442835,0.003206222,0.001854137,0,0.0003343805,8.099142E-06,0.0002187571,8.21511E-05,0.0001796735,0.001664059,0,0.001608451,1.56322E-09,0.0001663768,8.226774E-05,0.0004743468,0.001683248,0.0001925585,2.059935E-05,0.00345822,0.00719131,0.000370482,0.002681735,0.005195942,0.01609518,0.0006045186,0.002381316,0.000470364,0.006727951,0.01620653,0.002394443,0.0170998,0.0002837095,0.00593405,0.009943803,0.0001145297,0.0004220592,0.0005846045,3.518688E-05,0.002619571,0.01114557,0.003067309,0.0002167846,3.146272E-07,0.0167051,0.003235387,0.000452762,0.01254054,0.09824441,0.08002438,0.05781532,0.02506857,0.02844809,0.002780852
262,0.0003080265,0.000504582,0.0001427976,0.001199534,1.558325E-05,0.002935134,0.0002382472,0.0100236,0.0008258054,0.02998933,0.00348452,0.00870004,0.004171728,0.003247207,0.001867798,0,0.0003874121,9.264601E-06,0.0002210755,8.188032E-05,0.000184929,0.001663739,0,0.001619223,1.58537E-09,0.000167459,8.19653E-05,0.0004760476,0.001690916,0.0001532631,1.86481E-05,0.003397041,0.007156289,0.000376518,0.002737693,0.004892262,0.01513472,0.0005929626,0.002395719,0.0004761664,0.006383688,0.01571109,0.002289858,0.01643999,0.0002825235,0.005937401,0.01012357,0.0001181776,0.000425767,0.0005362809,4.827133E-05,0.00369826,0.01200074,0.003514306,0.0002476115,2.774672E-07,0.01578607,0.003190862,0.0004685136,0.01405299,0.1013327,0.07548326,0.05956237,0.0237083,0.02802669,0.002871617
263,0.0003084317,0.0005022382,0.0001435246,0.001200491,1.560326E-05,0.002949496,0.0002376769,0.01005995,0.0008361384,0.03012185,0.003511143,0.008715458,0.004216101,0.003251639,0.001871276,0,0.0004388409,1.002601E-05,0.0002344904,8.080962E-05,0.0001879496,0.001656707,0,0.001640774,1.582144E-09,0.0001686325,8.177408E-05,0.0004786568,0.001708728,0.0001865228,1.7528E-05,0.003380908,0.007090234,0.0003822164,0.002786632,0.004939683,0.01513224,0.0005917847,0.002376107,0.0004833044,0.006477069,0.01563953,0.00229702,0.01629233,0.0002810147,0.005952181,0.01029072,0.0001210929,0.0004296469,0.0005352162,5.353357E-05,0.004741436,0.01256743,0.00389312,0.0002710899,2.770865E-07,0.01609241,0.003211695,0.0004762502,0.01536396,0.1041992,0.07365159,0.06087679,0.02431867,0.02825932,0.002901659
264,0.000309319,0.0003953399,0.000124736,0.001201282,1.774223E-05,0.002706531,0.0002368694,0.01008085,0.0008482186,0.03025936,0.003542644,0.008736718,0.004381207,0.003824345,0.001476204,0,0.0003518413,9.044613E-06,0.0001955395,8.020624E-05,0.0001876934,0.001579804,0,0.001543996,1.587873E-09,0.0001705203,6.564979E-05,0.0004805919,0.001729704,0.0002232371,2.579168E-05,0.003639667,0.007059518,0.0005307657,0.002825169,0.005105407,0.01551097,0.0005966056,0.002348143,0.0004900137,0.006733362,0.01585148,0.00234782,0.01645565,0.0003121399,0.007928257,0.01042291,0.0001232696,0.000432033,0.000564316,5.40708E-05,0.006586991,0.01433434,0.004868253,0.0003450526,2.932908E-07,0.01679332,0.003251607,0.0004817278,0.01960034,0.1178517,0.08997563,0.07256003,0.02559412,0.02878356,0.002865619
265,0.0003114006,0.0003965801,0.0001264245,0.001202069,1.775755E-05,0.002750769,0.0002360293,0.01009721,0.0008609653,0.03042039,0.003579617,0.008759887,0.004566802,0.003801226,0.001490782,0,0.0004270565,8.246269E-06,0.000203302,7.976728E-05,0.0001875614,0.00157737,0,0.001567692,1.57965E-09,0.0001715055,6.605332E-05,0.0004809388,0.001744406,0.0002359609,2.816226E-05,0.003642952,0.006986061,0.0005351395,0.002851475,0.005311223,0.01601609,0.0006033924,0.002328897,0.0004920027,0.007026426,0.01615991,0.002416654,0.01675577,0.0003090118,0.007877224,0.01047042,0.0001249617,0.0004332797,0.0006026205,5.340284E-05,0.007567717,0.01444231,0.00542863,0.0003999999,3.160958E-07,0.01758478,0.003297059,0.0004860063,0.01980076,0.1175525,0.09227005,0.07280398,0.02688413,0.02934947,0.002783549
266,0.0003122296,0.0003987851,0.0001285123,0.001203226,1.77708E-05,0.002795757,0.0002354738,0.01011025,0.0008734453,0.03057412,0.003614086,0.008780926,0.00481199,0.003791698,0.001486221,0,0.0005180642,8.267539E-06,0.0002065502,8.015029E-05,0.0001807698,0.001564459,0,0.001559502,1.539485E-09,0.0001706493,6.616466E-05,0.0004789252,0.001713029,0.0002011868,2.832028E-05,0.003630579,0.006920028,0.0005338874,0.002824388,0.005521066,0.01644453,0.0006103804,0.002328395,0.0004832989,0.007106609,0.01626831,0.002496461,0.01710166,0.0003059171,0.007807407,0.01026593,0.000123792,0.0004313388,0.0006450492,5.62137E-05,0.008118756,0.0147661,0.005939746,0.0004599594,3.40739E-07,0.01796134,0.003351595,0.0004920852,0.01822734,0.1155865,0.09502846,0.07110395,0.02808472,0.02969784,0.002692247
267,0.0003117771,0.0004015743,0.00013025,0.001204654,1.778235E-05,0.002833397,0.00023514,0.01012535,0.0008858792,0.03074714,0.003653968,0.008801721,0.005069692,0.003790347,0.001478442,0,0.0006466577,8.815455E-06,0.0002118945,8.033494E-05,0.0001770595,0.001550028,0,0.001546343,1.495318E-09,0.0001697234,6.614321E-05,0.0004760322,0.001670189,0.0001725674,2.825941E-05,0.003620947,0.006855835,0.0005279225,0.002771091,0.005754421,0.01692231,0.0006171485,0.002337176,0.0004705505,0.007049248,0.01641456,0.002579444,0.01747115,0.0003029944,0.007734327,0.009954037,0.0001207408,0.0004274176,0.0006862144,6.077711E-05,0.008848093,0.01320397,0.005765234,0.0005089461,3.660979E-07,0.01830728,0.003410379,0.0004944157,0.01616033,0.1139071,0.09710635,0.06949692,0.02886911,0.02983077,0.002578297
268,0.0003103011,0.0004032865,0.000130917,0.001206087,1.779286E-05,0.002835692,0.0002348581,0.0101391,0.0008978398,0.03090189,0.003688399,0.008820256,0.005179775,0.003768619,0.001471241,0,0.0007559982,9.472601E-06,0.0002186131,7.99283E-05,0.0001695336,0.001527244,0,0.001520067,1.431183E-09,0.0001688735,6.57331E-05,0.0004730421,0.001616574,0.000140979,2.718531E-05,0.003603133,0.006762001,0.0005156028,0.002686186,0.00598739,0.01737684,0.0006233715,0.002341099,0.0004579868,0.007027874,0.016486,0.002659522,0.01782008,0.0002999495,0.007660345,0.009716338,0.0001159334,0.0004251825,0.0007202756,6.562806E-05,0.01105363,0.0147034,0.006412044,0.0006901501,3.920141E-07,0.01875838,0.003468124,0.0004913042,0.01384203,0.1123907,0.09838337,0.06791338,0.02941883,0.02971535,0.002512242
269,0.0003104224,0.0004062756,0.0001327061,0.001207242,1.780305E-05,0.002827667,0.0002344224,0.01016593,0.0009108171,0.03114066,0.003720333,0.008849081,0.005257934,0.003739427,0.001480944,0,0.000764698,1.02095E-05,0.0002269589,7.972181E-05,0.0001678831,0.001520052,0,0.00152741,1.393492E-09,0.0001680497,6.568187E-05,0.0004704859,0.001591213,0.0001742237,2.869391E-05,0.003610224,0.006674621,0.0005046695,0.00261693,0.006139185,0.01779253,0.0006281314,0.00233667,0.0004576553,0.007240526,0.01668465,0.002717329,0.01811916,0.0002968718,0.007591411,0.009715722,0.0001117449,0.0004250896,0.0007453217,6.88541E-05,0.01110582,0.01358892,0.005749305,0.0008182671,4.153931E-07,0.01925875,0.003514003,0.0004838258,0.0125842,0.111,0.09944827,0.06684282,0.02988479,0.0296665,0.002477876
270,0.0003119583,0.0004086954,0.000134138,0.001208198,1.781375E-05,0.002829213,0.000233923,0.01020403,0.0009223468,0.03135433,0.00375743,0.008863324,0.005375213,0.003722071,0.00149869,0,0.0007119436,1.139527E-05,0.0002350174,7.97856E-05,0.000167454,0.001519498,0,0.001549628,1.400617E-09,0.0001675058,6.601633E-05,0.0004685793,0.001601044,0.0002052346,2.996835E-05,0.0036191,0.006610735,0.0004979403,0.00259894,0.006219878,0.01808594,0.000631506,0.002334016,0.0004634365,0.007527619,0.01688186,0.002749153,0.01829111,0.0002940939,0.007527215,0.009808541,0.0001106424,0.0004266178,0.0007684982,7.108619E-05,0.01008912,0.01308362,0.00487522,0.0009286773,4.393555E-07,0.01976633,0.003565061,0.0004770164,0.0123781,0.1098032,0.1008224,0.065827,0.03012076,0.02966499,0.002496683
271,0.0003141159,0.0004121432,0.0001362022,0.001209398,1.78272E-05,0.002857071,0.0002336649,0.01025813,0.0009349655,0.03163003,0.003799355,0.008882885,0.005414638,0.003741196,0.001513807,0,0.0006704574,1.221894E-05,0.0002204284,8.048555E-05,0.0001709712,0.001530851,0,0.001576926,1.446103E-09,0.0001678737,6.652478E-05,0.0004679331,0.001625146,0.0002049604,2.940003E-05,0.003631669,0.006574857,0.0004971023,0.002625331,0.006003763,0.01770111,0.0006272794,0.002343881,0.0004708897,0.007633423,0.01679833,0.002676578,0.01809418,0.0002919091,0.007473508,0.009908997,0.0001123352,0.0004291827,0.000750891,7.254396E-05,0.008705416,0.01289731,0.003903814,0.0009530731,4.182551E-07,0.01929133,0.003603233,0.0004777213,0.01303833,0.1097572,0.1024007,0.06550092,0.02921727,0.02988994,0.002578605
272,0.0003164915,0.0004160769,0.0001381465,0.001210954,1.784201E-05,0.002884659,0.0002336164,0.01032643,0.0009471484,0.03199475,0.003839229,0.008905455,0.004735702,0.003776512,0.001528539,0,0.0006315527,9.294471E-06,0.0001955036,8.188716E-05,0.0001744682,0.001543228,0,0.001595869,1.490383E-09,0.0001685449,6.699852E-05,0.0004684358,0.00164495,0.0001844816,2.74699E-05,0.003624386,0.006558735,0.0005000801,0.002673971,0.005653023,0.01686103,0.0006159791,0.002365225,0.0004762484,0.007326863,0.01646565,0.002542956,0.01758249,0.0002902021,0.007426417,0.009979605,0.0001155967,0.0004292201,0.0006591142,7.138051E-05,0.007735319,0.01256701,0.003175298,0.0009229396,3.703945E-07,0.01818809,0.003570914,0.0004855908,0.01422505,0.1104017,0.1024035,0.0657743,0.02778408,0.03001833,0.002695769
273,0.0003159707,0.000417282,0.0001381083,0.001212691,1.785943E-05,0.002875305,0.0002336379,0.01039758,0.0009534325,0.03231664,0.003865138,0.008909552,0.004122398,0.003813226,0.001533892,0,0.0006063977,7.612364E-06,0.0001482684,8.298175E-05,0.000176345,0.001547482,0,0.001598884,1.516029E-09,0.0001688763,6.715621E-05,0.0004696633,0.001649305,0.0001484992,2.487246E-05,0.003566771,0.006554999,0.0005047438,0.002730187,0.005284733,0.01580149,0.0006038574,0.002393161,0.0004789369,0.006819539,0.01595342,0.002396495,0.01692647,0.0002887532,0.00737685,0.01006169,0.0001196041,0.0004268956,0.0005819618,6.934501E-05,0.006461509,0.01081783,0.002411183,0.0007949555,3.202975E-07,0.01697003,0.003489651,0.0004994083,0.0157421,0.111305,0.09892583,0.06646421,0.02617033,0.02952033,0.002822973
274,0.0003163184,0.0004172543,0.00013806,0.0012143,1.788213E-05,0.002876738,0.0002335535,0.01045433,0.0009609192,0.03252585,0.003881081,0.00890733,0.003896348,0.003825722,0.001542636,0,0.0005785369,7.423767E-06,7.850832E-05,8.159337E-05,0.0001769791,0.001546485,0,0.001592998,1.513468E-09,0.0001698571,6.682955E-05,0.0004722477,0.001641195,0.0001055765,2.188842E-05,0.003458069,0.006514944,0.0005098348,0.002785992,0.004968085,0.01487952,0.00059195,0.002395831,0.0004841252,0.006442005,0.01538714,0.00228674,0.01630297,0.000287152,0.007328683,0.01021959,0.0001233949,0.0004284957,0.0005305253,6.865674E-05,0.005255739,0.008631076,0.001771993,0.0006207038,2.784444E-07,0.01600424,0.003450061,0.0005156273,0.01753189,0.1132475,0.0897817,0.06782518,0.02481484,0.02845757,0.002925295
275,0.0003189053,0.0004186585,0.0001392515,0.001215636,1.790698E-05,0.002911097,0.0002332574,0.01050404,0.0009719478,0.03273464,0.003911194,0.008917399,0.004100549,0.003789431,0.001561293,0,0.0005400914,9.205926E-06,7.257284E-05,8.005791E-05,0.000175338,0.001544722,0,0.001605152,1.503284E-09,0.0001711885,6.660441E-05,0.0004743898,0.001646431,0.0001013407,1.925684E-05,0.003376834,0.006426825,0.0005143128,0.002833146,0.004938842,0.01458322,0.0005835026,0.002365591,0.0004904738,0.00646097,0.0149141,0.002262236,0.01592185,0.0002845161,0.007292349,0.01036204,0.0001269347,0.0004310545,0.0005216175,6.753901E-05,0.005062264,0.009031923,0.001651924,0.0006211292,2.721813E-07,0.01616807,0.003470109,0.0005269352,0.01934954,0.1157246,0.08456469,0.06930362,0.02443042,0.02823591,0.002960687
276,0.0003289566,0.0003131191,0.0001215672,0.001216747,1.992113E-05,0.003040814,0.0002326386,0.01053596,0.0009855962,0.03292952,0.003949148,0.008932305,0.004401325,0.005064911,0.00243864,0,0.0004705629,1.065381E-05,0.0001021263,7.914377E-05,0.000173396,0.001362951,0,0.001302217,1.514617E-09,0.0002522554,0.0001295061,0.0004746486,0.0016634,0.0001873593,1.454756E-05,0.003079366,0.007024347,0.0006134466,0.002874333,0.005067481,0.01486789,0.0005833454,0.00233037,0.0004954255,0.00669754,0.01488138,0.002290291,0.01594397,0.0002129773,0.008942098,0.01039125,0.0001295836,0.000430609,0.0005523093,6.492509E-05,0.00583555,0.01174781,0.001907493,0.0007415849,2.908546E-07,0.01680361,0.003505926,0.0005326057,0.01536941,0.1249164,0.09964909,0.06912552,0.02519207,0.02867833,0.002915155
277,0.0003317767,0.0003149449,0.0001223681,0.001217877,1.993963E-05,0.003087384,0.0002319835,0.01054984,0.001000352,0.03306776,0.003979768,0.00894987,0.004687205,0.004975502,0.002422372,0,0.000446383,1.311744E-05,0.0001655709,7.887684E-05,0.0001707187,0.001364076,0,0.00132016,1.507395E-09,0.0002508973,0.0001282297,0.0004733056,0.001671241,0.0002122469,1.629205E-05,0.003096676,0.006927273,0.0006146989,0.00287934,0.005287514,0.0153595,0.0005878209,0.002305096,0.0004927763,0.00693807,0.01506381,0.002349121,0.0161795,0.0002120351,0.008826779,0.01034656,0.0001300287,0.0004305535,0.0005949587,5.929978E-05,0.00645898,0.01449678,0.002096992,0.0008538197,3.168706E-07,0.01737774,0.003544889,0.0005362389,0.01490921,0.1231838,0.103289,0.06899533,0.02624623,0.02924198,0.002817227
278,0.0003312856,0.0003179457,0.0001239389,0.001219498,1.995531E-05,0.003109397,0.0002317311,0.01056482,0.001015255,0.03322684,0.004015421,0.008968757,0.004942068,0.004883517,0.002365628,0,0.0004101232,1.164323E-05,0.0001699136,7.922528E-05,0.0001652462,0.001354919,0,0.001311629,1.453549E-09,0.0002488309,0.000125604,0.0004709229,0.001644258,0.0001793331,1.642585E-05,0.003100551,0.006821727,0.0006081929,0.002816814,0.005459848,0.01574179,0.0005935314,0.002296853,0.0004812224,0.006953071,0.01521413,0.002420744,0.01649274,0.0002116865,0.008695386,0.01008307,0.0001262763,0.0004267871,0.0006357832,5.2218E-05,0.00634089,0.01501324,0.001965826,0.0008563889,3.354867E-07,0.017561,0.00359032,0.0005405027,0.01300018,0.1196015,0.1065477,0.06720091,0.02725586,0.02958051,0.002690729
279,0.0003273988,0.0003213533,0.0001252807,0.001221527,1.996946E-05,0.00310276,0.0002318308,0.01058453,0.001029377,0.03340466,0.004050189,0.008986778,0.005182382,0.004798742,0.002296635,0,0.0004106006,1.038497E-05,0.0001491489,7.924172E-05,0.0001551432,0.00133258,0,0.001280448,1.353412E-09,0.0002446698,0.0001216482,0.0004684514,0.00158692,0.0001362137,1.544084E-05,0.003081389,0.006684809,0.0005912344,0.002709368,0.005662163,0.01617786,0.0005993489,0.002302362,0.0004658677,0.006802468,0.01518127,0.002496136,0.01676902,0.0002116371,0.008564709,0.009713016,0.0001200008,0.0004199051,0.000673015,4.611104E-05,0.006559642,0.01550351,0.002037559,0.0009904074,3.521115E-07,0.01768772,0.003641867,0.0005420247,0.01062147,0.1141936,0.1075158,0.06415638,0.0281548,0.02933951,0.002581489
280,0.0003269145,0.0003257388,0.0001271093,0.001223363,1.998287E-05,0.003088041,0.0002317888,0.01061075,0.001044523,0.03366545,0.004089256,0.009016128,0.005294605,0.004726528,0.002256787,0,0.0003928461,9.09575E-06,0.0001491586,7.904824E-05,0.0001475348,0.001315935,0,0.001257915,1.268016E-09,0.0002399453,0.0001178284,0.0004663219,0.001532392,0.0001189625,1.510699E-05,0.003083651,0.006562361,0.000573021,0.002599972,0.005794778,0.01664733,0.0006051134,0.00231196,0.0004521426,0.006719147,0.01526688,0.002527569,0.01711249,0.0002117687,0.008436876,0.009481099,0.0001133079,0.0004165555,0.000705244,4.134118E-05,0.005185745,0.01223879,0.001588166,0.0008720412,3.74216E-07,0.01809706,0.003677772,0.0005363451,0.008526106,0.1094776,0.1083548,0.06257521,0.02869162,0.02905371,0.002493514
281,0.0003269654,0.0003290133,0.000127719,0.001224751,1.999604E-05,0.003041265,0.0002314407,0.01063365,0.001058691,0.03387043,0.004134499,0.009028376,0.005307982,0.004654023,0.002236264,0,0.0002989731,9.02109E-06,0.0001694511,7.874675E-05,0.0001455485,0.001312451,0,0.001263513,1.219021E-09,0.0002354678,0.0001152027,0.0004646205,0.001514553,0.000149642,1.643075E-05,0.003108591,0.00646198,0.0005593514,0.00251803,0.005949985,0.01708163,0.0006110433,0.002316183,0.0004445871,0.006881454,0.01549301,0.002575927,0.01741998,0.000211912,0.008310573,0.009455097,0.0001073285,0.0004169088,0.0007333922,3.821114E-05,0.004553817,0.01171118,0.001394916,0.0006718508,3.981884E-07,0.01858769,0.00371052,0.0005233565,0.007393167,0.1048981,0.1085089,0.06178362,0.02905421,0.02890776,0.002449998
282,0.0003265804,0.0003328857,0.0001284707,0.001226062,2.001043E-05,0.003014034,0.0002311103,0.01067972,0.00107501,0.03423829,0.004169414,0.009081366,0.005441427,0.00457724,0.002216593,0,0.0002570765,7.819238E-06,0.00016716,7.905252E-05,0.0001470399,0.001317628,0,0.001288851,1.224486E-09,0.0002327878,0.00011351,0.000463331,0.001521468,0.0001856156,1.777551E-05,0.003139875,0.006375467,0.0005511024,0.002481821,0.005915973,0.01714709,0.0006125792,0.002316079,0.0004473865,0.007131123,0.01567305,0.002549597,0.01755586,0.0002121262,0.008191688,0.009505726,0.0001038664,0.0004180108,0.0007458844,3.494674E-05,0.003919123,0.01051434,0.00133955,0.0005619162,4.130522E-07,0.01886999,0.00371732,0.0005134397,0.00740082,0.1016129,0.1091438,0.06126742,0.02865643,0.02880675,0.002479467
283,0.0003262173,0.0003340474,0.0001285846,0.001227741,2.003313E-05,0.002992793,0.0002310509,0.01074544,0.001079728,0.03455413,0.004178127,0.009127978,0.005158239,0.004548927,0.002199994,0,0.000254972,5.842187E-06,0.0001371831,7.944632E-05,0.0001520672,0.001335075,0,0.001322501,1.279557E-09,0.0002323181,0.000112324,0.0004628901,0.001542356,0.0002004552,1.894402E-05,0.00318297,0.006317717,0.0005481006,0.002485148,0.00562932,0.0167604,0.0006049388,0.002321177,0.0004524037,0.007026209,0.01574056,0.002453326,0.01754608,0.0002126525,0.008084903,0.009588959,0.0001032908,0.0004210359,0.0006992671,3.206292E-05,0.003377366,0.008748045,0.001307055,0.0004812039,3.83375E-07,0.01820763,0.003672208,0.0005089655,0.008114965,0.1004873,0.1104515,0.06132448,0.02761172,0.02917759,0.002566795
284,0.0003267973,0.0003375585,0.0001299759,0.001229738,2.005965E-05,0.003003918,0.0002311742,0.01084356,0.001085654,0.03517995,0.004174973,0.009196519,0.004817834,0.004535973,0.002178088,0,0.0002466636,3.903274E-06,8.442545E-05,8.058911E-05,0.0001571482,0.001351686,0,0.001351564,1.350484E-09,0.0002323379,0.0001112802,0.000463166,0.001563634,0.0001926926,1.895265E-05,0.003207854,0.00628394,0.0005493922,0.002519426,0.005273662,0.01602556,0.0005940301,0.002335779,0.0004558945,0.006687597,0.01556447,0.002329505,0.01721468,0.0002133743,0.007990572,0.009634269,0.0001053506,0.0004215599,0.0006257928,3.232812E-05,0.002362978,0.00587526,0.001063644,0.0003456846,3.364559E-07,0.01712214,0.003594322,0.000511442,0.009265386,0.1010363,0.1107666,0.06183298,0.0262678,0.02946681,0.002671319
285,0.0003261142,0.0003391286,0.0001304024,0.001231734,2.00896E-05,0.002997217,0.0002312547,0.01092317,0.001088056,0.03548902,0.004176443,0.009130397,0.004271282,0.004522332,0.002154266,0,0.0002419353,2.964595E-06,5.39818E-05,8.207105E-05,0.0001628118,0.001364706,0,0.001375254,1.420397E-09,0.000233039,0.0001102183,0.0004640282,0.001582036,0.00017651,1.835074E-05,0.00321636,0.006265768,0.0005535685,0.002568084,0.00492602,0.0151593,0.0005831362,0.002355282,0.000457445,0.006245595,0.01526259,0.002202902,0.01666613,0.000214177,0.007896801,0.009697249,0.000108746,0.0004203318,0.0005656306,3.657336E-05,0.001429304,0.003652622,0.0007624661,0.0002383637,2.93704E-07,0.01601702,0.003493902,0.0005199303,0.01069909,0.1018021,0.1102755,0.06248073,0.02486047,0.02969096,0.00278256
286,0.0003261195,0.0003393914,0.0001306589,0.001233424,2.012161E-05,0.002998283,0.000231163,0.01097586,0.001094752,0.0355907,0.00419533,0.00907792,0.004004061,0.004476511,0.002138864,0,0.0002379373,3.606487E-06,4.562058E-05,8.195067E-05,0.0001653634,0.00137238,0,0.001389749,1.462143E-09,0.0002347891,0.0001083817,0.0004652313,0.001576825,0.0001408811,1.686781E-05,0.003161084,0.006229378,0.0005587675,0.002615826,0.004619159,0.01427653,0.0005718784,0.002355254,0.0004618627,0.005934533,0.01478462,0.002102728,0.01597195,0.0002146324,0.007799778,0.009838725,0.0001123043,0.0004227706,0.0005252991,4.13694E-05,0.001120519,0.002949511,0.0006982536,0.000199139,2.565461E-07,0.01511403,0.003457045,0.0005330673,0.01203572,0.102868,0.1010138,0.06351895,0.02350544,0.02859087,0.002867493
287,0.0003267539,0.0003404761,0.0001313028,0.001234727,2.015296E-05,0.003008726,0.0002307517,0.01101762,0.001112072,0.0357182,0.004235131,0.009073992,0.004089439,0.00439372,0.002130555,0,0.0002515365,4.85539E-06,6.179261E-05,8.084976E-05,0.0001684471,0.001376414,0,0.001415936,1.482532E-09,0.000235804,0.0001069352,0.000466339,0.001589243,0.0001579105,1.576899E-05,0.00314884,0.00618125,0.0005635998,0.00266121,0.00461286,0.01424783,0.000567854,0.002340803,0.0004676869,0.00602663,0.01455648,0.002103271,0.01566552,0.0002146647,0.007729235,0.00995332,0.000115626,0.0004253873,0.0005311932,4.047253E-05,0.001474208,0.003461727,0.0008460736,0.0002072624,2.567222E-07,0.01547369,0.003483482,0.000539752,0.01348732,0.1047031,0.09882157,0.06453563,0.02382353,0.02866448,0.002890022
288,0.0003121673,0.0002514314,0.0001119335,0.001235804,1.855088E-05,0.002508487,0.000230082,0.01104376,0.001131412,0.03579785,0.00427025,0.009087798,0.004233715,0.004482272,0.001997279,0,0.0002486149,6.12343E-06,9.707562E-05,7.989752E-05,0.0001680841,0.001780522,0,0.002001795,1.495602E-09,0.0001959272,8.568027E-05,0.0004674377,0.001609285,0.0001943231,1.845616E-05,0.0035352,0.00574348,0.0004869735,0.002703387,0.00475911,0.01465691,0.0005701389,0.002323528,0.0004743164,0.006285616,0.01475518,0.002153435,0.01579442,0.0002484246,0.009708856,0.01007189,0.0001183248,0.0004278315,0.0005626716,3.462536E-05,0.00215893,0.004650849,0.001166885,0.0002488933,2.735879E-07,0.01625526,0.003526249,0.0005430129,0.01396359,0.06317312,0.08250546,0.05882765,0.02497938,0.02921335,0.002836745
289,0.000313429,0.0002525935,0.00011268,0.001236905,1.857409E-05,0.002559427,0.0002293793,0.01105847,0.001151768,0.03589898,0.004306531,0.009108529,0.004482256,0.004414108,0.001990111,0,0.0002642994,6.500401E-06,0.0001213071,7.957492E-05,0.0001657851,0.001761194,0,0.002003649,1.495771E-09,0.0001964279,8.537187E-05,0.0004676517,0.001600897,0.0001983376,1.993039E-05,0.00354461,0.005727215,0.000490145,0.002706065,0.004965416,0.01519413,0.0005755857,0.002310731,0.0004737858,0.006541965,0.01501199,0.002225784,0.01611668,0.0002475462,0.009522895,0.01004854,0.0001189074,0.0004296998,0.0006056008,2.788079E-05,0.002320459,0.004852668,0.001294722,0.0002560552,2.979947E-07,0.01689448,0.0035717,0.0005463289,0.01331917,0.06771229,0.08563723,0.05896884,0.02631031,0.02985698,0.00274725
290,0.000313308,0.0002550867,0.0001144492,0.001238457,1.859512E-05,0.002597211,0.000229022,0.01107547,0.001171333,0.0360537,0.004349329,0.00913118,0.004779686,0.004355616,0.001969296,0,0.0002483777,5.814225E-06,0.0001382357,7.977036E-05,0.0001604591,0.001725401,0,0.00196179,1.469186E-09,0.0001964106,8.451717E-05,0.0004667775,0.001556268,0.0001635988,1.973633E-05,0.003534832,0.005711455,0.000487724,0.002653741,0.005184636,0.01570577,0.0005818324,0.002311511,0.0004640982,0.006587055,0.01509339,0.00231025,0.01648065,0.0002465743,0.009318803,0.009794151,0.0001160084,0.0004277717,0.0006510111,2.286592E-05,0.002130079,0.004439882,0.001292807,0.0002548058,3.220672E-07,0.01721221,0.00362035,0.0005491947,0.01165643,0.07259209,0.08850677,0.05820701,0.02748924,0.03021752,0.002638412
291,0.0003114287,0.0002587234,0.0001166086,0.00124041,1.861438E-05,0.002638401,0.0002290094,0.01109792,0.001189817,0.03625137,0.004397326,0.009153347,0.005109802,0.004298631,0.001940165,0,0.0002085102,4.895952E-06,0.0001451319,7.987533E-05,0.0001527953,0.001679791,0,0.00190292,1.420814E-09,0.0001952997,8.314555E-05,0.0004655193,0.001498227,0.0001281314,1.883244E-05,0.003509281,0.005670326,0.0004790602,0.002571314,0.005388997,0.01620978,0.0005880801,0.002320734,0.0004509206,0.006486586,0.01504681,0.002396463,0.01685349,0.0002456659,0.009121259,0.009415588,0.0001112677,0.0004222995,0.0006936621,2.277489E-05,0.001432564,0.002109112,0.0008567974,0.0001743726,3.430835E-07,0.01735582,0.003669157,0.0005486984,0.00983251,0.07681411,0.09055331,0.05697712,0.02838461,0.03009162,0.002524154
292,0.0003096584,0.000261953,0.000117819,0.001242055,1.863263E-05,0.002617929,0.0002288033,0.01112186,0.001207817,0.03646779,0.004441985,0.009177456,0.005108411,0.004233041,0.00192711,0,0.0002126481,6.806977E-06,0.0001544271,7.922767E-05,0.0001486538,0.001643707,0,0.001861882,1.385389E-09,0.0001943347,8.196574E-05,0.000464289,0.001452219,0.0001218045,1.886034E-05,0.003509174,0.005623038,0.0004699656,0.002491303,0.005584074,0.01668911,0.0005941961,0.002321809,0.0004389491,0.006511876,0.01514277,0.002474889,0.01720421,0.0002446169,0.008927661,0.009250849,0.0001066639,0.000421159,0.0007251431,2.400491E-05,0.001173058,0.001662518,0.0005351834,0.000100971,3.666248E-07,0.01775425,0.003710427,0.0005394326,0.008574363,0.0801372,0.09120692,0.05675236,0.02884916,0.02980827,0.002420874
293,0.0003083964,0.0002644031,0.0001180993,0.001243312,1.864784E-05,0.002571487,0.0002283449,0.0111416,0.001225013,0.03663867,0.004482598,0.009197428,0.00505907,0.004190885,0.001925051,0,0.0002035126,9.151552E-06,0.0001725021,7.849873E-05,0.000147573,0.00162294,0,0.001858834,1.371299E-09,0.0001921961,8.154533E-05,0.0004633632,0.001441971,0.0001627897,2.058766E-05,0.003525133,0.005595799,0.0004645587,0.002438834,0.005772477,0.01711598,0.0006005148,0.002323972,0.0004365776,0.006728983,0.01537029,0.002550241,0.01746608,0.0002438045,0.008740325,0.009256445,0.0001027551,0.0004222042,0.0007469308,2.565379E-05,0.002390837,0.002738339,0.0007268781,0.000133672,3.900762E-07,0.01822353,0.00374973,0.0005233624,0.008166245,0.08292991,0.09119362,0.05668966,0.02921936,0.02960232,0.002377991
294,0.0003098103,0.0002673723,0.0001193328,0.001244413,1.866215E-05,0.002571939,0.0002278083,0.01116889,0.001241994,0.03686161,0.004525919,0.009218708,0.005122844,0.004155912,0.00193632,0,0.0002229577,1.160845E-05,0.0001883421,7.871659E-05,0.0001486339,0.001609713,0,0.001870173,1.38886E-09,0.0001911243,8.154793E-05,0.0004626906,0.001458536,0.0002005369,2.213555E-05,0.003544726,0.005581198,0.0004623312,0.002427045,0.005881888,0.01747572,0.0006064394,0.002326601,0.0004415152,0.007019122,0.01563423,0.002594991,0.01766476,0.0002431775,0.008569065,0.009332432,0.0001013235,0.0004237493,0.0007707233,2.607948E-05,0.004101313,0.004494866,0.00102445,0.0001884309,4.132125E-07,0.01874794,0.003788556,0.0005089283,0.008369379,0.08616893,0.09186823,0.05650558,0.02951047,0.0295318,0.00240363
295,0.0003104801,0.0002702564,0.0001202628,0.001245898,1.867992E-05,0.002583917,0.0002276374,0.01123161,0.001256587,0.03721692,0.004541343,0.009271253,0.0049436,0.004159169,0.001948343,0,0.0002590574,1.169457E-05,0.0001724294,7.893982E-05,0.0001539502,0.001614763,0,0.001891933,1.429354E-09,0.0001903971,8.182791E-05,0.0004626884,0.00148673,0.0002096111,2.305398E-05,0.00357908,0.005584735,0.0004629929,0.002444,0.00567846,0.01718947,0.0005983167,0.002334113,0.0004484605,0.006998849,0.0157366,0.002531809,0.01768053,0.0002429444,0.008418164,0.009440195,0.0001020861,0.000427566,0.0007238944,2.517222E-05,0.005567951,0.006612377,0.001314716,0.0002582317,3.970673E-07,0.01830832,0.003795348,0.0005026172,0.008925979,0.09058338,0.09366035,0.05695593,0.02869672,0.0299456,0.002495343
296,0.0003123635,0.0002742806,0.000121984,0.001247902,1.870136E-05,0.002618036,0.0002277511,0.01133212,0.001259528,0.03782106,0.004554288,0.009340487,0.004378419,0.004168754,0.001960308,0,0.0002698799,9.315931E-06,0.0001533283,8.041893E-05,0.0001595693,0.001619912,0,0.001911463,1.453794E-09,0.0001892463,8.220386E-05,0.0004631396,0.001517074,0.0002074359,2.346874E-05,0.003605971,0.005599288,0.0004652411,0.002479662,0.005350645,0.01653255,0.0005877198,0.002346145,0.0004515771,0.006648317,0.01567979,0.002411154,0.01745596,0.0002429842,0.008283671,0.009498877,0.0001043775,0.0004269206,0.0006511534,2.356136E-05,0.005603446,0.00747802,0.001396501,0.000283956,3.584376E-07,0.01732604,0.003724352,0.000503775,0.009762708,0.09508048,0.09483381,0.0577312,0.0274545,0.03047168,0.002612222
297,0.0003108431,0.0002750849,0.0001218982,0.001249908,1.872958E-05,0.002614799,0.0002278643,0.01140415,0.00125979,0.0380336,0.004568979,0.009255199,0.003862368,0.004177353,0.001952836,0,0.0002742551,9.891421E-06,0.0001224114,8.210963E-05,0.0001658044,0.001620574,0,0.001920589,1.45894E-09,0.0001875604,8.244645E-05,0.0004640038,0.001541036,0.0001896088,2.277047E-05,0.003605133,0.005623385,0.0004683659,0.002525152,0.004997234,0.01563068,0.0005770198,0.002363921,0.0004536317,0.006194941,0.01538833,0.002276657,0.01693482,0.0002430837,0.008159938,0.009574162,0.0001076699,0.0004247177,0.00057825,2.31344E-05,0.00552329,0.007232935,0.00137393,0.0002844651,3.11591E-07,0.01616467,0.003627324,0.0005115015,0.01084156,0.09917494,0.09426875,0.05891043,0.02604195,0.03054112,0.002740887
298,0.0003095524,0.0002752611,0.0001219079,0.001251694,1.876042E-05,0.002616485,0.0002278537,0.0114569,0.001270362,0.03820138,0.004592467,0.0092193,0.003696962,0.004169486,0.001953102,0,0.0002562169,1.501554E-05,0.0001306257,8.15403E-05,0.0001715389,0.001618246,0,0.001924901,1.466046E-09,0.0001873675,8.230424E-05,0.0004655973,0.001558227,0.0001609141,2.107746E-05,0.003563351,0.005650801,0.0004735639,0.002577431,0.004676108,0.0148028,0.0005663235,0.002381704,0.0004581318,0.005863246,0.0149772,0.00216528,0.01631559,0.0002431781,0.008044589,0.009720479,0.0001113811,0.0004262018,0.0005331488,2.252722E-05,0.006329696,0.007834871,0.001476754,0.0003116447,2.704359E-07,0.01523592,0.003566087,0.0005228042,0.01225776,0.1036972,0.09118363,0.06068366,0.02467089,0.03024695,0.002848293
299,0.0003088473,0.0002764105,0.000122216,0.001253209,1.879098E-05,0.002629854,0.0002276411,0.01150528,0.001290031,0.03840002,0.004631352,0.009230551,0.003808083,0.0041275,0.001959871,0,0.0002451137,1.900586E-05,0.000183893,7.999981E-05,0.0001732175,0.001610764,0,0.001934092,1.464002E-09,0.0001877412,8.194314E-05,0.0004682267,0.001578511,0.0001487688,1.894685E-05,0.003513687,0.005666398,0.000479728,0.002629576,0.004571814,0.01454361,0.0005628513,0.002392166,0.000464657,0.005853178,0.01464865,0.002136524,0.01585806,0.0002432784,0.007947139,0.009895111,0.0001149127,0.0004300654,0.0005250839,2.04062E-05,0.007483777,0.009721151,0.001638135,0.000359465,2.521258E-07,0.01524029,0.003567874,0.0005297572,0.01384352,0.108717,0.08886217,0.06267007,0.02419602,0.03040132,0.002890683
300,0.0002814857,0.0002127055,0.0001096624,0.001254516,1.732354E-05,0.001703637,0.000227175,0.01153716,0.001314354,0.03856389,0.004669134,0.009254334,0.004001904,0.003761765,0.001582275,0,0.0002041012,1.889622E-05,0.0001301524,7.876965E-05,0.0001722166,0.001278131,0,0.001482911,1.462549E-09,0.0001598019,0.0001107662,0.0004714916,0.001603441,0.0001892217,1.421231E-05,0.002812407,0.005202704,0.0004167792,0.002675805,0.00471199,0.01485247,0.000566785,0.002377074,0.0004715267,0.006083609,0.01479362,0.002183773,0.01587844,0.0003189519,0.005992691,0.01005126,0.0001174876,0.0004330111,0.0005508423,1.690767E-05,0.005528204,0.01009584,0.001373599,0.0003049918,2.644116E-07,0.01588382,0.003595019,0.0005308881,0.0117796,0.0778714,0.05878543,0.04277597,0.0250406,0.03093185,0.002852479
301,0.0002838781,0.0002146045,0.0001110381,0.001255827,1.734865E-05,0.001755898,0.0002266417,0.0115569,0.00133876,0.03875008,0.004713542,0.009282402,0.0042664,0.003720836,0.001596466,0,0.0001895843,1.695689E-05,0.0001176497,7.845143E-05,0.0001707147,0.001284582,0,0.001502106,1.454861E-09,0.0001609862,0.0001099571,0.0004730925,0.001611733,0.0001942681,1.534006E-05,0.002842921,0.005225912,0.0004222403,0.002689754,0.004932746,0.01537286,0.0005735741,0.00236714,0.0004728601,0.006365437,0.01508187,0.002255448,0.01615947,0.0003164746,0.005994768,0.01008589,0.0001183129,0.0004352459,0.00059113,1.493692E-05,0.004960333,0.01288973,0.001454537,0.0003196093,2.875624E-07,0.01657278,0.003629511,0.0005320546,0.01141433,0.08234525,0.06071544,0.04425926,0.02621767,0.03147022,0.002769097
302,0.0002854487,0.0002174099,0.0001130416,0.001257464,1.737267E-05,0.001803293,0.0002263334,0.01157573,0.00136191,0.03897467,0.004764495,0.009310791,0.004547579,0.003685915,0.001601504,0,0.0002186417,1.379113E-05,0.0001025571,7.879575E-05,0.0001672842,0.001285486,0,0.001501447,1.435793E-09,0.0001620597,0.0001083898,0.0004723984,0.00158878,0.000165289,1.547683E-05,0.002864011,0.005250515,0.0004246763,0.002661017,0.005160657,0.01593492,0.0005810432,0.002364525,0.0004651269,0.006484827,0.0153331,0.002336596,0.0165441,0.0003134366,0.006019001,0.009907264,0.0001167863,0.0004345638,0.0006360779,1.54502E-05,0.004833188,0.01811642,0.001793498,0.0003704511,3.144661E-07,0.01718441,0.003668257,0.0005340292,0.01038687,0.08620432,0.06277239,0.04516064,0.02738576,0.03174819,0.002664231
303,0.0002864301,0.0002206482,0.0001150623,0.001259328,1.73959E-05,0.001846017,0.0002262065,0.01159503,0.001383439,0.03920311,0.004818468,0.009336504,0.004796202,0.003642885,0.001604366,0,0.0002746509,1.043309E-05,8.851837E-05,7.915403E-05,0.0001634368,0.001283054,0,0.001492731,1.409237E-09,0.0001631357,0.0001063624,0.0004706906,0.00154709,0.0001406136,1.537324E-05,0.002884444,0.005263369,0.0004230599,0.002607184,0.005386512,0.0164992,0.0005881761,0.002358082,0.0004534014,0.006499847,0.0155603,0.002423753,0.01696744,0.0003100205,0.006047802,0.009636019,0.0001139296,0.0004319542,0.0006795771,1.686156E-05,0.00531889,0.02212304,0.002348053,0.0004813265,3.428536E-07,0.01775896,0.003708768,0.0005331921,0.009151903,0.08953985,0.06440122,0.04597769,0.02831913,0.0317967,0.002558308
304,0.0002869947,0.0002239645,0.000116367,0.001261155,1.74187E-05,0.001857541,0.0002260723,0.01161555,0.001405114,0.0394449,0.00487414,0.009363904,0.004900395,0.003608689,0.001609319,0,0.0002882082,7.801565E-06,7.787828E-05,7.908702E-05,0.0001635926,0.001286918,0,0.001499273,1.391316E-09,0.0001636895,0.0001048619,0.0004690263,0.001530366,0.0001405144,1.591232E-05,0.002914961,0.005281381,0.0004225101,0.00256712,0.005604416,0.0170123,0.0005950878,0.002350377,0.000440341,0.006502931,0.01585343,0.002510576,0.01735959,0.000306677,0.006073627,0.009464944,0.0001117319,0.0004302605,0.0007132125,1.779203E-05,0.004489489,0.02151942,0.00229956,0.000470536,3.704394E-07,0.01835039,0.003746424,0.0005261268,0.008515694,0.09240583,0.06543539,0.04730368,0.02889442,0.03174356,0.00246473
305,0.0002872058,0.0002268693,0.0001170558,0.001262735,1.744139E-05,0.00186252,0.0002258169,0.01163729,0.001426328,0.0396935,0.004922733,0.009394436,0.004985576,0.003595945,0.001619127,0,0.0002363485,5.619641E-06,6.894369E-05,7.898214E-05,0.0001643109,0.001295096,0,0.001522159,1.382696E-09,0.0001637917,0.0001037868,0.0004678626,0.001540002,0.0001734439,1.707248E-05,0.00294838,0.005307165,0.0004229555,0.002551873,0.005798949,0.01746952,0.0006021658,0.00234656,0.0004361955,0.006712421,0.0161704,0.002575767,0.01770752,0.0003038085,0.006095758,0.009477571,0.0001108972,0.0004309501,0.0007417367,1.616646E-05,0.00258847,0.01618379,0.001654153,0.0003186245,3.968624E-07,0.01895142,0.003782268,0.0005138875,0.008470212,0.09506588,0.0663045,0.04859141,0.02935968,0.03170116,0.002440895
306,0.000287562,0.0002296223,0.0001179196,0.001264211,1.746414E-05,0.001874887,0.0002255342,0.0116617,0.001444719,0.03990315,0.004968311,0.009413899,0.005074921,0.003594567,0.001632737,0,0.0001750619,3.931062E-06,6.161342E-05,7.92151E-05,0.0001653558,0.001305187,0,0.001548566,1.382518E-09,0.0001638345,0.0001029905,0.000467124,0.001563353,0.0001995283,1.810951E-05,0.002983604,0.005340714,0.0004245928,0.002560545,0.005968136,0.01787976,0.0006085066,0.002346896,0.0004400941,0.007002708,0.01648804,0.002637589,0.01799361,0.0003014444,0.006119501,0.009568092,0.0001114138,0.0004324663,0.0007663023,1.220653E-05,0.001633661,0.01206511,0.001267049,0.0002317781,4.234688E-07,0.0196048,0.003819205,0.0005010889,0.008742258,0.09805597,0.06760982,0.0497558,0.02987508,0.03180613,0.002490694
307,0.0002883307,0.0002320426,0.000118839,0.001266002,1.749001E-05,0.001899442,0.0002256042,0.01171034,0.001459256,0.04013029,0.005004911,0.009429876,0.005033524,0.003613464,0.001648736,0,0.0001646105,3.157297E-06,6.206295E-05,7.991852E-05,0.0001689645,0.001325406,0,0.001580407,1.407E-09,0.0001651303,0.0001024676,0.0004670195,0.001592789,0.0002018263,1.819408E-05,0.003027846,0.005383425,0.000428478,0.002597588,0.005755145,0.01744264,0.0006025044,0.002351049,0.0004472487,0.007027314,0.01648155,0.002562111,0.01784096,0.0002995907,0.006150022,0.009702363,0.0001136733,0.0004375234,0.0007395234,7.228568E-06,0.001092426,0.00924028,0.001055582,0.0001768952,4.009466E-07,0.01904416,0.003835018,0.0004974125,0.009515461,0.1020602,0.0687535,0.05165115,0.0289546,0.03223323,0.002609173
308,0.0002888763,0.0002348972,0.0001199242,0.001268246,1.751733E-05,0.001925515,0.0002259876,0.01178547,0.001471949,0.04054812,0.005044301,0.009447335,0.004513414,0.003651871,0.001661365,0,0.0001587788,2.337435E-06,5.496209E-05,8.144464E-05,0.0001721316,0.001346096,0,0.001603689,1.420005E-09,0.0001652371,0.0001018626,0.0004678236,0.00161825,0.0001835325,1.741297E-05,0.003052752,0.005443937,0.0004343184,0.00265149,0.005407919,0.01660499,0.0005911145,0.002370468,0.000451345,0.006693469,0.01621298,0.002429937,0.01741416,0.000298385,0.006171312,0.009802769,0.0001171597,0.000438417,0.0006502321,6.139781E-06,0.0006333514,0.006108089,0.0007397039,0.00012371,3.525694E-07,0.01793888,0.003772375,0.0005021641,0.01058021,0.1058125,0.06895116,0.05370798,0.02756247,0.03239685,0.002747839
309,0.0002887637,0.0002377183,0.0001205872,0.001271522,1.755002E-05,0.001939569,0.0002268365,0.01189723,0.001464282,0.04126632,0.005057665,0.009480347,0.00395655,0.003689211,0.00166118,0,0.0001395062,1.525782E-06,3.234255E-05,8.422364E-05,0.0001763466,0.001363456,0,0.001620134,1.419282E-09,0.0001642474,0.0001011127,0.0004690514,0.001633668,0.0001622241,1.648159E-05,0.003060362,0.005518388,0.0004409366,0.002710943,0.005049611,0.01559741,0.0005803331,0.002402208,0.0004495005,0.006238764,0.01579525,0.002286319,0.01678593,0.0002977087,0.006178063,0.009800046,0.0001214855,0.0004313217,0.0005791126,7.207921E-06,0.000433975,0.004378519,0.0005275638,9.275285E-05,3.05193E-07,0.01673456,0.003626734,0.0005143438,0.01174453,0.1084868,0.06817958,0.05517301,0.02605808,0.03206269,0.002866362
310,0.0002869234,0.0002387506,0.0001198842,0.00127428,1.75837E-05,0.001932263,0.0002274441,0.01197674,0.001472505,0.04159375,0.00506702,0.009454633,0.003742674,0.003707091,0.001659729,0,0.0001290022,1.096117E-06,2.261445E-05,8.349738E-05,0.0001813374,0.001375477,0,0.001632503,1.419435E-09,0.0001650715,9.978841E-05,0.000471402,0.001632121,0.0001343306,1.493212E-05,0.003030103,0.005580101,0.0004480924,0.002769254,0.004708295,0.01463486,0.0005692906,0.002416171,0.000450958,0.005862192,0.01530195,0.002161614,0.01619629,0.0002970422,0.006187605,0.00992194,0.0001256411,0.0004295823,0.0005268209,1.134423E-05,0.0003949056,0.003692775,0.0004272854,8.019333E-05,2.639007E-07,0.01563497,0.003534755,0.0005292511,0.01306743,0.1110807,0.06555979,0.05780702,0.02452167,0.03111532,0.002937229
311,0.000285217,0.0002397057,0.0001198319,0.001276552,1.761838E-05,0.00193992,0.0002277414,0.01203111,0.001490593,0.04175019,0.005084599,0.00944721,0.003865886,0.0036864,0.001662761,0,0.0001298573,3.81415E-06,2.027077E-05,8.096961E-05,0.0001818207,0.001383484,0,0.001655034,1.400962E-09,0.0001664056,9.851971E-05,0.000473789,0.001645504,0.0001383309,1.333648E-05,0.003002295,0.005596151,0.0004551574,0.00282138,0.00469336,0.01448635,0.0005631239,0.002394969,0.0004573709,0.00586609,0.01500189,0.002148795,0.01587581,0.0002956965,0.006214691,0.01010956,0.0001292755,0.0004348592,0.0005140225,1.935717E-05,0.0006381522,0.004677538,0.0005644083,9.68799E-05,2.517121E-07,0.01580746,0.003538877,0.0005350812,0.01433467,0.1138203,0.06215163,0.06072756,0.02425846,0.03097202,0.002944979
312,0.0002975296,0.0001937689,0.0001461677,0.001278494,1.628619E-05,0.001850335,0.0002276791,0.01205981,0.001517532,0.04186124,0.005110508,0.009456947,0.004058572,0.002933972,0.001874875,0,0.0001421576,7.821517E-06,3.377391E-05,7.934137E-05,0.0001792206,0.001744466,0,0.002208855,1.408459E-09,0.0001585522,0.0001035287,0.0004756939,0.001664611,0.0001908646,1.540195E-05,0.002979333,0.005254882,0.0006596253,0.002858009,0.00487058,0.01485955,0.0005653714,0.002360404,0.0004646438,0.00612691,0.01517583,0.002198562,0.01600654,0.0001711607,0.004349242,0.01026859,0.0001316288,0.0004398458,0.0005430499,3.324102E-05,0.001442558,0.007774278,0.001066861,0.0001458189,2.668197E-07,0.01649978,0.003581174,0.0005340943,0.01056327,0.1493778,0.05744455,0.07600831,0.025084,0.03134241,0.002895687
313,0.0002988967,0.0001952656,0.000147579,0.001280505,1.631348E-05,0.001908053,0.0002276239,0.01207368,0.001545421,0.04197616,0.005145835,0.009476008,0.004339899,0.002927877,0.001879153,0,0.0001624397,1.08405E-05,5.22309E-05,7.906598E-05,0.0001730921,0.001725748,0,0.002195341,1.39666E-09,0.0001595924,0.0001022636,0.0004751477,0.001636832,0.0001827112,1.596594E-05,0.003002346,0.005299554,0.0006607724,0.002830328,0.005116632,0.01537864,0.0005711911,0.002340318,0.0004647407,0.006399724,0.01531118,0.002273222,0.01632121,0.0001722642,0.004418674,0.01022228,0.0001300006,0.0004432231,0.0005886953,5.144535E-05,0.002540551,0.01053006,0.001899202,0.0002099624,2.903608E-07,0.01699135,0.003624282,0.0005351526,0.009639838,0.1455428,0.05897442,0.07574348,0.02617637,0.03163973,0.002787796
314,0.0002988759,0.0001970637,0.0001487379,0.001282756,1.633889E-05,0.001949553,0.0002277385,0.01208507,0.001571861,0.04211339,0.00518825,0.009498917,0.004590596,0.00293338,0.001876946,0,0.0002002877,1.197289E-05,6.923634E-05,7.874164E-05,0.0001697854,0.001697751,0,0.002159392,1.365745E-09,0.0001601834,0.0001006502,0.0004733709,0.001593082,0.0001616667,1.611156E-05,0.003023756,0.005341189,0.0006539567,0.002763639,0.005382231,0.01591649,0.0005776524,0.002331309,0.0004569532,0.006527227,0.01539466,0.002354068,0.01665645,0.0001740324,0.004498863,0.01005223,0.0001257784,0.0004441898,0.0006353326,6.629063E-05,0.003628678,0.0107319,0.00260138,0.0002424648,3.151291E-07,0.01746621,0.003661974,0.0005329287,0.008399571,0.139743,0.06014875,0.07490253,0.02697241,0.03159266,0.002637678
315,0.0002987456,0.0001992251,0.0001502094,0.001285169,1.636285E-05,0.001988612,0.0002280064,0.01209975,0.001596641,0.04228247,0.005235401,0.009522552,0.004849632,0.002956019,0.001872678,0,0.0002383109,1.141585E-05,8.331169E-05,7.865122E-05,0.0001653059,0.001661424,0,0.002103382,1.318274E-09,0.0001596097,9.857333E-05,0.0004715761,0.001540912,0.0001339436,1.573029E-05,0.003037362,0.005371425,0.000640904,0.002674686,0.005648647,0.0164179,0.0005843907,0.002335798,0.0004455286,0.006552105,0.01547262,0.002436979,0.01699295,0.000176086,0.004575036,0.009808888,0.0001201268,0.000443463,0.0006810947,6.86583E-05,0.004909168,0.01020221,0.003164266,0.0002756336,3.399655E-07,0.01782052,0.00368058,0.0005269464,0.007098922,0.1329951,0.06047706,0.07370215,0.02747926,0.0311749,0.002502034
316,0.00029725,0.0002013057,0.000151203,0.001287356,1.638574E-05,0.00198511,0.0002281297,0.01211556,0.001620117,0.04245987,0.005281843,0.00954594,0.004917813,0.002980985,0.001873664,0,0.0002939666,1.055903E-05,9.570267E-05,7.80687E-05,0.000165151,0.001635139,0,0.002069731,1.282795E-09,0.0001586235,9.695617E-05,0.0004701474,0.001504599,0.0001415621,1.630759E-05,0.003066004,0.005391619,0.0006283546,0.002590575,0.005890201,0.0168514,0.0005912136,0.002337928,0.0004359513,0.006677102,0.01563396,0.002515377,0.01727441,0.000178115,0.004641301,0.00969978,0.0001145666,0.0004441658,0.0007150116,6.422034E-05,0.006679416,0.009944736,0.00381051,0.0003187361,3.630361E-07,0.01822362,0.003695205,0.0005126108,0.006156052,0.1259096,0.05995339,0.07315918,0.02762772,0.03059315,0.002395457
317,0.0002960255,0.0002034032,0.0001519902,0.001289174,1.640803E-05,0.00197824,0.0002280135,0.01213465,0.001643237,0.0426526,0.005329022,0.009569703,0.004974617,0.003003084,0.001884734,0,0.0003532757,9.980833E-06,0.0001110433,7.73736E-05,0.0001654312,0.001622333,0,0.002077557,1.289717E-09,0.0001579219,9.611473E-05,0.0004691105,0.001503633,0.000190541,1.787278E-05,0.003099498,0.005413634,0.0006211573,0.002543609,0.006106705,0.01721731,0.0005980071,0.002335458,0.0004364564,0.006933941,0.01581004,0.002588241,0.01746951,0.000180013,0.004697685,0.009726057,0.0001106193,0.0004454983,0.0007413877,5.890854E-05,0.00807544,0.009499142,0.004341612,0.0003567092,3.844889E-07,0.01863576,0.003708908,0.0004934575,0.005834027,0.1194944,0.05922133,0.07245949,0.02768954,0.03005947,0.00233837
318,0.000294991,0.0002055486,0.000152749,0.001290787,1.643041E-05,0.001982398,0.000227826,0.01216464,0.001666409,0.04287454,0.005379176,0.009593753,0.00507285,0.003029574,0.001897803,0,0.0004127585,1.047055E-05,0.0001308001,7.670229E-05,0.0001673409,0.001614916,0,0.00209364,1.311413E-09,0.0001570225,9.567574E-05,0.0004685324,0.00152445,0.0002236822,1.891707E-05,0.003131271,0.005440982,0.0006184575,0.002535644,0.006210396,0.01742533,0.0006039737,0.002335279,0.0004419791,0.007218308,0.01596209,0.002621203,0.01754988,0.0001819146,0.004747598,0.009796507,0.0001090996,0.0004467306,0.0007639548,5.66208E-05,0.009121333,0.01040706,0.005019106,0.0004262039,4.029773E-07,0.01902837,0.003717204,0.0004753365,0.005914684,0.1147271,0.05895802,0.07174946,0.02741989,0.02974844,0.002325499
319,0.0002944823,0.0002078087,0.0001538282,0.001292653,1.645605E-05,0.002001153,0.0002278994,0.01222069,0.001689,0.04316558,0.005432365,0.00961768,0.004995643,0.003090675,0.001912253,0,0.0004670693,1.033602E-05,0.0001365982,7.716851E-05,0.0001712991,0.001622613,0,0.002113434,1.339766E-09,0.0001560571,9.550338E-05,0.0004687417,0.001554392,0.0002247006,1.925168E-05,0.003168053,0.00547976,0.0006197499,0.002561349,0.005983023,0.01689019,0.0005969597,0.002343039,0.0004495286,0.007218848,0.01588914,0.002543962,0.01734707,0.0001839726,0.004796599,0.00989276,0.000110042,0.0004499749,0.0007262293,6.03885E-05,0.009374364,0.01128927,0.005153702,0.0004772485,3.789866E-07,0.01835563,0.003684236,0.0004671125,0.006282453,0.1122141,0.05855934,0.07179572,0.02620602,0.02967516,0.002364611
320,0.0002942331,0.0002100256,0.0001550882,0.001294874,1.648421E-05,0.002022458,0.0002281623,0.01229896,0.001696973,0.0435792,0.005465971,0.009626682,0.004399832,0.00315128,0.001923103,0,0.0005074529,8.534909E-06,0.0001309085,7.876946E-05,0.0001747603,0.001631964,0,0.002128957,1.369696E-09,0.0001560431,9.516429E-05,0.0004695797,0.001574401,0.0002047975,1.852525E-05,0.003183072,0.005522054,0.0006243997,0.002606569,0.005640102,0.01597722,0.0005861473,0.002357985,0.0004541261,0.006841088,0.01556918,0.002416074,0.0168571,0.0001860834,0.004834026,0.009971975,0.0001125574,0.0004491849,0.0006483606,7.148497E-05,0.009339223,0.01142165,0.005080403,0.0005218205,3.353468E-07,0.0172416,0.003591642,0.0004679244,0.006863156,0.1103613,0.05695976,0.07187586,0.02480993,0.02922569,0.00243889
321,0.0002942718,0.0002125363,0.0001562131,0.001297656,1.651747E-05,0.00204325,0.0002286077,0.01240867,0.001689867,0.04424327,0.005485942,0.009624511,0.004002354,0.003206472,0.001926589,0,0.0005270205,7.381876E-06,9.488157E-05,8.119873E-05,0.0001787717,0.001636243,0,0.002132456,1.388486E-09,0.0001558268,9.450046E-05,0.0004709408,0.001584382,0.0001753259,1.735287E-05,0.003169566,0.005569338,0.0006308202,0.002655877,0.005283636,0.01498428,0.0005759886,0.002379938,0.0004549489,0.006376655,0.01515761,0.002281744,0.01629261,0.0001882548,0.004847185,0.01000159,0.0001156977,0.0004429476,0.0005791528,9.117617E-05,0.009393558,0.01108444,0.004843635,0.0005228774,2.911414E-07,0.01608269,0.003463945,0.0004751172,0.007532341,0.1082401,0.05480565,0.07152763,0.02343993,0.02845768,0.002520415
322,0.0002932474,0.0002139462,0.0001559154,0.001300108,1.655269E-05,0.002043223,0.0002288588,0.01249724,0.001692432,0.04466651,0.005501583,0.00959714,0.003774554,0.003249936,0.001934741,0,0.0005313361,7.98524E-06,7.27533E-05,8.169545E-05,0.0001849755,0.001634851,0,0.002128949,1.397465E-09,0.0001560207,9.357564E-05,0.0004726291,0.0015884,0.0001457806,1.602937E-05,0.003135411,0.005620195,0.0006378574,0.002704002,0.004939967,0.01404503,0.0005661217,0.002402671,0.0004573447,0.005945158,0.0146757,0.002164161,0.01568075,0.000190332,0.004867319,0.01011056,0.0001188513,0.0004399115,0.0005249807,0.0001207981,0.008860359,0.01085328,0.004447089,0.0005048785,2.515653E-07,0.01503772,0.003372617,0.0004836298,0.008291824,0.107736,0.0524517,0.07233854,0.02207272,0.02770483,0.002596446
323,0.0002930122,0.000215431,0.0001562688,0.001302085,1.658876E-05,0.002057953,0.0002288516,0.01256184,0.00171429,0.04489785,0.005535064,0.009600404,0.003848341,0.003281461,0.001951429,0,0.0005160076,1.036882E-05,6.425459E-05,7.912921E-05,0.0001872501,0.001631511,0,0.002137941,1.384108E-09,0.0001545439,9.273512E-05,0.0004744714,0.001607096,0.0001636191,1.485832E-05,0.003123793,0.005663945,0.000644674,0.002747785,0.004909987,0.01390253,0.0005593874,0.002421794,0.0004629621,0.005873676,0.01440854,0.002148224,0.01538674,0.0001923104,0.004900706,0.01025756,0.0001217103,0.0004417405,0.0005072008,0.000158122,0.008309913,0.01127578,0.003834473,0.0005188159,2.390227E-07,0.01514464,0.003360481,0.0004824926,0.009001085,0.1084499,0.05114856,0.07331748,0.02196466,0.02777075,0.002627346
324,0.0002198061,0.0001873202,0.0001008849,0.001303667,1.834152E-05,0.002002958,0.0002284547,0.01259178,0.001747882,0.04503778,0.005576462,0.009622567,0.004049647,0.002571631,0.002291313,0,0.0004153835,1.33591E-05,7.480632E-05,7.721011E-05,0.0001822009,0.001686934,0,0.001638284,1.374385E-09,0.0001806416,0.0001074405,0.0004762801,0.001629559,0.0002061279,1.340864E-05,0.002955445,0.006341137,0.0007778332,0.002778393,0.005053519,0.01421213,0.0005630245,0.002423109,0.0004684895,0.006076435,0.01452645,0.002188486,0.01545971,0.0002054425,0.005427017,0.0103807,0.0001234152,0.0004427177,0.0005313166,0.0001930003,0.007759337,0.01229389,0.003258781,0.000545333,2.502013E-07,0.01570838,0.003379258,0.0004767796,0.004478748,0.04464445,0.04249682,0.08301372,0.02264144,0.02817228,0.002605514
325,0.0002207856,0.000189,0.0001021736,0.001305288,1.83762E-05,0.002055459,0.0002280556,0.01260775,0.001782866,0.04517945,0.005623885,0.009651627,0.004278534,0.002584068,0.002286315,0,0.0003997978,1.480333E-05,0.0001047882,7.654478E-05,0.000174138,0.001668861,0,0.00164259,1.36729E-09,0.0001802405,0.0001057529,0.0004767469,0.001604214,0.0001872313,1.362298E-05,0.002970127,0.006316353,0.0007746161,0.002744172,0.005262176,0.01465654,0.0005699812,0.002417518,0.0004661277,0.006291809,0.01456551,0.002252721,0.01571551,0.000206897,0.005448689,0.01031409,0.0001214665,0.0004420498,0.0005716237,0.0002097803,0.008019908,0.01537856,0.003065018,0.0006763649,2.702308E-07,0.01619232,0.003401,0.0004744173,0.004115022,0.04776115,0.0435453,0.08095515,0.0236411,0.02857005,0.002568637
326,0.0002211922,0.000191748,0.0001045173,0.001307313,1.840951E-05,0.002112031,0.000227951,0.0126248,0.001815768,0.04538846,0.005683744,0.009682688,0.004552598,0.002600024,0.002265665,0,0.0003862912,1.394219E-05,0.0001121125,7.664395E-05,0.0001679301,0.001643304,0,0.001637863,1.347424E-09,0.0001803029,0.0001033384,0.0004764138,0.001559565,0.0001611635,1.346127E-05,0.002978123,0.006257019,0.000761935,0.002676275,0.005453053,0.01514398,0.0005778312,0.002411504,0.0004568879,0.00637035,0.01456719,0.00232428,0.01606214,0.0002081272,0.005468471,0.01003531,0.0001178024,0.0004376063,0.0006140508,0.0001993022,0.00716952,0.01574796,0.00240375,0.0007099331,2.894306E-07,0.01645816,0.003429054,0.0004735288,0.003640403,0.05159863,0.04484781,0.0783998,0.02455521,0.02875487,0.002497483
327,0.0002208805,0.0001953229,0.0001070309,0.001309792,1.844183E-05,0.002166871,0.000228212,0.01264727,0.001846057,0.04563366,0.005749044,0.00971221,0.004868355,0.002627715,0.002229782,0,0.0004348773,1.394344E-05,0.0001194178,7.720346E-05,0.0001607341,0.001608147,0,0.00161724,1.290249E-09,0.000178153,0.0001005635,0.000475967,0.001509526,0.0001366319,1.310343E-05,0.002975909,0.006169557,0.0007402385,0.002594049,0.00559843,0.01550815,0.0005856788,0.002416104,0.0004426946,0.006267207,0.01454458,0.002401377,0.01641205,0.0002093413,0.00548798,0.00963552,0.0001133067,0.0004292393,0.0006531101,0.0001690904,0.007921825,0.01983854,0.002360926,0.0008673189,3.052591E-07,0.01651961,0.003465978,0.0004729458,0.003181448,0.05494555,0.04595136,0.07567762,0.02529877,0.02852495,0.002403683
328,0.0002205027,0.0001979505,0.0001077935,0.001311818,1.847323E-05,0.002157693,0.0002281228,0.01266414,0.001873979,0.04582656,0.005796498,0.009740144,0.004902089,0.002647105,0.00221825,0,0.0005062345,1.482979E-05,0.000135166,7.686205E-05,0.0001584556,0.001579625,0,0.00160808,1.237327E-09,0.0001763529,9.825629E-05,0.0004754805,0.001481739,0.0001402326,1.336151E-05,0.002988815,0.006076463,0.0007187098,0.00251704,0.005763337,0.01587975,0.000593316,0.002407142,0.0004309322,0.006310266,0.01468001,0.002469668,0.01671998,0.0002102922,0.005500541,0.009492545,0.0001088169,0.0004267912,0.0006840066,0.0001341599,0.01090145,0.0288296,0.002750166,0.001141793,3.261263E-07,0.01685708,0.003496857,0.0004646152,0.002879756,0.05774117,0.04639748,0.07405174,0.02576095,0.02823057,0.00233405
329,0.0002212567,0.0002008198,0.0001090061,0.001313521,1.850406E-05,0.002146993,0.0002277836,0.0126836,0.001901343,0.046071,0.005852369,0.009770039,0.004953642,0.002666873,0.002223297,0,0.000330484,1.517441E-05,0.0001532543,7.653268E-05,0.0001583598,0.001564625,0,0.001624912,1.216382E-09,0.0001755831,9.671145E-05,0.0004750353,0.001478277,0.0001827436,1.443506E-05,0.003013415,0.005998205,0.0007006176,0.002462053,0.005900224,0.0162353,0.0006007023,0.00239211,0.0004269767,0.006530338,0.01488955,0.002529215,0.01697726,0.0002111334,0.005512416,0.009497909,0.00010516,0.0004262683,0.0007110795,0.0001028589,0.007997053,0.02063477,0.001632778,0.0008179008,3.48031E-07,0.01729135,0.003524254,0.000452637,0.002735297,0.06046819,0.04678013,0.07276182,0.02627912,0.02807964,0.002321202
330,0.0002229061,0.0002037118,0.0001104017,0.001315048,1.853484E-05,0.002156317,0.0002273382,0.01271079,0.001928094,0.04632347,0.005904268,0.009797408,0.005062088,0.002683397,0.002238829,0,0.000278436,1.97566E-05,0.0001929643,7.662569E-05,0.0001600282,0.001556876,0,0.001652354,1.223307E-09,0.0001747782,9.577197E-05,0.0004747411,0.001497903,0.0002183164,1.540049E-05,0.003039269,0.00593976,0.00068776,0.002440538,0.005973465,0.01650914,0.0006065284,0.002373918,0.0004305327,0.006817266,0.01511021,0.002559835,0.01715632,0.0002118504,0.005527531,0.009557997,0.0001034682,0.0004262571,0.0007370971,7.778512E-05,0.007912009,0.02013921,0.001431751,0.0007620587,3.698331E-07,0.01776849,0.003549622,0.0004420661,0.002726879,0.06338821,0.04753431,0.07159515,0.02667442,0.02805601,0.0023714
331,0.000223724,0.0002063236,0.0001110712,0.001316799,1.856873E-05,0.002161003,0.0002271451,0.01276157,0.001951185,0.04659666,0.005956552,0.009823296,0.00504945,0.002727035,0.002254897,0,0.0002537981,1.46068E-05,0.0001562351,7.651668E-05,0.0001644167,0.001561102,0,0.001685256,1.265905E-09,0.0001743477,9.52307E-05,0.0004749275,0.001529358,0.0002278616,1.587365E-05,0.003072395,0.005908865,0.0006807976,0.002449363,0.00577369,0.01630534,0.0006017535,0.002362514,0.000436971,0.006911008,0.01521778,0.002498234,0.01716277,0.0002127784,0.005548269,0.009662805,0.0001039808,0.0004291809,0.0007191041,6.090748E-05,0.007712978,0.01932436,0.001378812,0.0007136419,3.559176E-07,0.01742999,0.003562083,0.0004384665,0.002841674,0.0670408,0.04898513,0.07126832,0.0260818,0.02844876,0.002488175
332,0.0002251249,0.0002090586,0.0001125706,0.001319024,1.860494E-05,0.002185935,0.0002271972,0.01284733,0.001955635,0.04714035,0.005970171,0.009860093,0.004541089,0.002797957,0.002273896,0,0.0002324234,1.271775E-05,0.0001325519,7.749778E-05,0.0001687493,0.001570477,0,0.001715169,1.319525E-09,0.0001739879,9.482643E-05,0.000475698,0.001560188,0.0002198979,1.606898E-05,0.003100954,0.005904298,0.0006794176,0.002478359,0.005451757,0.01573812,0.0005912565,0.002364663,0.0004417819,0.006632936,0.01518945,0.00238836,0.01698877,0.0002142026,0.005575422,0.009747528,0.000106009,0.0004300147,0.0006365262,5.522251E-05,0.007168705,0.01699547,0.001266984,0.0006285223,3.190105E-07,0.01657687,0.003509954,0.0004422019,0.003076922,0.07104655,0.05038041,0.07161024,0.0250806,0.02898412,0.002640804
333,0.0002254962,0.0002114295,0.0001134464,0.001321956,1.864696E-05,0.002198885,0.0002274912,0.01296165,0.001948161,0.04780287,0.005979679,0.009851574,0.004056093,0.002871484,0.002267158,0,0.0002218522,8.388237E-06,7.187518E-05,7.969149E-05,0.0001741975,0.00157731,0,0.001736709,1.367863E-09,0.0001729683,9.435767E-05,0.000476845,0.001582262,0.0002014244,1.566092E-05,0.003114012,0.005917392,0.0006819618,0.002521194,0.005105088,0.01493317,0.0005808574,0.002379345,0.0004420852,0.006195589,0.01496597,0.002255495,0.01654451,0.0002159219,0.005603324,0.009763798,0.0001091552,0.0004249407,0.0005632543,5.39767E-05,0.005219701,0.01197486,0.0009567252,0.0004650239,2.764447E-07,0.01548427,0.003403076,0.0004535813,0.003402797,0.07453671,0.05088606,0.07201669,0.0238992,0.02916139,0.002781123
334,0.000225504,0.0002128639,0.0001136133,0.001324543,1.868862E-05,0.002199987,0.0002276619,0.01305293,0.00195929,0.04822989,0.005997816,0.009829746,0.003645186,0.00291681,0.002267549,0,0.000202382,6.428337E-06,4.058235E-05,8.057955E-05,0.0001797118,0.001577242,0,0.001743167,1.397755E-09,0.000172067,9.328339E-05,0.0004782504,0.001588589,0.0001692497,1.457088E-05,0.003090011,0.005937341,0.0006865127,0.002567355,0.00477238,0.01399957,0.0005702992,0.00239363,0.0004442859,0.005783204,0.01454292,0.002131428,0.01589322,0.0002174485,0.005620256,0.009871419,0.0001127664,0.0004233499,0.0005080979,5.359001E-05,0.002603732,0.005114415,0.0005688412,0.0002698797,2.380139E-07,0.01440358,0.003322614,0.0004701949,0.003791558,0.07744884,0.04943885,0.07312367,0.02261894,0.02841038,0.002888572
335,0.0002245082,0.0002139717,0.0001134891,0.001326703,1.87309E-05,0.002196829,0.0002275967,0.01311635,0.001987459,0.048425,0.006028611,0.009837614,0.003694574,0.002943988,0.002268854,0,0.0001832087,9.176558E-06,3.869084E-05,7.850892E-05,0.0001840981,0.001573923,0,0.001757691,1.413443E-09,0.0001723945,9.185867E-05,0.0004808972,0.001602506,0.0001558986,1.301092E-05,0.003048627,0.005940106,0.0006926091,0.002614758,0.004719049,0.01371795,0.0005643971,0.002391648,0.0004502863,0.005759703,0.01420322,0.002109726,0.01548438,0.0002190345,0.005650057,0.01004802,0.0001161027,0.0004273989,0.000492212,5.372944E-05,0.002739517,0.005634892,0.0006712131,0.0002497908,2.262515E-07,0.01442527,0.003325947,0.0004798115,0.00422778,0.08062465,0.04696975,0.0746654,0.02243222,0.02817166,0.002926979
336,0.000141927,0.0002000368,6.856638E-05,0.001328547,1.650703E-05,0.001727616,0.0002271788,0.01314946,0.002025614,0.04857165,0.006073723,0.009858077,0.003932455,0.003379776,0.001660103,0,0.0001877736,1.026339E-05,6.33849E-05,7.690867E-05,0.000181023,0.002102593,0,0.002065235,1.44062E-09,0.0001607956,5.844549E-05,0.0004838735,0.001624145,0.0002109584,9.400626E-06,0.0016102,0.005734091,0.0006624479,0.002655587,0.004878991,0.01398243,0.0005683444,0.002382087,0.0004567207,0.005994949,0.0143068,0.002151342,0.0155211,0.0002522207,0.004880093,0.01019528,0.0001184882,0.0004309878,0.0005179474,5.056935E-05,0.00199807,0.004468569,0.0006112751,0.0001776201,2.392991E-07,0.01498445,0.003364185,0.0004819258,0.004636943,0.0852835,0.02958377,0.06488559,0.02335611,0.02861728,0.002893864
337,0.0001418212,0.0002014011,6.906011E-05,0.001330329,1.653866E-05,0.001755006,0.0002266805,0.01317109,0.002064645,0.04872198,0.0061247,0.009882605,0.004173673,0.003386836,0.001670763,0,0.0001788322,9.756434E-06,7.624662E-05,7.605188E-05,0.0001782066,0.002054909,0,0.00207459,1.452651E-09,0.0001607178,5.886946E-05,0.0004857273,0.001623822,0.0002259057,1.010471E-05,0.001642412,0.005747508,0.0006669156,0.002668443,0.005114353,0.01442098,0.0005753301,0.002375311,0.0004595844,0.006307136,0.01453318,0.002216326,0.01575237,0.0002531014,0.00492839,0.01026956,0.0001192078,0.0004343253,0.0005571698,4.351845E-05,0.001944037,0.004330839,0.0007479388,0.0001719058,2.606028E-07,0.01565633,0.003414878,0.0004820569,0.004553896,0.08683077,0.03046514,0.06623029,0.02443309,0.0291534,0.002790277
338,0.0001423118,0.0002034493,7.038951E-05,0.001332441,1.656877E-05,0.00180904,0.0002264468,0.01318953,0.002101234,0.04890018,0.006180803,0.00990802,0.004480239,0.003385507,0.001669239,0,0.0001731251,8.564341E-06,8.468748E-05,7.633317E-05,0.0001697331,0.00198742,0,0.002048056,1.436766E-09,0.0001606213,5.892289E-05,0.0004854416,0.001581472,0.0001869162,9.914951E-06,0.001668395,0.005750449,0.0006612177,0.002619674,0.005361737,0.01486393,0.0005829527,0.002377667,0.0004531921,0.0064793,0.01453046,0.002295367,0.01603485,0.0002537263,0.004982082,0.01007393,0.0001163694,0.0004341812,0.0006024106,3.786131E-05,0.001677927,0.004056669,0.0008494643,0.0001612307,2.836168E-07,0.01598664,0.003471439,0.0004851064,0.004019002,0.08740251,0.03154718,0.06558567,0.02553313,0.02928729,0.002670341
339,0.0001422963,0.0002057551,7.139739E-05,0.001334791,1.659761E-05,0.001841258,0.0002264018,0.01321102,0.002135525,0.04911475,0.006239974,0.009933393,0.004718272,0.003368185,0.001665441,0,0.0001726149,7.704414E-06,9.836703E-05,7.601622E-05,0.0001650737,0.001921293,0,0.002021726,1.412046E-09,0.00016069,5.893747E-05,0.0004843619,0.001538514,0.000164303,9.869947E-06,0.001697227,0.005732243,0.0006503809,0.002553378,0.005617984,0.01531131,0.0005903761,0.002373735,0.0004416369,0.00650808,0.0145736,0.002371882,0.01635604,0.0002539144,0.005032919,0.009846057,0.0001123385,0.0004327763,0.0006443608,3.298434E-05,0.001197299,0.002851156,0.0008612876,0.0001477106,3.073492E-07,0.01635165,0.003524875,0.0004834322,0.003491218,0.08740057,0.03227125,0.06543706,0.02627365,0.0292174,0.002535539
340,0.0001424833,0.0002081374,7.225922E-05,0.001337048,1.662548E-05,0.001847444,0.0002262917,0.01323531,0.002167958,0.04935808,0.006302812,0.009960502,0.004856761,0.003355102,0.001675794,0,0.0001672541,7.208887E-06,9.844278E-05,7.572302E-05,0.0001647233,0.001869649,0,0.002008368,1.391325E-09,0.0001604958,5.932699E-05,0.0004832214,0.001516714,0.0001653894,1.018692E-05,0.001731629,0.005714739,0.0006416348,0.002496322,0.005851567,0.0157194,0.0005975653,0.002365915,0.0004298374,0.006550865,0.01475002,0.002442735,0.01664554,0.0002539417,0.005077599,0.009708836,0.0001087347,0.0004328405,0.0006773305,2.670719E-05,0.0009309233,0.002687334,0.0008660027,0.0001281159,3.315865E-07,0.01678963,0.003573109,0.00047613,0.003142584,0.08697435,0.03269335,0.06595136,0.02676488,0.02905819,0.00244422
341,0.0001428231,0.0002116099,7.3674E-05,0.001339169,1.665305E-05,0.00186441,0.0002261152,0.01327182,0.002202679,0.0498054,0.006364405,0.01001498,0.004998962,0.00335824,0.001691232,0,0.0001388042,6.867067E-06,0.0001075305,7.608796E-05,0.0001650353,0.001829942,0,0.002015704,1.382623E-09,0.0001601785,5.998525E-05,0.0004822303,0.001517033,0.0002041689,1.08856E-05,0.001767222,0.005703665,0.0006350403,0.002461765,0.005988706,0.01610363,0.0006044515,0.00236152,0.0004273041,0.006757461,0.01497959,0.002490094,0.0168907,0.000254132,0.005120857,0.009679276,0.0001062233,0.0004319342,0.0007018092,2.288425E-05,0.0008250801,0.002646435,0.000857836,0.0001089233,3.504958E-07,0.01726743,0.003603459,0.0004668714,0.003066243,0.08659509,0.03309447,0.0663103,0.02732358,0.02890348,0.002418207
342,0.0001441722,0.0002152524,7.513974E-05,0.001341153,1.668166E-05,0.001897764,0.0002259106,0.01331978,0.002236396,0.05025095,0.006434543,0.01005848,0.005182612,0.003371742,0.001715481,0,0.0001442879,6.647173E-06,0.0001194322,7.66523E-05,0.0001665861,0.001798403,0,0.002031151,1.396896E-09,0.0001604387,6.080738E-05,0.000481605,0.001532451,0.0002313064,1.142877E-05,0.001802302,0.005702764,0.0006314937,0.002456372,0.006054986,0.01640236,0.0006104794,0.002359004,0.0004310212,0.0070237,0.0152124,0.002508687,0.01708458,0.0002544471,0.005165331,0.009710819,0.0001054262,0.0004314885,0.0007294358,2.08552E-05,0.0008008491,0.002558922,0.0006859046,8.118423E-05,3.708211E-07,0.01776325,0.003632171,0.0004587593,0.003160043,0.08673382,0.03373642,0.06653488,0.02766951,0.02892448,0.002455622
343,0.0001455569,0.0002191838,7.645992E-05,0.001343552,1.671445E-05,0.001929492,0.0002260474,0.01341589,0.00226602,0.05085515,0.006496446,0.01011789,0.004956441,0.003410455,0.00174294,0,0.0001770699,5.352242E-06,0.0001227847,7.769398E-05,0.0001699797,0.00178977,0,0.002053411,1.429549E-09,0.0001612216,6.172706E-05,0.0004817143,0.001554773,0.0002281964,1.161992E-05,0.001842061,0.005718725,0.0006317828,0.002481213,0.005799637,0.01600681,0.0006021633,0.002362949,0.00043674,0.006946517,0.01523668,0.002420722,0.01699004,0.0002550337,0.005215012,0.00976864,0.0001066588,0.0004332363,0.0006769577,2.195431E-05,0.0009012631,0.002999605,0.0007216086,8.210236E-05,3.454038E-07,0.01714306,0.003622683,0.0004593327,0.003385647,0.08779899,0.03449672,0.06748494,0.02688843,0.0292453,0.002555563
344,0.0001453974,0.0002217677,7.684452E-05,0.001346319,1.675072E-05,0.001925124,0.0002263833,0.01352131,0.002281005,0.05139249,0.006520301,0.01015747,0.004395736,0.00345058,0.001753906,0,0.0002007301,4.029106E-06,0.0001200966,7.917108E-05,0.0001732607,0.001781253,0,0.002070206,1.44314E-09,0.0001611434,6.267851E-05,0.0004821986,0.001579627,0.000217283,1.164067E-05,0.001876591,0.005743711,0.0006337926,0.002518739,0.005461828,0.01537235,0.0005910262,0.002369648,0.0004402988,0.006600684,0.01516028,0.002303442,0.01676535,0.0002556563,0.005266447,0.009830749,0.0001090689,0.0004327286,0.0006086846,2.584494E-05,0.001035161,0.00332812,0.0008349354,6.888309E-05,3.07047E-07,0.01617379,0.003569815,0.0004659311,0.003651343,0.0889971,0.03531465,0.06868669,0.02576978,0.02975033,0.002685546
345,0.0001450398,0.0002211041,7.656059E-05,0.001349029,1.679017E-05,0.001913348,0.0002266491,0.01357585,0.002284166,0.05133492,0.006519914,0.01005466,0.004321666,0.003488153,0.001760133,0,0.0002124021,5.745393E-06,8.842911E-05,7.895345E-05,0.0001778176,0.00176932,0,0.002082268,1.446939E-09,0.000160728,6.364211E-05,0.0004828087,0.001604452,0.0002074072,1.179721E-05,0.001907284,0.005771752,0.0006365871,0.002555895,0.005138495,0.01490447,0.0005796864,0.002373562,0.0004444166,0.006220785,0.0152143,0.00219825,0.01672559,0.0002560088,0.005321054,0.00993178,0.0001117029,0.0004340261,0.0005619233,3.304195E-05,0.0008481672,0.002548991,0.0006261335,6.686872E-05,2.747506E-07,0.0153547,0.003515004,0.0004745763,0.003955899,0.09004467,0.0365635,0.07013366,0.02480771,0.03054976,0.002797457
346,0.0001452529,0.0002214559,7.692091E-05,0.001351533,1.682976E-05,0.001924858,0.0002267979,0.01363135,0.002303726,0.05153167,0.006551879,0.01003823,0.004347342,0.003499346,0.001771856,0,0.0002174559,1.115165E-05,0.0001021655,7.804813E-05,0.0001798531,0.001759658,0,0.002094029,1.457713E-09,0.0001620543,6.435235E-05,0.0004846239,0.001627943,0.0001901239,1.068642E-05,0.001928554,0.005790813,0.0006426364,0.002605071,0.00490668,0.01450639,0.0005686228,0.00237047,0.0004505692,0.006022797,0.0150431,0.002133422,0.01639919,0.0002561281,0.00538269,0.01006175,0.0001149993,0.0004380949,0.0005350748,4.011239E-05,0.001352208,0.003082095,0.0006485394,8.035699E-05,2.522902E-07,0.01507329,0.00349443,0.0004834016,0.004403251,0.09136761,0.03707516,0.07216049,0.0238388,0.03133014,0.002866605
347,0.0001448447,0.0002222099,7.726985E-05,0.001353768,1.686825E-05,0.001930558,0.0002267417,0.01368457,0.002335634,0.05174229,0.006588766,0.01005657,0.004407929,0.00348263,0.001780187,0,0.0002184412,1.724353E-05,0.0001304425,7.7149E-05,0.0001789265,0.001742422,0,0.002107769,1.431747E-09,0.0001622853,6.487451E-05,0.0004874653,0.001653324,0.000195908,9.547844E-06,0.001941039,0.005799141,0.0006494834,0.002654185,0.004987964,0.0145855,0.0005643682,0.002346227,0.0004576413,0.006171331,0.01501837,0.002157634,0.01620327,0.0002560263,0.005445326,0.01021648,0.0001179746,0.0004421634,0.0005434369,4.314607E-05,0.002233361,0.004407429,0.0007785521,0.0001062107,2.601352E-07,0.01560801,0.003515522,0.0004863696,0.004848626,0.09217454,0.03721322,0.07376769,0.02415895,0.0320766,0.002888187
348,0.0001723347,0.0002231398,8.864407E-05,0.001355856,2.067895E-05,0.002694109,0.0002264588,0.01371649,0.00237302,0.05193162,0.006632937,0.0100829,0.004489966,0.003847626,0.001328083,0,0.0002041132,2.25596E-05,0.0001475098,7.65513E-05,0.000177002,0.0008647868,0,0.001503572,1.429957E-09,0.0001665595,3.009679E-05,0.0004894201,0.001671535,0.0002130842,9.997724E-06,0.001860554,0.007851712,0.0003672251,0.002688826,0.005192781,0.01496979,0.000567931,0.002317317,0.0004638003,0.006461128,0.01525131,0.00222359,0.01633317,0.0003411423,0.003870166,0.01034538,0.0001199359,0.0004448289,0.000570473,3.846725E-05,0.003921154,0.007742147,0.001156703,0.0001787229,2.80454E-07,0.01642506,0.0035414,0.0004864653,0.003794233,0.09771422,0.04452937,0.09802672,0.02523564,0.03287601,0.002863202
349,0.0001731321,0.0002244627,8.952638E-05,0.00135807,2.071938E-05,0.002746474,0.0002262408,0.01373494,0.002410572,0.0521215,0.006683692,0.01011049,0.004684562,0.00381497,0.001338848,0,0.0001837034,2.623215E-05,0.0001641474,7.663084E-05,0.0001705027,0.0008821607,0,0.001511598,1.409947E-09,0.0001673406,3.060008E-05,0.0004884073,0.001643251,0.0001890775,1.013508E-05,0.001883575,0.007717084,0.0003701604,0.002663141,0.005453706,0.01547723,0.0005745649,0.002304201,0.0004625598,0.006725607,0.0153993,0.002311247,0.01663796,0.0003380889,0.003945766,0.01030413,0.0001181012,0.0004459603,0.0006069944,2.878001E-05,0.003816516,0.009231446,0.001239407,0.0002177709,3.063943E-07,0.01713317,0.003566767,0.000489136,0.00352983,0.09730337,0.04570552,0.09516075,0.02647686,0.03341199,0.002789843
350,0.0001738665,0.0002263816,9.066414E-05,0.001360569,2.075791E-05,0.002789126,0.0002262219,0.01375225,0.002446956,0.05234724,0.006745161,0.01013775,0.004915325,0.003804548,0.001347684,0,0.0001847819,2.64834E-05,0.0001738826,7.683963E-05,0.0001669079,0.0009020757,0,0.001513251,1.381882E-09,0.0001676782,3.120776E-05,0.0004861638,0.001606824,0.0001647905,1.013644E-05,0.001905998,0.007553362,0.0003718366,0.002615854,0.005733163,0.01599688,0.0005820538,0.00230634,0.0004543455,0.006855605,0.01561544,0.002408992,0.01700717,0.0003348445,0.004029165,0.01012073,0.0001149336,0.0004445835,0.0006458853,2.176931E-05,0.004126863,0.01282138,0.001773191,0.0003371576,3.330513E-07,0.01769783,0.003596724,0.0004907093,0.003225174,0.09642135,0.04644438,0.09194349,0.02741136,0.03361211,0.002657491
351,0.0001738254,0.0002284421,9.17505E-05,0.001363263,2.079532E-05,0.002818314,0.0002263528,0.01377081,0.002481356,0.05257152,0.00680548,0.01016345,0.005125551,0.003799638,0.00135047,0,0.0002274349,2.430945E-05,0.0001767149,7.706012E-05,0.0001609213,0.0009151645,0,0.001496284,1.326908E-09,0.0001663735,3.165311E-05,0.0004836182,0.001561055,0.0001332916,9.774609E-06,0.001923352,0.007360835,0.0003689492,0.002546758,0.006011141,0.01648306,0.0005895571,0.002317495,0.0004429916,0.006901309,0.01577369,0.00250873,0.01736351,0.000331642,0.00410924,0.009883645,0.0001105387,0.0004419815,0.0006833499,1.772359E-05,0.005423964,0.01587626,0.00246194,0.0004969673,3.593514E-07,0.0181631,0.003618977,0.0004889178,0.002836919,0.09487237,0.04647766,0.08858125,0.02814124,0.03338604,0.002540811
352,0.0001738198,0.000230589,9.277507E-05,0.001365858,2.083193E-05,0.002807116,0.000226373,0.01378666,0.002514599,0.05280064,0.006864851,0.01018796,0.00522006,0.003772391,0.001360203,0,0.0002819005,2.131879E-05,0.0001703794,7.687377E-05,0.0001576038,0.0009307354,0,0.001484944,1.281914E-09,0.0001655122,3.216032E-05,0.0004811605,0.001523738,0.0001349214,9.854883E-06,0.001948328,0.007157159,0.0003639338,0.002473889,0.006231559,0.0169196,0.000596772,0.002316587,0.0004321828,0.006995149,0.01601613,0.002579653,0.01770499,0.000328042,0.004182891,0.009773434,0.0001059188,0.0004411367,0.0007127469,1.554458E-05,0.006048126,0.01576184,0.002875229,0.0005918638,3.849219E-07,0.01871048,0.00363584,0.000480608,0.002484255,0.09306243,0.04606104,0.08650529,0.02861943,0.03299874,0.002446233
353,0.0001746799,0.0002330341,9.377183E-05,0.001368234,2.086788E-05,0.002793503,0.0002262112,0.01380118,0.002548791,0.05306576,0.006929452,0.01021336,0.00534036,0.003750446,0.001379409,0,0.0002319431,1.789571E-05,0.0001640452,7.693811E-05,0.0001566855,0.0009542377,0,0.001506636,1.273983E-09,0.000164696,3.292413E-05,0.0004790723,0.001514177,0.00018878,1.059767E-05,0.001976856,0.006976323,0.0003611472,0.002428829,0.006416304,0.01731904,0.000603905,0.002310348,0.0004269407,0.00720398,0.01630102,0.002635504,0.01801432,0.0003244106,0.004250983,0.009778892,0.0001026914,0.000440683,0.0007376213,1.483141E-05,0.004407622,0.01436756,0.002600089,0.0004769186,4.095197E-07,0.01926946,0.003648886,0.0004696069,0.002314095,0.09121183,0.04555236,0.08465905,0.02903813,0.03250256,0.002390199
354,0.0001758242,0.0002364145,9.516028E-05,0.001370543,2.09045E-05,0.002801139,0.0002260069,0.01383338,0.002585071,0.053496,0.006985125,0.01025985,0.005510173,0.003737143,0.001398826,0,0.0001707705,1.384757E-05,0.0001549173,7.756458E-05,0.0001570882,0.0009798335,0,0.001534689,1.291788E-09,0.0001638679,3.383168E-05,0.0004775759,0.001529525,0.0002327133,1.112797E-05,0.002005432,0.006822832,0.0003608585,0.00242711,0.006439068,0.01758399,0.0006090192,0.002307403,0.0004295251,0.007436303,0.01656853,0.002645215,0.01821283,0.0003211487,0.004315963,0.009824557,0.0001022962,0.0004391538,0.000755295,1.518088E-05,0.003796721,0.01421798,0.002345026,0.0003585055,4.294463E-07,0.01980526,0.003648879,0.0004617282,0.00231556,0.08982327,0.0452558,0.08282644,0.02902579,0.03205749,0.002390563
355,0.0001761556,0.0002387003,9.591821E-05,0.001373246,2.094709E-05,0.002801134,0.0002260746,0.01390399,0.002608,0.05394771,0.007011234,0.01030949,0.005466626,0.00375352,0.001412994,0,0.0001584166,1.01196E-05,0.0001384366,7.759596E-05,0.0001605061,0.001012747,0,0.001567796,1.314996E-09,0.00016316,3.48291E-05,0.0004769265,0.001556354,0.0002430555,1.13171E-05,0.002038491,0.006698628,0.0003628925,0.002452394,0.006195288,0.0173205,0.0006030315,0.002310899,0.0004338809,0.007423063,0.01673888,0.00257212,0.01827134,0.0003183999,0.004379211,0.009901538,0.000103744,0.0004395395,0.0007228594,1.726928E-05,0.003266601,0.01444439,0.002373856,0.0003320626,4.09966E-07,0.01933371,0.003629514,0.0004594644,0.002433567,0.0896776,0.04541303,0.08189597,0.02810268,0.03219333,0.002460434
356,0.0001758282,0.000239288,9.634105E-05,0.001376373,2.099363E-05,0.002794554,0.0002262652,0.01398291,0.002606907,0.05425106,0.007010506,0.0102569,0.005227027,0.003773374,0.001421897,0,0.0001488507,6.725461E-06,0.0001190457,7.815832E-05,0.0001636934,0.001044684,0,0.001599954,1.330959E-09,0.0001625225,3.586484E-05,0.0004767829,0.001588424,0.0002406244,1.157701E-05,0.002068452,0.006592126,0.0003660276,0.002485514,0.005872292,0.01679442,0.0005922888,0.002313262,0.0004364084,0.007103578,0.01680976,0.002469827,0.01825684,0.0003158941,0.004438389,0.009975368,0.0001058683,0.0004381844,0.0006704478,1.968512E-05,0.002372793,0.01306547,0.002090751,0.0002910456,3.805038E-07,0.0185485,0.003538721,0.0004627292,0.002603292,0.09003909,0.04582464,0.08126386,0.0269622,0.03260052,0.002568681
357,0.0001756525,0.0002397459,9.69991E-05,0.001380054,2.104574E-05,0.002794299,0.0002266027,0.01407444,0.002593829,0.05472117,0.007005635,0.0102269,0.004924401,0.003799167,0.001432569,0,0.0001401583,4.31825E-06,6.224914E-05,7.940433E-05,0.0001663216,0.001073213,0,0.001624717,1.346351E-09,0.0001622925,3.680347E-05,0.0004771411,0.001617716,0.0002180288,1.120016E-05,0.002084745,0.006506438,0.0003708477,0.002530147,0.005517752,0.01592791,0.0005817399,0.002323079,0.0004376207,0.006712912,0.01661529,0.00234956,0.01788634,0.00031376,0.004488422,0.01004467,0.0001089003,0.0004347713,0.0006148912,1.936538E-05,0.001242201,0.007474613,0.001213331,0.0001683233,3.46012E-07,0.01755297,0.003375782,0.0004730817,0.002852642,0.09010471,0.04477127,0.08068614,0.0256109,0.03251482,0.002669512
358,0.0001760879,0.0002407695,9.751383E-05,0.001383358,2.1097E-05,0.002795121,0.0002267746,0.01416612,0.002603584,0.05524063,0.007029644,0.01021886,0.004503879,0.003822961,0.00145202,0,0.0001328094,3.033612E-06,4.979498E-05,7.886835E-05,0.0001693738,0.00109619,0,0.001639045,1.34993E-09,0.0001620131,3.742594E-05,0.0004781535,0.001629219,0.0001772792,1.027219E-05,0.002072855,0.006435892,0.0003770526,0.002578575,0.005163705,0.01490018,0.0005710835,0.002336288,0.0004410428,0.006339728,0.01610108,0.002234206,0.01718937,0.0003119041,0.00452879,0.01019969,0.0001121764,0.0004350789,0.0005509391,1.625621E-05,0.0008612351,0.00559203,0.0008885697,0.0001221647,3.061851E-07,0.01648824,0.003236481,0.0004863571,0.00318663,0.09037071,0.0414454,0.08125816,0.0240608,0.03162029,0.002746513
359,0.0001770204,0.00024251,9.828332E-05,0.001386177,2.11479E-05,0.002809711,0.0002266765,0.014245,0.002639501,0.05562801,0.007081798,0.01023373,0.004518041,0.003827658,0.001471836,0,0.0001339927,3.381646E-06,4.545981E-05,7.775161E-05,0.0001711145,0.001117434,0,0.001661662,1.353887E-09,0.0001621802,3.807232E-05,0.000479822,0.001646871,0.0001798882,9.365384E-06,0.002072072,0.006362576,0.0003837403,0.002629067,0.005117496,0.01456173,0.0005641768,0.002342064,0.0004470063,0.006245195,0.01562585,0.002216202,0.01664379,0.0003101504,0.004580869,0.01036386,0.000115489,0.000438521,0.000529343,1.002671E-05,0.0006808747,0.004957402,0.0007670421,0.0001095691,2.913799E-07,0.01661694,0.003181982,0.000491766,0.003546939,0.09114415,0.03922164,0.0821154,0.0237399,0.03133556,0.00277255
360,0.0002635511,0.0002538764,0.0001077176,0.001388546,2.357066E-05,0.002511388,0.0002261476,0.01429058,0.00269275,0.05590409,0.007143196,0.01026392,0.004638452,0.003465096,0.001855626,0,0.000106635,3.943171E-06,5.679403E-05,7.691453E-05,0.0001685122,0.0007478158,0,0.001261139,1.35837E-09,0.000164906,1.788423E-05,0.0004816535,0.001673211,0.0002398852,4.173148E-06,0.001307875,0.004044116,0.000351035,0.002671128,0.005244092,0.01484648,0.0005674495,0.002330314,0.0004524243,0.006434676,0.0157256,0.002264028,0.01666936,0.0002466912,0.003793136,0.01046755,0.0001179655,0.0004404563,0.0005505544,7.856904E-06,0.00117194,0.008922643,0.001400177,0.0001806587,3.033851E-07,0.01727463,0.003192674,0.0004931401,0.00449888,0.04903987,0.03755523,0.0618966,0.02452936,0.0316259,0.002746212
361,0.0002655046,0.0002561168,0.0001090503,0.001390932,2.362267E-05,0.00255404,0.0002255921,0.01431374,0.002747271,0.05611279,0.007204742,0.01029571,0.004790146,0.003447078,0.001861719,0,9.8569E-05,4.092637E-06,7.463361E-05,7.714845E-05,0.0001643187,0.0007662286,0,0.001279925,1.350996E-09,0.0001655475,1.839008E-05,0.0004819027,0.001671282,0.0002376664,4.409623E-06,0.00132782,0.004083897,0.0003553406,0.002670246,0.005430827,0.01534916,0.0005741891,0.002318236,0.0004489243,0.006599276,0.01602871,0.002328106,0.01697615,0.0002464262,0.00385216,0.0103406,0.000118071,0.0004397546,0.0005871153,8.700006E-06,0.001182786,0.01019989,0.001741745,0.0002050699,3.247094E-07,0.01787204,0.003227567,0.000496578,0.004260997,0.05039017,0.03862605,0.0618431,0.0255206,0.03199732,0.002697731
362,0.0002639283,0.0002604988,0.0001116285,0.001394027,2.367363E-05,0.002590969,0.0002256045,0.01434579,0.002798551,0.05645074,0.00728663,0.01032846,0.004974402,0.003438945,0.001838505,0,9.633446E-05,4.591115E-06,8.847251E-05,7.831288E-05,0.0001560919,0.0007762685,0,0.001272652,1.301736E-09,0.0001646188,1.871956E-05,0.0004806831,0.00163132,0.0001896924,4.276019E-06,0.001338807,0.004129152,0.0003534422,0.002614137,0.005491503,0.01565615,0.0005819057,0.002322777,0.0004374772,0.006523261,0.01621362,0.002405066,0.01736862,0.0002467698,0.003917671,0.009951632,0.0001153287,0.0004317778,0.0006185656,1.346095E-05,0.001133213,0.01019689,0.001956846,0.0002207582,3.348615E-07,0.01790383,0.003279785,0.0005043141,0.003806852,0.05172229,0.03976645,0.06077931,0.02643343,0.03188587,0.002600855
363,0.0002610824,0.0002668437,0.0001146092,0.001397752,2.372385E-05,0.002645487,0.000226117,0.01439669,0.002847531,0.05695883,0.007379954,0.01036355,0.005279993,0.003446641,0.001811265,0,0.0001020732,6.153943E-06,0.0001044667,7.952927E-05,0.0001476128,0.0007841063,0,0.001256671,1.232076E-09,0.0001619815,1.899103E-05,0.0004792876,0.001585209,0.0001531071,4.111861E-06,0.0013505,0.004168053,0.0003484686,0.002534433,0.005518665,0.01600865,0.000589787,0.002335413,0.0004221401,0.006291287,0.01642432,0.002469321,0.01780172,0.0002473085,0.003983373,0.009451638,0.0001112165,0.000418404,0.0006419135,2.382283E-05,0.001270914,0.01179811,0.00247459,0.0002826041,3.368956E-07,0.01771343,0.003328909,0.0005093099,0.003308938,0.05315279,0.04073339,0.05982276,0.02714732,0.03159928,0.002516419
364,0.0002591787,0.0002706967,0.0001148333,0.001401351,2.377451E-05,0.002633159,0.0002265412,0.01443972,0.002891367,0.05727777,0.007447415,0.01039214,0.005354526,0.003455861,0.001790178,0,0.0001339094,9.027971E-06,0.0001196669,7.920893E-05,0.0001431043,0.0007893982,0,0.001236118,1.13869E-09,0.0001576278,1.930849E-05,0.0004782494,0.001552292,0.000136239,4.022293E-06,0.001364278,0.004197246,0.0003414498,0.002451542,0.005674638,0.01640326,0.0005976525,0.002345497,0.0004047891,0.006005351,0.01671505,0.002548488,0.01814424,0.0002477095,0.004044063,0.009053311,0.0001066672,0.0004093248,0.0006701125,4.149876E-05,0.002036895,0.01209437,0.003084806,0.0003712163,3.538372E-07,0.01792462,0.003380758,0.000505611,0.002860376,0.0544435,0.04103709,0.05946194,0.02760963,0.03137501,0.002459645
365,0.0002591602,0.0002732324,0.0001145994,0.001404255,2.382531E-05,0.002578569,0.0002263807,0.01446818,0.00293224,0.05752255,0.007497357,0.01042107,0.005307659,0.00345109,0.001786059,0,0.0001458062,1.270498E-05,0.000136563,7.891259E-05,0.0001407414,0.0007998022,0,0.001233837,1.06811E-09,0.000153895,1.971232E-05,0.0004774662,0.001545935,0.000168299,4.206061E-06,0.001386496,0.004228131,0.0003355725,0.002384098,0.005808546,0.01677569,0.0006052712,0.002338275,0.0003968521,0.006086492,0.01699388,0.002612392,0.01843693,0.0002481142,0.004100762,0.009008693,0.0001026132,0.0004088605,0.0006944265,6.433381E-05,0.004453746,0.02012759,0.004859029,0.0006184033,3.74648E-07,0.01833441,0.003430702,0.0004959677,0.002614341,0.05546181,0.04101755,0.05931775,0.02799501,0.03109219,0.00243927
366,0.0002601936,0.0002765765,0.0001148131,0.001407037,2.387746E-05,0.002549613,0.0002261049,0.01450981,0.002981728,0.05798497,0.007548647,0.01048171,0.00535194,0.003447911,0.001794323,0,0.0001662343,1.461056E-05,0.0001500035,7.89839E-05,0.0001404584,0.0008157619,0,0.001251069,1.039623E-09,0.0001509181,2.023074E-05,0.0004769636,0.001560782,0.000218815,4.49717E-06,0.001411428,0.004267489,0.0003316398,0.002353464,0.005838388,0.0169584,0.0006098146,0.002325493,0.0003995612,0.006325447,0.01726602,0.00262709,0.01867469,0.0002485484,0.004155889,0.009083278,0.0001007897,0.0004103591,0.0007114263,7.678669E-05,0.007000066,0.02112359,0.0055582,0.0007971162,3.932069E-07,0.01872792,0.003460822,0.0004870573,0.002604129,0.05650155,0.04116004,0.05935335,0.02792091,0.03092324,0.002461501
367,0.0002616709,0.0002792157,0.0001155023,0.001410416,2.393589E-05,0.002546598,0.0002261765,0.01460484,0.002991351,0.05863435,0.007562818,0.01056357,0.004796463,0.003498044,0.001807081,0,0.0001844309,1.317293E-05,0.0001603707,8.007809E-05,0.0001446587,0.0008393151,0,0.001276266,1.020552E-09,0.000147597,2.084721E-05,0.0004771315,0.001585668,0.0002422755,4.735992E-06,0.001440952,0.004330815,0.0003291696,0.002351052,0.005573906,0.01648714,0.0006019668,0.002328396,0.0004036562,0.006188646,0.01729118,0.002515564,0.01859034,0.0002496138,0.004212354,0.009183232,0.0001007678,0.0004120052,0.0006402837,7.259357E-05,0.008321011,0.01731243,0.005421649,0.000840452,3.659191E-07,0.01796244,0.003410288,0.0004854994,0.002768676,0.05781732,0.04119182,0.06006673,0.02702457,0.03099161,0.002533412
368,0.0002645989,0.0002814527,0.0001166252,0.001413988,2.399777E-05,0.002564078,0.0002263363,0.01470923,0.003010483,0.05915235,0.007594385,0.01052354,0.004252065,0.003549538,0.001818763,0,0.0002057258,9.207369E-06,0.0001530045,8.162564E-05,0.0001491381,0.0008630815,0,0.001298932,1.069904E-09,0.0001451807,2.141283E-05,0.0004779833,0.001599128,0.0002238138,4.58442E-06,0.001456771,0.004413367,0.0003313501,0.002381345,0.005224044,0.01558019,0.0005911092,0.002342119,0.0004062204,0.005834701,0.01693505,0.002365977,0.01800719,0.0002509981,0.004260203,0.009261062,0.0001034108,0.0004107333,0.0005676661,6.902681E-05,0.008725199,0.01283609,0.005227138,0.0008609634,3.212505E-07,0.0167967,0.003337757,0.0004918384,0.003082232,0.05899492,0.03987106,0.06104801,0.02570575,0.03042984,0.002627333
369,0.0002646649,0.0002819752,0.0001163749,0.001418899,2.407037E-05,0.00254449,0.000226888,0.01483143,0.002966023,0.05987651,0.007564843,0.01049379,0.003782249,0.003594461,0.001812707,0,0.0002502392,6.332017E-06,5.897041E-05,8.427247E-05,0.0001550943,0.0008857545,0,0.001319455,1.113253E-09,0.0001426407,2.201927E-05,0.0004790399,0.001613857,0.0002147809,4.501794E-06,0.001474538,0.004502534,0.0003351215,0.002421184,0.004875798,0.01462642,0.0005812444,0.002362711,0.0004037208,0.005460617,0.01651881,0.002218653,0.01738432,0.0002526007,0.004303414,0.009260955,0.0001070221,0.0004025676,0.0005136366,7.15481E-05,0.008101096,0.0083596,0.004305173,0.0007349261,2.779396E-07,0.01561177,0.003195377,0.0005037778,0.003477535,0.06002983,0.03917322,0.06188588,0.02436067,0.03005295,0.002740049
370,0.0002657305,0.000280823,0.0001160197,0.001422875,2.413932E-05,0.002530059,0.000227064,0.01490281,0.002984386,0.06006439,0.007547337,0.0104463,0.003522826,0.003616776,0.001818804,0,0.0002672566,5.203828E-06,4.229427E-05,8.401427E-05,0.0001577797,0.0009039731,0,0.001331068,1.168759E-09,0.000141407,2.241569E-05,0.0004810149,0.001604104,0.0001725071,4.136557E-06,0.001469405,0.004587292,0.0003409799,0.002464276,0.004548166,0.01363039,0.0005710646,0.002373623,0.0004053304,0.005122163,0.01594799,0.002088665,0.01673946,0.0002541596,0.004335134,0.009411507,0.0001106934,0.0004012029,0.0004714497,8.196579E-05,0.006692196,0.005475118,0.003046428,0.0006025344,2.398246E-07,0.01450456,0.003107253,0.0005198755,0.003900384,0.06094521,0.03652495,0.06337055,0.0229725,0.02887945,0.002825452
371,0.0002647984,0.0002810496,0.0001156748,0.001426028,2.42052E-05,0.002511177,0.0002267964,0.01495576,0.003036156,0.06025535,0.007582136,0.01044798,0.003694146,0.003611387,0.001822667,0,0.0003091468,8.362766E-06,3.612677E-05,8.159698E-05,0.0001592397,0.0009201419,0,0.001353375,1.196339E-09,0.0001390667,2.285266E-05,0.0004825764,0.001613972,0.0001971061,3.921447E-06,0.001474856,0.004666377,0.0003467371,0.002503837,0.004560694,0.01349196,0.00056832,0.002385047,0.0004109791,0.005196052,0.01563269,0.002083747,0.01640172,0.0002553406,0.004377394,0.009597806,0.0001139966,0.0004054091,0.0004714687,9.414506E-05,0.008338208,0.007024297,0.003480665,0.0006724587,2.346817E-07,0.01471168,0.003122822,0.0005260024,0.004340286,0.06184486,0.03526865,0.06499309,0.0230235,0.02877408,0.002861029
372,0.000171098,0.0003020777,8.204509E-05,0.001428815,2.028281E-05,0.002283977,0.0002261856,0.01497939,0.003098843,0.06039165,0.007626432,0.0104681,0.003967254,0.002684618,0.002242405,0,0.0004048629,1.076489E-05,6.202669E-05,7.942797E-05,0.0001569922,0.0003978173,0,0.002099049,1.246464E-09,0.0001369784,2.033221E-05,0.0004845378,0.001632557,0.0002709824,4.040654E-06,0.002121257,0.008103275,0.0002607073,0.002536625,0.004739197,0.01384542,0.000573001,0.00236861,0.000417509,0.00545553,0.01577115,0.002135127,0.01649654,0.0002715938,0.007439066,0.009763054,0.0001163876,0.0004098662,0.0005039942,0.0001064056,0.01110987,0.01134721,0.0044435,0.000795713,2.498401E-07,0.0153811,0.003171024,0.0005273147,0.004057082,0.1082259,0.02284788,0.07779567,0.02395671,0.02916843,0.002826698
373,0.000172151,0.0003033236,8.282041E-05,0.001431641,2.033204E-05,0.002336998,0.0002256163,0.01498934,0.003160481,0.06054714,0.007681573,0.01049555,0.004305332,0.002683167,0.002243462,0,0.0004243823,1.226246E-05,0.0001018725,7.89968E-05,0.0001502788,0.0004091506,0,0.002093866,1.258795E-09,0.0001365925,2.076311E-05,0.00048536,0.001601074,0.0002450452,4.167266E-06,0.002139169,0.007911268,0.0002632309,0.002503891,0.004979296,0.01430081,0.0005800218,0.002350848,0.0004160903,0.005693397,0.01584107,0.002211004,0.01679024,0.0002714519,0.007416355,0.009697117,0.0001148131,0.0004124857,0.0005493569,0.0001156501,0.01215855,0.01319277,0.004505323,0.0009115928,2.726033E-07,0.01580946,0.003226778,0.0005316619,0.003635181,0.1057295,0.02337445,0.07652591,0.02513625,0.02959039,0.002731825
374,0.0001722715,0.0003067176,8.480368E-05,0.00143507,2.037921E-05,0.002394706,0.0002255748,0.01501222,0.003217486,0.06083569,0.007755689,0.01052563,0.004679105,0.002702578,0.002222288,0,0.00045049,1.530719E-05,0.0001452072,7.968395E-05,0.0001417965,0.0004163767,0,0.00204045,1.205596E-09,0.0001352593,2.092248E-05,0.0004852049,0.001535663,0.0001850563,3.957404E-06,0.002138881,0.007599814,0.0002592886,0.002417489,0.005159578,0.01465966,0.0005875226,0.00234815,0.000406505,0.005710561,0.01568706,0.002300225,0.01709007,0.0002711752,0.007368586,0.009383606,0.0001100523,0.0004086278,0.0005940981,0.0001253103,0.01248478,0.01433794,0.00421324,0.0009994624,2.909379E-07,0.01583075,0.00328846,0.0005379311,0.002999647,0.1021981,0.0239804,0.07351132,0.02628255,0.02950165,0.002604352
375,0.0001710659,0.0003107382,8.621829E-05,0.001438886,2.042479E-05,0.002455685,0.0002258895,0.01504522,0.003270068,0.06116672,0.007841575,0.01055646,0.005052121,0.002743324,0.002193684,0,0.0005011946,1.555873E-05,0.0001586378,8.043619E-05,0.0001310342,0.0004201519,0,0.001963638,1.098259E-09,0.0001313277,2.089688E-05,0.0004848829,0.001462591,0.0001353741,3.626684E-06,0.002128644,0.007212299,0.0002512122,0.002308654,0.005352229,0.01504129,0.0005950137,0.002356,0.0003939174,0.005618311,0.01549007,0.002393682,0.01740876,0.0002705873,0.007314275,0.008979328,0.0001041029,0.0004010431,0.0006406959,0.0001357556,0.01206718,0.01451177,0.00394338,0.001081907,3.081117E-07,0.01588066,0.003350489,0.0005405138,0.00238568,0.09832706,0.02451585,0.07016232,0.02717566,0.02904206,0.002475244
376,0.0001696534,0.0003135611,8.641928E-05,0.00144221,2.046941E-05,0.002415508,0.0002257993,0.01507374,0.003324997,0.06148288,0.007903173,0.01059936,0.004997145,0.002763413,0.002180789,0,0.0006266938,1.792457E-05,0.0001692123,7.885628E-05,0.0001245914,0.0004250278,0,0.00190385,1.000458E-09,0.0001278862,2.090354E-05,0.0004844818,0.001408922,0.0001347404,3.525136E-06,0.00213599,0.006828271,0.0002425143,0.002203034,0.005551906,0.01543593,0.0006025987,0.002342219,0.0003843101,0.005692959,0.01559271,0.002471026,0.01771594,0.0002697451,0.007252773,0.008864113,9.791354E-05,0.000400333,0.0006702439,0.0001332215,0.01750119,0.0202629,0.005250111,0.001663938,3.279884E-07,0.01622047,0.003394491,0.0005311976,0.001926528,0.09430914,0.02462278,0.06856446,0.02755154,0.02869893,0.002369115
377,0.0001694177,0.0003159887,8.672816E-05,0.001445113,2.051434E-05,0.002369135,0.0002253344,0.01509957,0.003370128,0.06176266,0.007972095,0.0106283,0.004976919,0.002775605,0.002182985,0,0.0004518589,1.838223E-05,0.000173169,7.774026E-05,0.0001210995,0.0004347281,0,0.001889863,9.644565E-10,0.0001260469,2.111376E-05,0.0004839854,0.001391968,0.0001991016,3.832062E-06,0.002157105,0.006507521,0.0002357505,0.002136391,0.005726564,0.01579762,0.0006095169,0.002314253,0.0003855526,0.005942427,0.01580195,0.002534517,0.01795927,0.0002684716,0.007187907,0.008918268,9.328939E-05,0.0004019667,0.0006933588,0.0001146943,0.01154979,0.01598973,0.002892921,0.001116088,3.470936E-07,0.01663019,0.003415584,0.0005165659,0.001791242,0.09030508,0.02450797,0.06748924,0.02780555,0.0282979,0.002313616
378,0.0001697454,0.0003196392,8.763129E-05,0.001447893,2.055971E-05,0.002358931,0.0002247687,0.0151516,0.003419986,0.06229379,0.008047669,0.01067395,0.005050901,0.002787872,0.002187936,0,0.000398795,1.912747E-05,0.0001822305,7.713265E-05,0.0001248698,0.000446833,0,0.001903068,9.957688E-10,0.000125276,2.149772E-05,0.0004834867,0.001401254,0.0002594212,4.151545E-06,0.002181504,0.00626519,0.0002323155,0.002117776,0.00580723,0.01609112,0.0006136937,0.002286786,0.0003906054,0.006209581,0.01601457,0.002565723,0.01810124,0.0002670985,0.007124396,0.008994581,9.200591E-05,0.0004025474,0.000715069,8.33609E-05,0.01071404,0.01837759,0.002370945,0.001044947,3.628146E-07,0.0170853,0.003430434,0.0005013217,0.001880415,0.08691309,0.02444411,0.06663932,0.02796387,0.02806724,0.002311904
379,0.0001697964,0.0003227279,8.82517E-05,0.00145099,2.06098E-05,0.002350711,0.0002244249,0.01523718,0.003458255,0.0628802,0.008104042,0.01072894,0.004799249,0.002821878,0.002194688,0,0.000364129,1.809055E-05,0.0001683644,7.6881E-05,0.0001325638,0.0004628618,0,0.001940424,1.075435E-09,0.0001262969,2.199364E-05,0.0004833281,0.00142453,0.0002781024,4.397287E-06,0.002212645,0.006082548,0.0002319496,0.002127321,0.005574228,0.01573354,0.0006046276,0.002263265,0.000396611,0.006175963,0.01604065,0.002476444,0.01804266,0.0002657914,0.007066608,0.009099392,9.273172E-05,0.0004048868,0.0006626401,5.494431E-05,0.009083671,0.02037385,0.001885678,0.0009682253,3.398475E-07,0.01651028,0.003397021,0.0004941616,0.002100216,0.08492306,0.0246318,0.06652896,0.02704959,0.02823,0.002372306
380,0.000169147,0.0003243535,8.856435E-05,0.001454782,2.066618E-05,0.002341817,0.0002242768,0.01533831,0.003466456,0.06346372,0.008101986,0.01075663,0.004271369,0.002875361,0.002193884,0,0.0003339786,1.579752E-05,0.0001603109,7.734828E-05,0.0001408763,0.0004789171,0,0.001977006,1.162965E-09,0.0001263983,2.254615E-05,0.0004834503,0.001456809,0.0002855544,4.606416E-06,0.002240349,0.005951758,0.0002335862,0.002152345,0.005252667,0.01520723,0.0005938506,0.002253375,0.0003997354,0.005886048,0.0160471,0.002354857,0.01794999,0.0002650507,0.007011467,0.009185528,9.464149E-05,0.0004032913,0.0005949964,4.195144E-05,0.008628191,0.02244503,0.001606613,0.0009562873,3.065622E-07,0.01561874,0.003291639,0.0004930441,0.002377833,0.083854,0.02511305,0.06662394,0.02596452,0.02873638,0.002476324
381,0.0001686259,0.0003220756,8.872464E-05,0.001459667,2.073011E-05,0.002336312,0.0002244295,0.01541651,0.00338716,0.06372117,0.008051856,0.01064353,0.004033503,0.002926346,0.002179987,0,0.0003038815,1.169642E-05,0.0001223823,7.86267E-05,0.0001494207,0.0004947712,0,0.002010015,1.229362E-09,0.0001263218,2.312085E-05,0.0004838944,0.001494166,0.0002768581,4.71617E-06,0.002262946,0.005854562,0.0002362604,0.002185969,0.004924451,0.01462302,0.0005845728,0.002251822,0.0003995966,0.005558517,0.01605594,0.002228814,0.01787311,0.0002646261,0.006959358,0.009226894,9.731271E-05,0.0003973404,0.0005461142,4.038751E-05,0.007902625,0.021283,0.001301674,0.0008639169,2.768243E-07,0.01469118,0.003133499,0.0004976299,0.002691649,0.08344902,0.02576949,0.06679258,0.02491153,0.02947379,0.00258802
382,0.000167986,0.0003199719,8.84333E-05,0.001463402,2.078864E-05,0.002318841,0.0002241997,0.01547102,0.003407063,0.06389058,0.00806432,0.01059322,0.003886744,0.002964331,0.002178777,0,0.0002780048,1.128175E-05,0.0001040925,7.759645E-05,0.0001585416,0.0005098674,0,0.002037094,1.28331E-09,0.0001260247,2.366045E-05,0.0004847209,0.001528673,0.0002499307,4.582949E-06,0.002274305,0.005779824,0.0002402846,0.002227648,0.004644276,0.01402831,0.0005743307,0.002250375,0.000403394,0.005307184,0.01584508,0.002142552,0.01740019,0.0002640629,0.006922842,0.009362814,0.0001004956,0.0003985681,0.0005104515,4.39857E-05,0.006620886,0.01864296,0.00108782,0.0007235449,2.474916E-07,0.01410211,0.003024139,0.0005026355,0.003077263,0.08333602,0.02599751,0.06774995,0.02379855,0.03017821,0.00268937
383,0.0001669136,0.0003192695,8.824834E-05,0.001466433,2.084383E-05,0.002300726,0.0002236349,0.01551647,0.003469023,0.06409064,0.008110032,0.01061115,0.003914062,0.002978937,0.002175417,0,0.0002483628,1.387192E-05,8.203428E-05,7.614E-05,0.0001629008,0.0005230132,0,0.002072989,1.309885E-09,0.0001265973,2.417448E-05,0.0004861155,0.001564128,0.0002862216,4.455895E-06,0.002294094,0.005708167,0.0002452,0.002267816,0.004655792,0.01405975,0.0005698269,0.002237268,0.0004090825,0.005388848,0.01584619,0.002155119,0.01712525,0.0002632878,0.006895061,0.009512762,0.0001032132,0.0004021405,0.0005120624,4.745782E-05,0.005515464,0.01731226,0.001006989,0.0006489878,2.457969E-07,0.0144856,0.002954057,0.0005008309,0.003422803,0.08260318,0.02629253,0.06838921,0.02415521,0.03100543,0.002738712
384,0.0002625631,0.0003520444,0.0001004553,0.001469169,2.658619E-05,0.002298062,0.0002228011,0.01554169,0.003549716,0.06431869,0.0081739,0.01065154,0.003984851,0.002949232,0.001791729,0,0.0003009779,1.757992E-05,0.0001401656,7.502138E-05,0.0001650867,0.000622131,0,0.002721642,1.334976E-09,0.0001281073,1.235401E-05,0.0004873855,0.001584151,0.0003093606,4.746019E-06,0.002352337,0.004338754,0.000388911,0.002287869,0.004797326,0.01437897,0.0005735311,0.002217365,0.0004143111,0.005631442,0.01604173,0.002211893,0.01715359,0.000272763,0.003843224,0.009645737,0.0001044654,0.0004057157,0.0005363291,4.957531E-05,0.004012077,0.01503905,0.0009172861,0.0005218054,2.584414E-07,0.01521308,0.002877711,0.000497019,0.003226996,0.07097995,0.05712522,0.06839841,0.02506306,0.031834,0.002741606
385,0.0002629532,0.0003533485,0.0001011821,0.001471947,2.664958E-05,0.002335496,0.0002220211,0.01555959,0.003627344,0.06460091,0.008252784,0.01069402,0.004158297,0.002960111,0.001795867,0,0.0002761372,1.524579E-05,0.0001517754,7.457602E-05,0.0001618513,0.0006338231,0,0.002717432,1.342897E-09,0.0001295398,1.258105E-05,0.0004871968,0.001551549,0.0002721321,4.797236E-06,0.002372474,0.004356962,0.0003922876,0.00225755,0.004998867,0.01483682,0.0005800867,0.002200776,0.0004127712,0.005848327,0.01614372,0.002292273,0.01740732,0.0002715754,0.003881631,0.009580396,0.0001025407,0.00040828,0.0005724853,4.957685E-05,0.003728059,0.01475615,0.0009943055,0.0005291574,2.781495E-07,0.01587252,0.002808327,0.0004960037,0.002819394,0.07018581,0.05767764,0.06787381,0.02609052,0.03231372,0.00269697
386,0.0002632334,0.0003551518,0.0001020133,0.001474849,2.67113E-05,0.00237459,0.0002213506,0.01557947,0.003697457,0.06489336,0.008337251,0.0107335,0.004354114,0.002984684,0.001799165,0,0.0002936649,1.231019E-05,0.000140951,7.437163E-05,0.000160355,0.0006434867,0,0.002690932,1.324587E-09,0.0001295441,1.28242E-05,0.0004864296,0.001508631,0.0002332076,4.788865E-06,0.002390349,0.004395822,0.0003933913,0.0022126,0.005219758,0.01531206,0.0005876434,0.00219682,0.0004055165,0.005975536,0.01624097,0.0023796,0.01773422,0.0002707278,0.003933652,0.009391244,9.954049E-05,0.0004093956,0.0006108179,4.59619E-05,0.003026159,0.01297072,0.0009956358,0.0004577602,3.00052E-07,0.0164348,0.002778955,0.0004936709,0.002479213,0.06976617,0.05748561,0.06736739,0.0268828,0.03238674,0.002609154
387,0.000263516,0.0003575203,0.000103158,0.001477802,2.677206E-05,0.002404165,0.0002207425,0.01559915,0.003759688,0.06518441,0.008418878,0.01076998,0.004525966,0.003001284,0.001805177,0,0.0003253173,9.603945E-06,0.0001270594,7.437897E-05,0.0001603526,0.0006524924,0,0.002662081,1.301245E-09,0.0001298331,1.306211E-05,0.0004852696,0.001467818,0.000205736,4.776108E-06,0.002410629,0.004428721,0.0003918698,0.002157665,0.005417132,0.01577988,0.0005952241,0.002194,0.0003963552,0.006053322,0.01641871,0.002464892,0.01808674,0.0002698787,0.003986256,0.009170083,9.583383E-05,0.0004098911,0.0006467428,4.57754E-05,0.00262022,0.01007895,0.001099374,0.0005053848,3.227542E-07,0.0169911,0.002787006,0.0004886013,0.002187916,0.06935823,0.05655818,0.06710371,0.02747647,0.03210947,0.002523033
388,0.0002643585,0.0003604611,0.000104407,0.00148058,2.683259E-05,0.002404194,0.0002200105,0.01562216,0.003817668,0.06550864,0.008505574,0.01080577,0.004653847,0.003001648,0.001817634,0,0.0002823697,7.356271E-06,0.0001120468,7.45037E-05,0.0001617355,0.0006633218,0,0.002661642,1.284184E-09,0.0001306133,1.331344E-05,0.0004838996,0.001440502,0.0002274621,4.946591E-06,0.002436016,0.004452637,0.0003893551,0.002109588,0.005575479,0.01620449,0.0006025503,0.002182083,0.0003908058,0.006242292,0.01666521,0.002532728,0.01841818,0.0002687183,0.004035417,0.009137345,9.247691E-05,0.0004122447,0.0006769967,4.355459E-05,0.001394494,0.005207768,0.0008185851,0.0002877665,3.44872E-07,0.01754892,0.002815341,0.0004798094,0.002013099,0.06887055,0.05520687,0.0669927,0.02786632,0.03151263,0.002448496
389,0.0002662136,0.0003643501,0.0001059538,0.001483324,2.689331E-05,0.002411993,0.0002192469,0.01565705,0.003880193,0.06595313,0.008574287,0.01085253,0.004785092,0.002997733,0.00183593,0,0.0001874245,6.248725E-06,0.0001039858,7.479129E-05,0.0001644662,0.0006769027,0,0.00269006,1.285682E-09,0.0001315807,1.361408E-05,0.0004825872,0.001447267,0.000280703,5.243458E-06,0.00246388,0.004476413,0.0003885413,0.002094934,0.005697449,0.01659369,0.0006089215,0.002166247,0.0003928993,0.006488873,0.01693704,0.002598085,0.01869963,0.0002674187,0.004081379,0.009191208,9.107059E-05,0.0004142612,0.0007023314,4.10151E-05,0.00118054,0.004893244,0.0008400684,0.0001897751,3.67146E-07,0.01811418,0.002844576,0.0004693717,0.00201102,0.06885186,0.05401969,0.06674206,0.02825946,0.0309962,0.002416659
390,0.0002679455,0.0003690039,0.0001071271,0.001486073,2.695654E-05,0.002421077,0.0002185605,0.01571475,0.003945942,0.06655918,0.008657357,0.01091187,0.004945883,0.003002749,0.001856628,0,0.0001946688,5.547611E-06,9.522864E-05,7.501671E-05,0.0001691308,0.0006915891,0,0.00272536,1.287089E-09,0.0001325567,1.394572E-05,0.000481462,0.001475904,0.0003120882,5.408506E-06,0.002491276,0.004503601,0.0003902772,0.002109148,0.005675574,0.0166971,0.0006116133,0.002150667,0.0003981032,0.00674883,0.01715464,0.002604107,0.01883905,0.0002661324,0.004125861,0.009300274,9.189077E-05,0.0004170742,0.0007219754,3.657356E-05,0.001135492,0.004935659,0.001005746,0.0001623672,3.844304E-07,0.01850301,0.002872866,0.0004621776,0.002136517,0.06982456,0.05363019,0.06668092,0.02807977,0.0307448,0.002444489
391,0.0002665161,0.0003700825,0.000107015,0.00148903,2.702527E-05,0.002403194,0.0002180783,0.01577809,0.003973312,0.0666962,0.008719342,0.01091724,0.004899272,0.003032697,0.001861753,0,0.0002048586,5.016753E-06,9.14258E-05,7.500157E-05,0.0001756772,0.0007094283,0,0.002764334,1.292119E-09,0.0001337008,1.430469E-05,0.0004808563,0.001514762,0.0003131698,5.439812E-06,0.002522002,0.004541001,0.0003940466,0.002144837,0.005451802,0.01633434,0.0006038005,0.002140789,0.0004048277,0.006783036,0.01721349,0.002525836,0.01877891,0.0002651409,0.004170648,0.009448911,9.428454E-05,0.0004222507,0.0006976115,3.004562E-05,0.0009328189,0.0040276,0.001066859,0.0001326309,3.709363E-07,0.0180933,0.002892991,0.0004606438,0.002325335,0.07175487,0.05399609,0.06722344,0.02715944,0.03094825,0.002529805
392,0.0002654897,0.0003710849,0.0001074139,0.001492423,2.709573E-05,0.00240647,0.0002178142,0.01586223,0.003997203,0.06707077,0.008773995,0.0109237,0.004508678,0.00309188,0.001871779,0,0.0002203026,4.016018E-06,8.010687E-05,7.612185E-05,0.0001811777,0.0007276776,0,0.002785448,1.288098E-09,0.0001339182,1.466313E-05,0.0004808965,0.001548029,0.0002803601,5.160567E-06,0.00253815,0.004595592,0.0004001998,0.002196062,0.005130232,0.01550358,0.0005922632,0.002149646,0.0004100456,0.006507433,0.01690898,0.002398883,0.01829201,0.0002648699,0.004214865,0.00960426,9.784554E-05,0.0004261175,0.0006280196,2.346688E-05,0.0006852964,0.00291284,0.0009823672,0.0001061848,3.354326E-07,0.01708382,0.002857028,0.0004666285,0.002597986,0.07377188,0.05241973,0.06808437,0.02583983,0.03088716,0.002649338
393,0.0002643443,0.0003715466,0.0001076415,0.00149641,2.716953E-05,0.00240129,0.0002177224,0.01596668,0.003996177,0.06767224,0.008795919,0.01091982,0.004211005,0.003151405,0.001880684,0,0.000245775,3.266918E-06,6.439289E-05,7.762278E-05,0.0001872494,0.000744242,0,0.00279157,1.281633E-09,0.0001341944,1.500814E-05,0.0004815117,0.001571037,0.0002435878,4.845235E-06,0.002543617,0.004658728,0.0004077898,0.002251496,0.004805473,0.0145228,0.0005811506,0.002167318,0.0004130056,0.006124331,0.01646223,0.002259998,0.01766631,0.0002650376,0.004255514,0.009745922,0.0001018072,0.0004268586,0.0005740101,1.981682E-05,0.0004882254,0.001918492,0.0007740114,7.392016E-05,3.015628E-07,0.01600506,0.002781793,0.0004784096,0.002925091,0.07521028,0.05021871,0.06912541,0.02440707,0.03050467,0.002748621
394,0.0002645523,0.0003723699,0.0001079094,0.001500126,2.7244E-05,0.002406143,0.000217532,0.01606033,0.004030102,0.06813222,0.008846908,0.01092718,0.004048575,0.003192174,0.001901332,0,0.000263662,5.23845E-06,4.232391E-05,7.623629E-05,0.0001943563,0.0007590757,0,0.00278942,1.260981E-09,0.0001351055,1.526051E-05,0.0004833692,0.001587556,0.0001880201,4.347146E-06,0.002520151,0.004705593,0.0004162446,0.002310302,0.004531482,0.01366712,0.0005700303,0.002176678,0.0004183637,0.005866594,0.01588324,0.002163453,0.01705772,0.0002654292,0.004295504,0.009964683,0.0001056759,0.0004317101,0.0005397681,1.873932E-05,0.000507604,0.001662254,0.0007261769,6.581625E-05,2.717067E-07,0.01525078,0.002752741,0.0004910064,0.003288596,0.07701103,0.04682102,0.07113172,0.02294513,0.02990065,0.002799717
395,0.0002654805,0.0003736449,0.000108428,0.001503535,2.731927E-05,0.002421409,0.0002171386,0.01614112,0.004093495,0.06847046,0.008908615,0.01095419,0.004085043,0.003225045,0.00192559,0,0.0002749086,8.338709E-06,6.130692E-05,7.498827E-05,0.0001964988,0.0007723446,0,0.002803175,1.236194E-09,0.0001348937,1.549319E-05,0.0004854976,0.001610561,0.0002070474,3.927078E-06,0.002513978,0.004742101,0.0004247594,0.002364059,0.004561289,0.01351297,0.0005640612,0.002183608,0.0004249974,0.005913293,0.01543955,0.002170291,0.01667814,0.0002659329,0.00433324,0.01018383,0.0001089956,0.0004377686,0.0005289355,2.04112E-05,0.0009053157,0.002146678,0.0009145358,7.892246E-05,2.660919E-07,0.01554478,0.002764146,0.0004970392,0.003610001,0.07843854,0.04465116,0.07284922,0.02279159,0.02969452,0.002801563
396,0.0002932604,0.0004094735,0.0001027672,0.001506686,2.412325E-05,0.002433529,0.0002164517,0.01618478,0.004165374,0.06872049,0.008977003,0.01099106,0.00416752,0.003657666,0.00206595,0,0.0002182589,1.134137E-05,9.494953E-05,7.382235E-05,0.0001970604,0.0008121414,0,0.002971217,1.230995E-09,0.0001355651,4.739698E-05,0.0004867424,0.00163461,0.0002967823,5.285568E-06,0.003097484,0.004553587,0.0005174917,0.002400519,0.004727851,0.01383474,0.0005673975,0.002178536,0.0004308749,0.006143725,0.01552692,0.002225253,0.01671425,0.0002543351,0.00818177,0.01034687,0.0001110061,0.0004415208,0.0005478124,2.312972E-05,0.001458746,0.002496443,0.001014243,9.026696E-05,2.776115E-07,0.01620911,0.002788885,0.0004973941,0.005181469,0.09084371,0.03080055,0.07044107,0.02361134,0.02990768,0.002760912
397,0.0002930446,0.0004107065,0.000103219,0.001509818,2.418513E-05,0.002456852,0.0002156854,0.01620964,0.00423485,0.06894636,0.009049174,0.01102974,0.00428822,0.003632717,0.002070772,0,0.0002070454,1.417249E-05,0.0001215265,7.290721E-05,0.0001965965,0.0008241978,0,0.002984121,1.220332E-09,0.0001376122,4.803023E-05,0.0004859899,0.001625796,0.0003166077,5.674634E-06,0.00311816,0.004574828,0.0005219766,0.00239507,0.004946555,0.01430638,0.0005738626,0.002159536,0.0004321769,0.006402276,0.01572401,0.002298117,0.01691562,0.0002543323,0.008112771,0.01039412,0.0001104534,0.000443771,0.0005760525,2.518792E-05,0.00185878,0.002795713,0.001146268,0.0001070421,2.949664E-07,0.01689268,0.002804171,0.0004965881,0.004841569,0.09006231,0.0315971,0.07096301,0.02450611,0.03014886,0.002669031
398,0.0002933283,0.000413439,0.0001046415,0.001513302,2.424585E-05,0.002496977,0.0002152223,0.01623134,0.004299423,0.06922673,0.009133572,0.01106707,0.004497568,0.003609679,0.002068966,0,0.0001696471,1.508262E-05,0.0001441173,7.276042E-05,0.0001904524,0.0008299445,0,0.0029485,1.17966E-09,0.0001383525,4.816807E-05,0.0004841359,0.001577506,0.0002641341,5.574503E-06,0.003119966,0.004585012,0.0005185216,0.002338471,0.005176608,0.01481677,0.0005811006,0.002153978,0.000426169,0.006523237,0.01575282,0.002379955,0.01720866,0.0002544856,0.008008651,0.01016589,0.0001069944,0.0004414846,0.0006098616,2.659531E-05,0.001781491,0.002749485,0.001159606,0.0001180656,3.142067E-07,0.01725324,0.002830473,0.0004977682,0.004296286,0.08837604,0.03236125,0.06942859,0.02537257,0.02998084,0.002550534
399,0.0002936343,0.000416878,0.0001059724,0.001516926,2.430542E-05,0.002524035,0.0002148534,0.01625598,0.004361517,0.0695673,0.009223009,0.01110614,0.004676969,0.003579297,0.002064253,0,0.000160925,1.741919E-05,0.0001634934,7.267066E-05,0.0001881668,0.0008368131,0,0.002921221,1.151326E-09,0.0001395844,4.842771E-05,0.0004820525,0.001538723,0.0002413424,5.634319E-06,0.003130766,0.004587316,0.000515344,0.00228406,0.005383688,0.01530407,0.0005882192,0.002142869,0.0004168039,0.006574305,0.01592017,0.002447013,0.01752319,0.0002543228,0.007897015,0.009919602,0.0001035526,0.0004386932,0.0006412959,2.674311E-05,0.001609914,0.002388232,0.00118505,0.0001414223,3.335073E-07,0.01764043,0.002864037,0.0004950364,0.003947038,0.08656669,0.03279308,0.06884708,0.02588428,0.02967368,0.002419101
400,0.0002940092,0.0004203871,0.0001069443,0.00152059,2.436476E-05,0.002525392,0.0002145064,0.0162816,0.004420611,0.0698946,0.009319842,0.01114182,0.004818298,0.003561459,0.002066158,0,0.0001685195,2.003841E-05,0.0001821256,7.258735E-05,0.0001881575,0.0008441037,0,0.002893561,1.127046E-09,0.0001402241,4.881865E-05,0.0004800523,0.001527398,0.0002356997,5.769452E-06,0.003142951,0.004592734,0.0005131141,0.002244078,0.005578139,0.0157415,0.0005953758,0.002133656,0.0004043828,0.006512375,0.01615312,0.002515044,0.01778543,0.0002541355,0.007785723,0.009700961,0.0001007913,0.0004357908,0.0006688648,2.532363E-05,0.002152675,0.003093984,0.001396899,0.0001864359,3.534792E-07,0.01803263,0.002903922,0.0004873522,0.003775284,0.08461207,0.0329358,0.06856386,0.0261617,0.02933604,0.002327633
401,0.0002954517,0.0004239689,0.0001081321,0.001523939,2.442429E-05,0.002524418,0.0002139332,0.01630659,0.004476042,0.07023507,0.009404746,0.01117684,0.004941267,0.003553396,0.00207504,0,0.0001566388,2.116306E-05,0.0001956425,7.306711E-05,0.0001916623,0.0008538591,0,0.002896164,1.113908E-09,0.0001410633,4.925927E-05,0.0004782071,0.001536887,0.0002825836,6.149876E-06,0.003158678,0.004596344,0.0005116973,0.002223218,0.005722426,0.01615141,0.0006022032,0.002121499,0.0003985024,0.006665128,0.01639304,0.002565477,0.01799453,0.0002538916,0.007681157,0.009683815,9.900297E-05,0.0004346323,0.0006934898,2.235648E-05,0.002978329,0.00427909,0.001522685,0.0002278883,3.734569E-07,0.01849305,0.002940087,0.0004774425,0.003743872,0.0829367,0.03306461,0.06809978,0.02653218,0.02894326,0.002301062
402,0.0002980474,0.0004293179,0.0001097593,0.001527254,2.448453E-05,0.002549153,0.0002133297,0.01634471,0.004535865,0.07077479,0.009497834,0.01122052,0.005126449,0.003561277,0.002085712,0,0.0001481666,2.138202E-05,0.0002039581,7.353274E-05,0.0001962685,0.0008655147,0,0.00291243,1.113328E-09,0.0001415101,4.976403E-05,0.0004766822,0.001560586,0.0003297995,6.525616E-06,0.003174857,0.004610658,0.0005119738,0.002229405,0.005806249,0.01653701,0.0006086942,0.002116041,0.0003999757,0.006874452,0.01664224,0.002569468,0.01819468,0.0002538686,0.007590299,0.009725239,9.908444E-05,0.0004325828,0.0007163748,1.875955E-05,0.002628842,0.004271044,0.00117138,0.000201138,3.917992E-07,0.01902594,0.002967921,0.0004679095,0.003810013,0.08209208,0.0335074,0.06756756,0.02700303,0.02878861,0.002332759
403,0.0003005952,0.0004349722,0.0001114015,0.001531067,2.455053E-05,0.00257665,0.000213119,0.01642813,0.004580504,0.07155786,0.009557301,0.01128948,0.005009761,0.003591303,0.002093696,0,0.000163833,1.99443E-05,0.0001844494,7.382086E-05,0.000202797,0.000882476,0,0.002939394,1.133892E-09,0.0001430126,5.036039E-05,0.0004758893,0.001591395,0.0003359149,6.660146E-06,0.003200093,0.004635176,0.0005149474,0.002261427,0.005584147,0.01622006,0.0006028236,0.002116828,0.0004028447,0.006839968,0.01668869,0.002480513,0.01814769,0.0002541147,0.007515764,0.009775821,0.0001010199,0.0004318826,0.0006818926,1.657214E-05,0.003002042,0.0058252,0.001259416,0.0002454347,3.707524E-07,0.01843253,0.002967257,0.0004662082,0.004019462,0.08285392,0.03429963,0.06782871,0.02627885,0.02905202,0.00243785
404,0.0003012841,0.0004384573,0.000111804,0.001535097,2.462031E-05,0.002567635,0.000213018,0.01651373,0.004618351,0.07201743,0.009621004,0.01129999,0.00470631,0.003625649,0.002100453,0,0.0001746405,1.718997E-05,0.00016839,7.446831E-05,0.0002092001,0.000899296,0,0.002959278,1.148882E-09,0.0001444375,5.098962E-05,0.0004759054,0.001621611,0.0003111542,6.489887E-06,0.003215221,0.004669978,0.0005198049,0.002307164,0.005269192,0.01550672,0.0005915451,0.002125078,0.0004065297,0.006583261,0.01647599,0.002364684,0.01776276,0.0002545677,0.007452338,0.009883462,0.0001039883,0.0004326648,0.0006245414,1.709104E-05,0.002988919,0.007670878,0.001313484,0.0002834053,3.331073E-07,0.01743212,0.002929539,0.0004709546,0.004327425,0.08446638,0.03477607,0.06869306,0.02505801,0.0293609,0.002579984
405,0.0003004178,0.0004395829,0.0001117093,0.001539523,2.46934E-05,0.002548242,0.0002130305,0.01660195,0.004648869,0.07244017,0.009648508,0.01129716,0.004252912,0.003657047,0.002101096,0,0.0001707088,1.307029E-05,0.0001324719,7.573403E-05,0.0002145778,0.0009143871,0,0.002964831,1.157105E-09,0.0001459935,5.156012E-05,0.0004766258,0.001642256,0.0002678809,6.088275E-06,0.003212042,0.00471378,0.0005256627,0.002359103,0.004930964,0.01460722,0.0005799911,0.002139946,0.0004089761,0.006154289,0.01608526,0.002224485,0.01717069,0.0002552033,0.007393661,0.009990786,0.0001075443,0.000431444,0.0005608804,1.938747E-05,0.002454796,0.007932034,0.001133495,0.0002667651,2.920574E-07,0.01629387,0.00285199,0.0004822502,0.004701834,0.08590823,0.03444192,0.06963571,0.02369756,0.02919431,0.00270934
406,0.0003000477,0.0004397536,0.0001117057,0.001543828,2.476834E-05,0.002540167,0.0002130027,0.01668041,0.004689143,0.07278819,0.009680389,0.01130137,0.004039622,0.003690008,0.002106851,0,0.000165651,1.015142E-05,6.908917E-05,7.528165E-05,0.0002172981,0.0009243966,0,0.002935907,1.145987E-09,0.0001468752,5.173734E-05,0.0004784668,0.001636358,0.0001998739,5.464699E-06,0.003154453,0.00474956,0.0005321798,0.002411355,0.004603123,0.01360627,0.0005688744,0.002147546,0.000412782,0.005785185,0.0155277,0.002095925,0.01649719,0.0002561292,0.007323345,0.01016976,0.0001110174,0.0004318313,0.0005023283,2.204326E-05,0.001959244,0.007071436,0.0008799868,0.0002218641,2.519764E-07,0.01515413,0.00280795,0.0004981927,0.005108003,0.08721941,0.03156789,0.07115584,0.02233422,0.02793913,0.00278617
407,0.0002994448,0.0004403428,0.0001118642,0.0015478,2.484454E-05,0.002537897,0.0002127631,0.01674427,0.004746663,0.07302514,0.009718997,0.01132242,0.004014265,0.003703209,0.002114728,0,0.000164316,9.982718E-06,5.818031E-05,7.401659E-05,0.000220536,0.000934157,0,0.002925714,1.129359E-09,0.0001474752,5.178019E-05,0.0004810342,0.00164382,0.0001769503,4.853997E-06,0.003101795,0.00476323,0.0005384564,0.002460596,0.004560132,0.01338718,0.0005621907,0.002148976,0.0004186181,0.005749023,0.0150808,0.00207129,0.01606291,0.0002571198,0.007270179,0.01034879,0.0001142087,0.0004347367,0.0004832906,2.327282E-05,0.001889716,0.007804199,0.0008257497,0.0002160153,2.385675E-07,0.01528,0.002828675,0.0005080498,0.00550798,0.08879741,0.02940635,0.07287367,0.02220133,0.02744948,0.002803431
408,0.000156313,0.0004661879,9.921336E-05,0.001551488,2.104569E-05,0.002540315,0.0002121791,0.01677949,0.004812174,0.07321431,0.009768968,0.01135204,0.004139441,0.003474906,0.002169863,0,0.000171552,9.173475E-06,7.806014E-05,7.279729E-05,0.0002205283,0.0006073604,0,0.002636785,1.139321E-09,0.0001486699,2.952183E-05,0.0004829812,0.001656979,0.0002862401,4.924675E-06,0.001862908,0.004833114,0.0004296062,0.002490879,0.004705014,0.01371371,0.0005645414,0.002128868,0.0004239361,0.005944093,0.01515519,0.002111369,0.01610365,0.0002616226,0.005990456,0.01046159,0.0001161107,0.0004358143,0.0005039297,2.120397E-05,0.002385312,0.01077185,0.0009870677,0.000260146,2.492173E-07,0.0158824,0.002871005,0.0005125148,0.00542107,0.1169832,0.04412322,0.07637246,0.02311664,0.02753115,0.00276057
409,0.0001567973,0.0004679892,9.998062E-05,0.00155522,2.110512E-05,0.002580108,0.0002115888,0.01679756,0.004878907,0.0734161,0.009833353,0.01138538,0.004354388,0.003460392,0.002174316,0,0.0001682236,8.027926E-06,8.646404E-05,7.220961E-05,0.0002181921,0.00061601,0,0.002642609,1.132065E-09,0.0001497841,2.985422E-05,0.0004828023,0.001632916,0.0003066968,5.225756E-06,0.001881755,0.004836078,0.0004316631,0.002482824,0.004921104,0.01420258,0.0005704692,0.002111663,0.0004219864,0.006152909,0.01528871,0.002178274,0.01635294,0.0002614563,0.005981571,0.01035892,0.0001158114,0.0004346713,0.0005391415,1.676434E-05,0.002088791,0.01052401,0.000913955,0.0002486591,2.680094E-07,0.01633445,0.002922557,0.000516856,0.005078471,0.1148143,0.04552579,0.07557745,0.02424934,0.02771586,0.002674409
410,0.0001571833,0.0004722754,0.0001019906,0.001559494,2.11628E-05,0.002646713,0.0002114419,0.01681782,0.004945096,0.07371341,0.009918117,0.01142005,0.004690042,0.003456111,0.002165848,0,0.0001815478,7.173529E-06,8.502109E-05,7.270663E-05,0.0002098843,0.0006206142,0,0.002607914,1.097977E-09,0.0001499241,3.000649E-05,0.0004802895,0.001578095,0.0002549881,5.123329E-06,0.001893402,0.00482036,0.0004267093,0.002424662,0.005044839,0.01442853,0.0005774443,0.002111092,0.0004124522,0.006164304,0.01523986,0.002257485,0.01663121,0.0002612725,0.005981902,0.01003006,0.0001124768,0.0004289536,0.000577005,1.323848E-05,0.001691865,0.009381755,0.0008552259,0.0002321129,2.811088E-07,0.01623902,0.002984802,0.0005239499,0.004491569,0.1113848,0.0468193,0.07293479,0.02533204,0.02756195,0.002560739
411,0.0001568557,0.0004773891,0.0001036596,0.001564094,2.121918E-05,0.002706557,0.0002115773,0.01684442,0.005008629,0.07404704,0.01000646,0.01145371,0.005029082,0.003443005,0.002151741,0,0.0001981282,6.789144E-06,8.804261E-05,7.28109E-05,0.0001976344,0.0006212479,0,0.002554289,1.043151E-09,0.0001489242,3.001021E-05,0.0004771704,0.001514643,0.0001982535,4.811111E-06,0.001895163,0.004756713,0.0004163238,0.002334949,0.005190386,0.01470836,0.0005841563,0.002111456,0.0004004201,0.006083923,0.01506629,0.002337152,0.01685098,0.000260715,0.005982156,0.009677262,0.0001072572,0.0004217129,0.0006163329,8.622535E-06,0.001002503,0.005911261,0.0005311936,0.0001653981,2.972541E-07,0.01616675,0.003051229,0.0005273875,0.003804191,0.1075786,0.04750855,0.06972003,0.02623574,0.02690479,0.002460358
412,0.00015551,0.0004818004,0.0001041903,0.001568657,2.127456E-05,0.002706764,0.0002116427,0.0168722,0.005072176,0.0743942,0.01009289,0.01148915,0.00508985,0.003434229,0.002137194,0,0.0001910803,6.668825E-06,9.189727E-05,7.216291E-05,0.0001896213,0.0006245843,0,0.002515613,1.003575E-09,0.0001475686,3.012112E-05,0.0004743514,0.001466688,0.0001812881,4.750004E-06,0.001908935,0.004707552,0.0004068702,0.002249317,0.005378906,0.01507631,0.0005907272,0.002110985,0.0003872269,0.005976496,0.01506419,0.00240801,0.01709248,0.0002600153,0.005979594,0.009388674,0.0001020914,0.0004163392,0.0006475071,7.470619E-06,0.0006811756,0.004637913,0.000429992,0.0001198029,3.161838E-07,0.01633655,0.003114873,0.0005225896,0.003250424,0.1047932,0.04788758,0.06798393,0.02679643,0.02642404,0.002373485
413,0.0001552513,0.0004862582,0.0001047957,0.001572799,2.132979E-05,0.002655333,0.0002113573,0.01690247,0.005137002,0.07479898,0.01017874,0.01152768,0.005042318,0.003435747,0.002138381,0,0.000134349,6.083686E-06,9.616897E-05,7.174081E-05,0.0001882771,0.0006309771,0,0.002502209,9.741979E-10,0.0001453626,3.03735E-05,0.0004720796,0.001447109,0.0002253482,5.047181E-06,0.00193138,0.004678311,0.0003997716,0.002183599,0.005534773,0.01543796,0.0005971115,0.002109394,0.0003802221,0.006100171,0.01518803,0.002447091,0.01730755,0.0002594735,0.005974283,0.009344841,9.769229E-05,0.0004152033,0.0006705612,7.808982E-06,0.0007290862,0.005464699,0.0005238663,0.0001241829,3.355921E-07,0.01661765,0.003171638,0.0005115336,0.002924602,0.1020929,0.04798345,0.06711054,0.02716805,0.02606668,0.002322389
414,0.0001555292,0.0004920048,0.0001057329,0.001576822,2.138536E-05,0.002627694,0.0002109539,0.01694453,0.005203361,0.07542676,0.01027944,0.01156917,0.005063964,0.003439689,0.002140689,0,0.0001220827,5.478693E-06,0.0001019492,7.174929E-05,0.000190693,0.000639997,0,0.002515037,9.793917E-10,0.0001438791,3.074075E-05,0.0004703246,0.001452915,0.0002915744,5.455432E-06,0.001956407,0.004664564,0.0003954453,0.002152583,0.005647754,0.01576452,0.0006028885,0.002106938,0.0003815885,0.006318481,0.01535011,0.002453266,0.01747089,0.0002590281,0.005970394,0.009367244,9.522209E-05,0.0004142431,0.000691182,1.036624E-05,0.0009187852,0.006404316,0.0007181897,0.0001710667,3.524532E-07,0.01698264,0.003217185,0.0004987998,0.002831368,0.09987351,0.04826677,0.06643778,0.02756155,0.02586637,0.002335243
415,0.0001559364,0.0004991305,0.000106783,0.001581172,2.144503E-05,0.002620567,0.0002107832,0.01703454,0.00527967,0.07635818,0.01035659,0.01163851,0.00504619,0.003462351,0.002148001,0,0.0001300865,6.068674E-06,0.0001209685,7.185443E-05,0.0001980027,0.0006524366,0,0.002538663,1.019952E-09,0.0001432138,3.118953E-05,0.0004693711,0.001473046,0.0003156296,5.705459E-06,0.001984126,0.004670338,0.0003943734,0.002156655,0.005468611,0.01556776,0.0005982645,0.002109902,0.0003849716,0.006410617,0.01542938,0.002379613,0.01749259,0.0002589253,0.005971815,0.009419046,9.534907E-05,0.0004147948,0.0006685467,1.622109E-05,0.001256981,0.007476498,0.001024078,0.0002339312,3.410289E-07,0.01660928,0.003242883,0.0004930659,0.002936487,0.09907781,0.04923896,0.06641911,0.02695287,0.02607025,0.002414131
416,0.0001548028,0.0004996465,0.000106812,0.001586191,2.151133E-05,0.002589379,0.0002107787,0.01714212,0.005269982,0.07696755,0.01030029,0.01167811,0.004484309,0.003510438,0.002145236,0,0.0001463439,6.823633E-06,0.0001306806,7.234401E-05,0.0002055151,0.0006649479,0,0.002556099,1.057187E-09,0.0001423803,3.169387E-05,0.0004690675,0.001497059,0.0003157795,5.889463E-06,0.00201082,0.004693994,0.0003947139,0.002177347,0.0051776,0.01507542,0.0005882984,0.002121021,0.0003875759,0.006151616,0.01540642,0.002268758,0.01737307,0.000259269,0.005977715,0.009478721,9.676639E-05,0.0004139656,0.0006049224,2.726139E-05,0.001647046,0.007643993,0.001301137,0.0002201635,3.149632E-07,0.01581948,0.003201928,0.0004933262,0.00313064,0.09949621,0.05065709,0.06677005,0.0258846,0.02666951,0.002539467
417,0.0001542109,0.0004977238,0.0001067478,0.001592375,2.158626E-05,0.002559025,0.0002109186,0.01725033,0.00519661,0.07744303,0.01023307,0.01162942,0.004220503,0.003544121,0.002138974,0,0.0001735673,7.117231E-06,0.0001241232,7.362514E-05,0.0002129667,0.0006774521,0,0.002570644,1.105741E-09,0.0001421569,3.221441E-05,0.0004692611,0.001522226,0.0003007279,5.924816E-06,0.002033415,0.004727354,0.0003970778,0.002214044,0.00486407,0.01441194,0.0005782667,0.002133853,0.0003881582,0.005789878,0.01529023,0.002151251,0.01709526,0.000259756,0.0059895,0.009531109,9.939278E-05,0.0004102264,0.0005506238,4.528763E-05,0.002354182,0.007640979,0.001620841,0.0002239564,2.864622E-07,0.01495376,0.003117062,0.0004999695,0.003418523,0.1003651,0.05173498,0.06725701,0.02469234,0.02724369,0.002666325
418,0.0001537724,0.0004959513,0.0001063655,0.001597752,2.165596E-05,0.002532247,0.0002109044,0.01733252,0.005226098,0.07779063,0.01023775,0.01158772,0.003823266,0.003553194,0.00213883,0,0.0002050213,8.395032E-06,0.0001297532,7.305621E-05,0.0002181568,0.0006881657,0,0.002577046,1.151132E-09,0.0001436277,3.258415E-05,0.0004707689,0.001531304,0.0002359915,5.410932E-06,0.002027455,0.004755602,0.0004014705,0.002260503,0.004547626,0.01352349,0.0005680173,0.002137243,0.0003910694,0.005409681,0.0148596,0.002030474,0.01641303,0.0002599979,0.005994423,0.009674381,0.0001026335,0.0004098695,0.0004902549,6.385843E-05,0.003022654,0.007248174,0.00180942,0.0002235126,2.528092E-07,0.01399756,0.003054441,0.0005116116,0.003802017,0.1010956,0.04908023,0.06853085,0.0233296,0.02687598,0.002765653
419,0.0001532676,0.0004958684,0.0001063552,0.001602366,2.172471E-05,0.002518535,0.0002105943,0.01739944,0.005305734,0.07807428,0.01029546,0.01159295,0.003786537,0.003546585,0.00214539,0,0.0002309723,1.245413E-05,0.0001010361,7.123804E-05,0.0002225437,0.0006978953,0,0.002598179,1.171973E-09,0.0001445323,3.28729E-05,0.0004724547,0.001547115,0.0002264229,4.930589E-06,0.002021063,0.004772533,0.0004063341,0.002306145,0.004513331,0.01329799,0.0005627525,0.00213517,0.0003967752,0.005386434,0.01445692,0.002006776,0.01586144,0.000260152,0.006005323,0.00984899,0.0001058408,0.0004135068,0.0004743094,7.200105E-05,0.003986914,0.007368152,0.002090909,0.0002270238,2.379964E-07,0.01410288,0.003075747,0.0005162638,0.004205172,0.1021126,0.04649549,0.06999668,0.02319132,0.0269172,0.002808522
420,0.0001529073,0.000462972,0.0001120992,0.001606559,2.538775E-05,0.002526619,0.0002099388,0.01742611,0.005404823,0.07822879,0.01035424,0.01161916,0.003923239,0.003868504,0.002071446,0,0.0002700297,1.483864E-05,0.0001193956,6.993227E-05,0.0002211614,0.0006204794,0,0.00278407,1.198008E-09,0.0001461731,3.325389E-05,0.000473311,0.001561383,0.0002953381,7.431562E-06,0.002612279,0.004814459,0.0004539521,0.002331412,0.004663584,0.01359652,0.0005658018,0.002117249,0.0004018319,0.005591627,0.01451253,0.002043649,0.01584063,0.0002606115,0.005714477,0.009961633,0.0001077452,0.0004162726,0.0004964047,7.399053E-05,0.00455188,0.007880587,0.002298855,0.0002261143,2.470074E-07,0.01467426,0.003124292,0.0005174032,0.003921519,0.1046862,0.05556733,0.0702351,0.02420179,0.02739341,0.002788323
421,0.0001528996,0.0004642987,0.0001125976,0.001610761,2.546188E-05,0.002552109,0.0002092863,0.01743884,0.005504658,0.07842501,0.01043153,0.01165377,0.004103232,0.003853538,0.002075616,0,0.0003128935,1.348384E-05,0.0001511932,6.923664E-05,0.0002177996,0.0006280041,0,0.002786135,1.20341E-09,0.000147201,3.359812E-05,0.0004731663,0.001545953,0.0002952327,7.766931E-06,0.00262863,0.00482385,0.0004554822,0.002326506,0.004880935,0.01405976,0.0005718837,0.00210403,0.0004000967,0.005813645,0.01467113,0.002105063,0.01604758,0.0002601572,0.005731159,0.009922815,0.0001076156,0.0004178733,0.0005318763,7.337992E-05,0.005408667,0.009558413,0.002854659,0.0002672584,2.646657E-07,0.01530219,0.003181566,0.0005178866,0.00375831,0.1042281,0.05678721,0.07053602,0.02528889,0.02790854,0.002684866
422,0.0001530151,0.0004676037,0.0001142646,0.001615386,2.553449E-05,0.002604953,0.0002089872,0.01745105,0.005597337,0.07866731,0.01052121,0.01169051,0.004370675,0.00384232,0.002074535,0,0.0003691574,1.207484E-05,0.0001646768,6.949806E-05,0.0002083765,0.0006329935,0,0.002759806,1.186281E-09,0.0001477605,3.372885E-05,0.0004720009,0.001500139,0.0002501107,7.647013E-06,0.002635535,0.004826039,0.0004513483,0.002284627,0.005084236,0.0145081,0.000578636,0.002103306,0.000391713,0.005883114,0.0146435,0.00218036,0.0163579,0.0002597997,0.005749688,0.009640885,0.0001052459,0.0004145325,0.0005713929,7.629531E-05,0.005283161,0.008881181,0.002817353,0.0002623037,2.829032E-07,0.01550622,0.003242739,0.0005203663,0.003403998,0.1026187,0.05806091,0.06885143,0.02626968,0.0279632,0.002548127
423,0.0001530903,0.0004715678,0.0001157423,0.001620339,2.56062E-05,0.002669867,0.0002089508,0.01747082,0.005682744,0.07895409,0.01061285,0.01172739,0.004715152,0.003839759,0.002069029,0,0.0004906589,1.207795E-05,0.0001745597,6.989245E-05,0.0001962941,0.0006348786,0,0.002699002,1.141749E-09,0.0001467557,3.378396E-05,0.0004706113,0.001446675,0.0002032358,7.353913E-06,0.002638104,0.00481166,0.0004428667,0.002219971,0.005300672,0.01491521,0.0005855064,0.002112424,0.0003794,0.00579867,0.01457443,0.002259471,0.01666845,0.0002595418,0.005765603,0.009309147,0.0001011916,0.0004100457,0.0006126388,8.134003E-05,0.006811473,0.009911123,0.003577813,0.0003364595,3.041613E-07,0.01560877,0.003302832,0.0005191068,0.002980316,0.1006006,0.05873668,0.06693418,0.02697346,0.02777173,0.002434654
424,0.0001524395,0.0004753321,0.0001164606,0.001625208,2.567727E-05,0.002669225,0.000208878,0.01749811,0.005766665,0.07930038,0.01070088,0.01177025,0.004778331,0.003821948,0.002069108,0,0.0005430408,1.278571E-05,0.0001841072,6.90695E-05,0.0001851029,0.0006348476,0,0.002634154,1.084358E-09,0.0001454154,3.371589E-05,0.0004692141,0.001392123,0.0001660063,6.953873E-06,0.002640437,0.004766046,0.0004311105,0.002141127,0.005513315,0.01531776,0.0005920139,0.002116371,0.000369301,0.005822673,0.01444133,0.002331266,0.01694827,0.0002591458,0.0057768,0.009093492,9.639386E-05,0.0004082276,0.0006447881,8.980418E-05,0.008301878,0.01241436,0.003877478,0.0003963814,3.254842E-07,0.01594176,0.003355981,0.000510264,0.002598383,0.0988266,0.05887483,0.06535057,0.02742347,0.02734975,0.002375511
425,0.0001525985,0.000479687,0.0001174671,0.001629818,2.57494E-05,0.002630639,0.0002085642,0.0175417,0.005845832,0.07978161,0.01078462,0.0118139,0.004830308,0.003803946,0.002079704,0,0.0005727548,1.303873E-05,0.0001870982,6.863409E-05,0.0001801182,0.0006396081,0,0.002616187,1.054916E-09,0.0001443221,3.378249E-05,0.0004680295,0.001370373,0.0002086131,7.199644E-06,0.002660495,0.004733848,0.000422156,0.002083039,0.00564589,0.01568681,0.0005976706,0.002114128,0.000370263,0.00603332,0.01456776,0.002375432,0.01718534,0.0002587794,0.005785577,0.00908289,9.245205E-05,0.0004090118,0.0006696514,9.864612E-05,0.008764801,0.01219092,0.003690563,0.0004351343,3.433115E-07,0.01632596,0.003402265,0.0004969731,0.002470624,0.09723335,0.0586866,0.06462516,0.02772989,0.0270733,0.002350274
426,0.0001544743,0.0004849536,0.0001195873,0.001634324,2.582332E-05,0.00263782,0.0002081545,0.01759763,0.005923176,0.08028758,0.01086452,0.01185045,0.004974333,0.003798217,0.002099383,0,0.0005066167,1.411492E-05,0.0001941768,6.929008E-05,0.0001808579,0.0006483808,0,0.002627682,1.063188E-09,0.000143412,3.407606E-05,0.000467231,0.001381623,0.0002783634,7.658796E-06,0.002684149,0.004722193,0.0004172352,0.002065386,0.005612773,0.0158963,0.000601655,0.002114402,0.0003750661,0.006296769,0.01474498,0.00237509,0.01732389,0.0002586322,0.005794785,0.009095523,9.101596E-05,0.0004098479,0.0006940737,0.0001109766,0.008114073,0.01201942,0.003278451,0.0004686072,3.588326E-07,0.01667937,0.00344854,0.0004871628,0.002513781,0.09599012,0.05861463,0.06388582,0.0275879,0.02681219,0.00236322
427,0.0001561306,0.0004920979,0.0001216457,0.001639487,2.590275E-05,0.002653763,0.000208084,0.01769811,0.006000698,0.08122396,0.01094997,0.01192609,0.00466574,0.003826606,0.002117858,0,0.0004792082,1.62568E-05,0.0001767144,7.000109E-05,0.0001889029,0.0006610136,0,0.002647842,1.11451E-09,0.0001427264,3.451138E-05,0.0004672076,0.001406706,0.0003028874,7.815172E-06,0.00271395,0.004735837,0.000417215,0.002084011,0.005347037,0.01549739,0.0005930385,0.002124873,0.0003791747,0.006208615,0.01470473,0.002290473,0.01716869,0.0002588965,0.005806144,0.009086251,9.221063E-05,0.0004101106,0.00063797,0.0001253975,0.006993173,0.01185924,0.002653468,0.0004657194,3.320587E-07,0.01599822,0.003443393,0.0004836797,0.002669934,0.09621318,0.05884894,0.06413767,0.02662903,0.02696733,0.002436605
428,0.0001548427,0.0004943256,0.000121268,0.00164599,2.599494E-05,0.002617746,0.0002082623,0.01781452,0.005973559,0.08201301,0.01097945,0.01197227,0.004247081,0.003863541,0.002120581,0,0.0004470906,1.178658E-05,0.0001549794,7.090875E-05,0.0001971522,0.0006723245,0,0.002654883,1.132561E-09,0.0001401174,3.500796E-05,0.0004676727,0.001435905,0.0003111036,8.081546E-06,0.002737538,0.004756343,0.000417423,0.002108812,0.005048855,0.01498458,0.0005826841,0.002138412,0.0003801384,0.005897533,0.01468595,0.002186022,0.01704389,0.0002590581,0.005819879,0.009087559,9.404156E-05,0.0004068667,0.0005769356,0.0001373548,0.007800492,0.01443761,0.002530936,0.0005359095,3.052297E-07,0.01520579,0.003373587,0.0004849062,0.002824806,0.09730729,0.05994638,0.06458385,0.02558364,0.02749504,0.002567517
429,0.0001532945,0.0004941054,0.0001207713,0.001653342,2.609664E-05,0.002581939,0.0002084794,0.01792528,0.005907913,0.08273274,0.0109556,0.01190998,0.004018262,0.003869841,0.002115905,0,0.0004391137,1.040429E-05,0.0001209149,7.177612E-05,0.0002065556,0.000683902,0,0.002668496,1.163905E-09,0.0001395011,3.551473E-05,0.0004684656,0.001466704,0.0003053841,8.233252E-06,0.002759545,0.004780613,0.0004191236,0.002142151,0.004742013,0.01442559,0.0005727821,0.002143495,0.0003801822,0.005535009,0.01467343,0.002075434,0.01690795,0.0002591595,0.005836466,0.009122,9.668219E-05,0.0004029062,0.0005289463,0.0001385646,0.007567195,0.01450553,0.002068325,0.0005270577,2.747032E-07,0.01433487,0.003262881,0.0004916163,0.003051086,0.09899504,0.06161485,0.06531481,0.02454901,0.02822714,0.002726216
430,0.0001522743,0.0004934592,0.0001202316,0.001659757,2.619271E-05,0.002554077,0.0002084677,0.01801695,0.00591656,0.08322412,0.01093052,0.01187032,0.003766098,0.003875704,0.002117191,0,0.0004294706,8.840057E-06,0.0001162141,7.082915E-05,0.0002127379,0.0006935493,0,0.002671265,1.205798E-09,0.0001400633,3.586561E-05,0.0004700298,0.001481939,0.0002520232,7.649131E-06,0.002750983,0.004811224,0.0004236405,0.002186661,0.004452309,0.0136422,0.0005628029,0.002150533,0.0003833611,0.005224073,0.01427608,0.001976039,0.01623478,0.0002593078,0.005853164,0.009256645,0.0001000523,0.0004034716,0.000483492,0.0001359945,0.007518016,0.01483732,0.001856872,0.000539956,2.418213E-07,0.01352249,0.003202082,0.0005027085,0.00338802,0.1009091,0.06001019,0.06682263,0.02324864,0.02819731,0.002859959
431,0.0001512038,0.0004931837,0.0001197987,0.0016652,2.628361E-05,0.002525025,0.0002081732,0.01807745,0.006012465,0.08340769,0.01095958,0.01188393,0.003752312,0.003860503,0.002121973,0,0.000402467,1.171537E-05,9.479274E-05,6.905011E-05,0.0002166474,0.0007028413,0,0.002695014,1.226904E-09,0.0001410825,3.611513E-05,0.0004726049,0.001502787,0.0002501407,6.995027E-06,0.002737365,0.00482394,0.0004291491,0.002232171,0.004457615,0.0135313,0.000558564,0.002141345,0.0003889854,0.005247051,0.01406328,0.00196865,0.01585735,0.0002595418,0.005876012,0.009426251,0.000103263,0.0004075964,0.000469578,0.0001302291,0.007168283,0.01616328,0.001705048,0.0005261545,2.282148E-07,0.01366916,0.003210088,0.0005065829,0.003764986,0.1027955,0.0579234,0.06836461,0.02337543,0.02852902,0.002913035
432,8.984219E-05,0.0004949857,0.0001207779,0.001670214,2.63704E-05,0.002539955,0.0002076102,0.01811637,0.006143402,0.08363023,0.01102924,0.0119192,0.003914826,0.003681632,0.002176208,0,0.0003530224,1.475171E-05,0.0001237716,6.831503E-05,0.0002169116,0.0009278767,0,0.002719514,1.252176E-09,0.000142425,3.640723E-05,0.0004758299,0.001526822,0.0003131635,8.314424E-06,0.002675066,0.004792464,0.0004412859,0.002274729,0.004607049,0.01385088,0.0005615521,0.002120745,0.0003948362,0.005469244,0.01419025,0.002014401,0.01587828,0.0002574599,0.006533701,0.009534298,0.0001057905,0.0004105466,0.0004925361,0.000119872,0.00638867,0.01735499,0.001593183,0.0004993635,2.393652E-07,0.01427256,0.003241011,0.0005090814,0.004362915,0.09430293,0.0468268,0.0692172,0.02446217,0.02903741,0.002878204
433,9.054815E-05,0.0004984342,0.0001221203,0.001675189,2.6456E-05,0.002570162,0.0002069739,0.01814256,0.006270767,0.08394642,0.01112404,0.01196556,0.004099792,0.003658675,0.002195832,0,0.00032973,1.411234E-05,0.0001591819,6.81962E-05,0.0002182634,0.0009373008,0,0.002750488,1.272203E-09,0.0001441683,3.676666E-05,0.0004776948,0.001543661,0.0003493588,9.031516E-06,0.002694809,0.004803922,0.000446017,0.002305028,0.004797567,0.01432117,0.0005679324,0.002101962,0.0003982668,0.005750427,0.01446413,0.002077175,0.01609567,0.0002572164,0.006542183,0.009602572,0.0001075977,0.0004124623,0.0005270687,0.0001034348,0.006274478,0.01930618,0.001727878,0.0005449216,2.584952E-07,0.01499646,0.003275488,0.0005111904,0.004463833,0.09521299,0.04800521,0.07037552,0.02572903,0.02948623,0.002788262
434,9.135202E-05,0.0005036546,0.0001241835,0.001680473,2.654122E-05,0.002621276,0.00020658,0.01816628,0.006388831,0.0843793,0.01123968,0.01201522,0.004353215,0.003642184,0.00220223,0,0.0002971682,1.301111E-05,0.0001484202,6.882832E-05,0.0002184646,0.0009455245,0,0.002767465,1.277926E-09,0.0001457875,3.716912E-05,0.0004773156,0.00153619,0.0003348032,9.558426E-06,0.002714263,0.004820024,0.0004491631,0.002312663,0.004952936,0.01482181,0.000575426,0.002091611,0.0003919655,0.005857133,0.0147705,0.002134769,0.01643497,0.0002569813,0.006546233,0.009421026,0.0001082083,0.0004110031,0.0005668617,9.540057E-05,0.005571493,0.01878791,0.001639787,0.0005352221,2.801858E-07,0.01542784,0.00331513,0.0005151128,0.00426135,0.09579458,0.04935365,0.07042766,0.02675809,0.02977445,0.002674839
435,9.164924E-05,0.0005065611,0.0001244977,0.001685879,2.662681E-05,0.002635785,0.0002062794,0.01817515,0.006486344,0.08454702,0.01133206,0.01205655,0.004543787,0.003626361,0.002204882,0,0.0003138092,1.325448E-05,0.000138574,6.894953E-05,0.0002197848,0.0009512047,0,0.00276649,1.26623E-09,0.0001470272,3.758895E-05,0.0004755745,0.001530117,0.0003029824,9.873894E-06,0.002731693,0.00483461,0.000450408,0.002304909,0.005152768,0.01530212,0.0005827188,0.002084024,0.0003809429,0.005858928,0.01508045,0.002201963,0.01675436,0.000256606,0.006544414,0.0092383,0.0001076112,0.0004097373,0.0006019803,8.795394E-05,0.006565133,0.02232203,0.001941936,0.0006702957,3.037788E-07,0.01587958,0.003356818,0.0005145776,0.00397032,0.09617245,0.05034461,0.07025641,0.02749754,0.02993169,0.002574851
436,9.21276E-05,0.0005104506,0.0001251502,0.001691232,2.671199E-05,0.00263225,0.0002059513,0.01819203,0.00658848,0.08489516,0.01142529,0.01211013,0.004677746,0.003607988,0.002215115,0,0.0002691725,1.219933E-05,0.0001325118,6.904432E-05,0.0002229843,0.0009573968,0,0.002771168,1.254793E-09,0.000148202,3.796895E-05,0.0004733817,0.001534619,0.000297206,1.030485E-05,0.002752119,0.004843772,0.0004502928,0.002288709,0.00532794,0.01575618,0.0005896468,0.00207249,0.0003735978,0.00601312,0.01538248,0.00225782,0.01704933,0.0002560656,0.00654092,0.009213849,0.0001061628,0.0004106351,0.000632528,8.162564E-05,0.005375091,0.02019492,0.001687533,0.000570825,3.282815E-07,0.01642004,0.003396391,0.0005092471,0.003752421,0.09665506,0.05108717,0.0704431,0.0280761,0.02997109,0.002515384
437,9.305141E-05,0.0005169166,0.0001270461,0.001696598,2.679759E-05,0.002654935,0.0002056343,0.01822549,0.006690335,0.08553172,0.01155496,0.01216734,0.004843029,0.003596171,0.002229461,0,0.0002294177,1.190965E-05,0.0001427609,6.976452E-05,0.0002241948,0.0009659355,0,0.002798384,1.252233E-09,0.0001492748,3.835891E-05,0.0004714019,0.001547933,0.0003200677,1.084955E-05,0.002774614,0.004858333,0.0004504161,0.002284914,0.005443845,0.01620529,0.0005963523,0.002063643,0.000373442,0.006261847,0.01568147,0.002293762,0.01733511,0.0002556781,0.006540184,0.009240586,0.0001053841,0.000411082,0.0006621433,7.419632E-05,0.004631805,0.01652405,0.001458605,0.000472831,3.519421E-07,0.01699529,0.003437064,0.0005030244,0.003723321,0.09702092,0.05172355,0.07040055,0.02865288,0.02988377,0.002488186
438,9.407939E-05,0.0005260914,0.0001297985,0.001702109,2.688502E-05,0.002706153,0.0002054429,0.01828784,0.006793351,0.08655608,0.01168241,0.01225868,0.005054264,0.003601277,0.002248512,0,0.0002206906,1.124516E-05,0.0001457382,7.083057E-05,0.0002277283,0.0009755969,0,0.00282474,1.254283E-09,0.0001502398,3.876914E-05,0.0004699794,0.001567667,0.0003322448,1.119925E-05,0.002797691,0.004884738,0.000451323,0.002298644,0.005429843,0.01653364,0.000601216,0.002062198,0.0003765372,0.006517488,0.01596237,0.002300503,0.01754899,0.0002556855,0.006543125,0.009263045,0.000105954,0.000410934,0.000686808,6.716537E-05,0.004286029,0.01478503,0.001537818,0.0004367576,3.690616E-07,0.01755192,0.00346355,0.000498981,0.003842689,0.09747706,0.0526142,0.07022479,0.02888583,0.02984886,0.00251898
439,9.494651E-05,0.0005371256,0.0001331344,0.001708257,2.69786E-05,0.002778517,0.0002056558,0.01842346,0.006876161,0.0879831,0.0118279,0.01236214,0.004796788,0.003629469,0.00226772,0,0.0002171592,9.505457E-06,0.0001328021,7.202772E-05,0.0002340009,0.000989601,0,0.002855968,1.270674E-09,0.0001520086,3.924409E-05,0.0004694384,0.001590227,0.0003200231,1.131554E-05,0.002828935,0.004924396,0.0004540833,0.002332972,0.005172293,0.01619771,0.0005931153,0.002068315,0.0003791279,0.006427564,0.0160014,0.002216298,0.0174633,0.0002561512,0.006554572,0.009234371,0.0001080707,0.0004105867,0.0006372941,6.540758E-05,0.003675139,0.0125568,0.001565815,0.0003853884,3.430922E-07,0.01693532,0.003456173,0.0005010175,0.004113656,0.09874138,0.05338672,0.07085738,0.02811257,0.03011387,0.002616476
440,9.472601E-05,0.0005412224,0.0001334215,0.00171633,2.70886E-05,0.002760126,0.0002061849,0.01856817,0.006823907,0.08900359,0.01183734,0.01239614,0.004252223,0.003671423,0.002265994,0,0.0002092102,6.04872E-06,7.852512E-05,7.37002E-05,0.000239584,0.001002663,0,0.00287698,1.279369E-09,0.0001533156,3.976214E-05,0.0004697266,0.001610848,0.0002977852,1.12077E-05,0.002854838,0.004975097,0.0004583962,0.002379288,0.004861769,0.01555617,0.0005832892,0.002083645,0.0003787756,0.006083956,0.01589163,0.002101276,0.01715501,0.0002571522,0.006568388,0.009215353,0.0001112266,0.0004068686,0.000574706,6.488334E-05,0.002535367,0.008469985,0.001327168,0.0002792721,3.086348E-07,0.01601214,0.003370972,0.0005081298,0.004485188,0.0998158,0.05394124,0.07140981,0.02699661,0.03057276,0.002742914
441,9.445773E-05,0.0005402674,0.0001321781,0.00172507,2.720315E-05,0.002703541,0.0002067944,0.01868973,0.006733715,0.0896451,0.01174064,0.01231586,0.003864224,0.003703536,0.002256213,0,0.0001764652,2.984753E-06,4.867848E-05,7.52081E-05,0.0002457771,0.001014254,0,0.002889648,1.28316E-09,0.0001548561,4.025094E-05,0.000470699,0.001623982,0.0002606227,1.062603E-05,0.0028669,0.005031745,0.0004637386,0.002432358,0.004547918,0.01471013,0.0005735969,0.002105486,0.0003776153,0.005674985,0.0155592,0.001980335,0.01660235,0.0002582844,0.00658112,0.009238593,0.0001151757,0.0004023302,0.0005225584,6.405602E-05,0.001236032,0.003888584,0.000760226,0.0001220873,2.72154E-07,0.01500065,0.003250545,0.0005207625,0.004945721,0.1008921,0.05363401,0.07228589,0.02563673,0.03073692,0.002864788
442,9.535561E-05,0.000539211,0.000132714,0.001732943,2.73099E-05,0.002711868,0.0002072836,0.01879033,0.006747116,0.090028,0.01168702,0.0122372,0.00345889,0.00372995,0.002264872,0,0.0001772853,3.068648E-06,3.737261E-05,7.528217E-05,0.0002439112,0.00102104,0,0.002865725,1.267856E-09,0.0001552422,4.039796E-05,0.0004723261,0.001600125,0.00020273,9.665278E-06,0.002836978,0.005080258,0.0004697343,0.00247835,0.004251604,0.01372725,0.0005638551,0.002123397,0.000377831,0.005279383,0.0150633,0.001863318,0.01593699,0.0002594395,0.006547694,0.00932947,0.0001187365,0.0003998608,0.0004730829,6.30751E-05,0.0009095665,0.002804706,0.0006295637,9.999621E-05,2.362022E-07,0.01400397,0.003159675,0.0005396642,0.005398716,0.1002783,0.04944177,0.07280635,0.02420591,0.02915361,0.002943874
443,9.568167E-05,0.0005374645,0.0001322376,0.001739704,2.741262E-05,0.002688436,0.0002074267,0.01883988,0.006853142,0.08981619,0.01168718,0.01221749,0.003477948,0.003731736,0.002267999,0,0.0001903098,6.059857E-06,3.209151E-05,7.38162E-05,0.0002439542,0.001029431,0,0.002878626,1.258582E-09,0.0001570091,4.046255E-05,0.0004743366,0.001593512,0.0001820973,8.72844E-06,0.0028115,0.005103742,0.0004754614,0.002523451,0.004134844,0.01340737,0.000556211,0.002127924,0.0003821712,0.005141257,0.01465765,0.001829501,0.01549683,0.0002600389,0.006542508,0.009466601,0.0001220731,0.0004033796,0.0004506659,5.738561E-05,0.001062729,0.002969677,0.0006993011,9.746142E-05,2.170355E-07,0.01410562,0.003154556,0.0005551581,0.005886705,0.1010543,0.04538496,0.07455466,0.02366899,0.02815808,0.002986354
444,9.536059E-05,0.0005371951,0.0001314675,0.001745875,2.751041E-05,0.002656696,0.000207167,0.01886576,0.00699436,0.0897387,0.01173915,0.01224689,0.003728626,0.003713292,0.002267781,0,0.0001959791,8.694428E-06,4.472947E-05,7.174542E-05,0.000241838,0.001037124,0,0.00290716,1.244048E-09,0.0001584728,4.069041E-05,0.0004773505,0.001603383,0.0002726733,8.380082E-06,0.002819483,0.005108187,0.0004805509,0.002561748,0.004253713,0.01372786,0.0005575006,0.002106851,0.0003876889,0.005318167,0.01474347,0.001869155,0.01555377,0.000259904,0.006551256,0.009592985,0.0001246704,0.0004071828,0.000471135,4.80952E-05,0.001658641,0.003993949,0.0009969138,0.0001174915,2.282019E-07,0.01482897,0.003190112,0.0005632261,0.006280758,0.1019501,0.0451255,0.07620084,0.02458105,0.02835272,0.002967553
